[{"nombre":"Efrem","apellidos":"Spurdle","fecha":"07-12-2022"},
{"nombre":"Loralyn","apellidos":"Haugh","fecha":"07-02-2023"},
{"nombre":"Wiatt","apellidos":"Veracruysse","fecha":"12-06-2023"},
{"nombre":"Kari","apellidos":"Niece","fecha":"11-12-2022"},
{"nombre":"Whit","apellidos":"Drewell","fecha":"03-12-2022"},
{"nombre":"Renaud","apellidos":"Hearl","fecha":"10-02-2023"},
{"nombre":"Alyosha","apellidos":"Hebborne","fecha":"14-02-2023"},
{"nombre":"Jobey","apellidos":"Morten","fecha":"28-04-2023"},
{"nombre":"Ermengarde","apellidos":"Vischi","fecha":"14-01-2023"},
{"nombre":"Lyle","apellidos":"Lieber","fecha":"18-09-2022"},
{"nombre":"Livvy","apellidos":"Cancellieri","fecha":"20-02-2023"},
{"nombre":"Virgie","apellidos":"Bohler","fecha":"31-01-2023"},
{"nombre":"Tucker","apellidos":"Weldrake","fecha":"15-02-2023"},
{"nombre":"Worthington","apellidos":"Chesterfield","fecha":"14-12-2022"},
{"nombre":"Sadye","apellidos":"Wanderschek","fecha":"17-09-2022"},
{"nombre":"Melba","apellidos":"Millhill","fecha":"30-03-2023"},
{"nombre":"Archibald","apellidos":"Beecraft","fecha":"22-05-2023"},
{"nombre":"Lou","apellidos":"Luckhurst","fecha":"16-09-2022"},
{"nombre":"Donni","apellidos":"Room","fecha":"29-04-2023"},
{"nombre":"Grier","apellidos":"Grayland","fecha":"27-04-2023"},
{"nombre":"Isabeau","apellidos":"Otton","fecha":"06-11-2022"},
{"nombre":"Igor","apellidos":"Perris","fecha":"13-10-2022"},
{"nombre":"Donni","apellidos":"Simonot","fecha":"12-05-2023"},
{"nombre":"Eydie","apellidos":"Edbrooke","fecha":"29-12-2022"},
{"nombre":"Kimmi","apellidos":"Daft","fecha":"03-02-2023"},
{"nombre":"Ber","apellidos":"Bindin","fecha":"06-11-2022"},
{"nombre":"Dusty","apellidos":"Creevy","fecha":"03-10-2022"},
{"nombre":"Desi","apellidos":"Guerrieri","fecha":"28-01-2023"},
{"nombre":"Lotta","apellidos":"Poulton","fecha":"16-01-2023"},
{"nombre":"Richmound","apellidos":"Gourley","fecha":"06-11-2022"},
{"nombre":"Rufe","apellidos":"Kittredge","fecha":"05-10-2022"},
{"nombre":"Elfrida","apellidos":"Mewes","fecha":"02-01-2023"},
{"nombre":"Lana","apellidos":"Soggee","fecha":"11-03-2023"},
{"nombre":"Denver","apellidos":"Keay","fecha":"01-05-2023"},
{"nombre":"Joey","apellidos":"Scrivener","fecha":"02-01-2023"},
{"nombre":"Shelby","apellidos":"Sowrey","fecha":"28-02-2023"},
{"nombre":"Karia","apellidos":"Cordeiro","fecha":"10-06-2023"},
{"nombre":"Bernadine","apellidos":"Crinage","fecha":"01-02-2023"},
{"nombre":"Archy","apellidos":"Hardwick","fecha":"08-02-2023"},
{"nombre":"Tab","apellidos":"Goudman","fecha":"08-06-2023"},
{"nombre":"Becky","apellidos":"Faucherand","fecha":"07-06-2023"},
{"nombre":"Yoshiko","apellidos":"Doyle","fecha":"01-10-2022"},
{"nombre":"Bree","apellidos":"Perago","fecha":"10-02-2023"},
{"nombre":"Leta","apellidos":"Stemson","fecha":"28-11-2022"},
{"nombre":"Iain","apellidos":"Sharrocks","fecha":"07-01-2023"},
{"nombre":"Fran","apellidos":"Cutress","fecha":"05-06-2023"},
{"nombre":"Dennis","apellidos":"Pibsworth","fecha":"11-10-2022"},
{"nombre":"Almeta","apellidos":"Belfield","fecha":"10-03-2023"},
{"nombre":"Gray","apellidos":"Kinsey","fecha":"23-09-2022"},
{"nombre":"Merl","apellidos":"Mighele","fecha":"25-12-2022"},
{"nombre":"Dido","apellidos":"Pautot","fecha":"01-10-2022"},
{"nombre":"Elvina","apellidos":"Readshall","fecha":"20-03-2023"},
{"nombre":"Phyllida","apellidos":"Goldhill","fecha":"06-12-2022"},
{"nombre":"Marlee","apellidos":"Downage","fecha":"16-01-2023"},
{"nombre":"Leela","apellidos":"Delf","fecha":"12-12-2022"},
{"nombre":"Noni","apellidos":"McKeighen","fecha":"15-03-2023"},
{"nombre":"Tatiana","apellidos":"Trenear","fecha":"21-03-2023"},
{"nombre":"Isador","apellidos":"Sellor","fecha":"23-09-2022"},
{"nombre":"Mirna","apellidos":"Loudwell","fecha":"27-10-2022"},
{"nombre":"Jacklin","apellidos":"Hallsworth","fecha":"09-02-2023"},
{"nombre":"Timothee","apellidos":"Moyse","fecha":"27-05-2023"},
{"nombre":"Camella","apellidos":"Hauxwell","fecha":"01-05-2023"},
{"nombre":"Catlee","apellidos":"Bonafacino","fecha":"03-10-2022"},
{"nombre":"Kippar","apellidos":"Norvill","fecha":"03-12-2022"},
{"nombre":"Augustina","apellidos":"Gopsell","fecha":"31-12-2022"},
{"nombre":"Ilario","apellidos":"Cramphorn","fecha":"01-03-2023"},
{"nombre":"Mollee","apellidos":"Ruos","fecha":"25-12-2022"},
{"nombre":"Steffane","apellidos":"Dumphries","fecha":"22-03-2023"},
{"nombre":"Liesa","apellidos":"Haslam","fecha":"28-02-2023"},
{"nombre":"Kathryne","apellidos":"Jerman","fecha":"15-12-2022"},
{"nombre":"Marcos","apellidos":"Gosnoll","fecha":"30-01-2023"},
{"nombre":"Shaughn","apellidos":"Cromett","fecha":"08-01-2023"},
{"nombre":"Jobyna","apellidos":"Parffrey","fecha":"20-09-2022"},
{"nombre":"Mikael","apellidos":"Smalman","fecha":"03-04-2023"},
{"nombre":"Tymon","apellidos":"Hornung","fecha":"10-01-2023"},
{"nombre":"Nathaniel","apellidos":"Coldrick","fecha":"26-09-2022"},
{"nombre":"Pattie","apellidos":"McClay","fecha":"18-02-2023"},
{"nombre":"Eveleen","apellidos":"Juschke","fecha":"13-05-2023"},
{"nombre":"Audrye","apellidos":"Burnyate","fecha":"20-11-2022"},
{"nombre":"Atalanta","apellidos":"Bishell","fecha":"02-01-2023"},
{"nombre":"Helenka","apellidos":"Valeri","fecha":"08-06-2023"},
{"nombre":"Tris","apellidos":"Wasiela","fecha":"14-10-2022"},
{"nombre":"Uriah","apellidos":"Curneen","fecha":"09-06-2023"},
{"nombre":"Cameron","apellidos":"Simeon","fecha":"03-05-2023"},
{"nombre":"Hubey","apellidos":"Obray","fecha":"05-02-2023"},
{"nombre":"Audi","apellidos":"McDill","fecha":"21-03-2023"},
{"nombre":"Seka","apellidos":"Santore","fecha":"08-04-2023"},
{"nombre":"Lexine","apellidos":"Kybert","fecha":"08-11-2022"},
{"nombre":"Cathlene","apellidos":"Grishenkov","fecha":"11-11-2022"},
{"nombre":"Hastie","apellidos":"Sellwood","fecha":"25-03-2023"},
{"nombre":"Ronalda","apellidos":"Hagland","fecha":"15-01-2023"},
{"nombre":"Joyous","apellidos":"Trees","fecha":"12-04-2023"},
{"nombre":"Nial","apellidos":"Leonards","fecha":"05-01-2023"},
{"nombre":"Gordon","apellidos":"Hele","fecha":"09-10-2022"},
{"nombre":"Tiffany","apellidos":"Hibling","fecha":"29-10-2022"},
{"nombre":"Gerianna","apellidos":"Ingry","fecha":"09-12-2022"},
{"nombre":"Cleopatra","apellidos":"Shepheard","fecha":"30-09-2022"},
{"nombre":"Winna","apellidos":"Atwell","fecha":"04-06-2023"},
{"nombre":"Stearne","apellidos":"Figures","fecha":"12-09-2022"},
{"nombre":"Tanitansy","apellidos":"Leist","fecha":"10-04-2023"},
{"nombre":"Mellisa","apellidos":"MacColl","fecha":"06-02-2023"},
{"nombre":"Lorry","apellidos":"Martynikhin","fecha":"01-03-2023"},
{"nombre":"Aron","apellidos":"Rosenfeld","fecha":"26-02-2023"},
{"nombre":"Cindi","apellidos":"Christoffe","fecha":"22-11-2022"},
{"nombre":"Pyotr","apellidos":"Parrin","fecha":"15-11-2022"},
{"nombre":"Davina","apellidos":"Batterbee","fecha":"09-02-2023"},
{"nombre":"Lonna","apellidos":"Handy","fecha":"29-12-2022"},
{"nombre":"Alana","apellidos":"Chandlar","fecha":"14-12-2022"},
{"nombre":"Elsbeth","apellidos":"Josephson","fecha":"07-01-2023"},
{"nombre":"Kristy","apellidos":"Darragon","fecha":"30-05-2023"},
{"nombre":"Eugenie","apellidos":"Foxon","fecha":"04-03-2023"},
{"nombre":"Cathy","apellidos":"Munt","fecha":"14-10-2022"},
{"nombre":"Bruis","apellidos":"Sprakes","fecha":"01-04-2023"},
{"nombre":"Marybeth","apellidos":"Classen","fecha":"17-12-2022"},
{"nombre":"Ragnar","apellidos":"Mann","fecha":"03-01-2023"},
{"nombre":"Cirilo","apellidos":"Raikes","fecha":"06-01-2023"},
{"nombre":"Kate","apellidos":"Hebner","fecha":"14-06-2023"},
{"nombre":"Tremain","apellidos":"Riggert","fecha":"18-02-2023"},
{"nombre":"Merrielle","apellidos":"Easterfield","fecha":"23-05-2023"},
{"nombre":"Caroljean","apellidos":"Nelson","fecha":"19-12-2022"},
{"nombre":"Patrice","apellidos":"Matterson","fecha":"19-11-2022"},
{"nombre":"Kayley","apellidos":"Crone","fecha":"17-09-2022"},
{"nombre":"Hillyer","apellidos":"LaBastida","fecha":"21-05-2023"},
{"nombre":"Ardelle","apellidos":"Royal","fecha":"04-03-2023"},
{"nombre":"Marchelle","apellidos":"Sendall","fecha":"01-03-2023"},
{"nombre":"Corey","apellidos":"Margrett","fecha":"01-12-2022"},
{"nombre":"Christabel","apellidos":"Mincher","fecha":"28-03-2023"},
{"nombre":"Dicky","apellidos":"Lamberti","fecha":"24-12-2022"},
{"nombre":"Dennison","apellidos":"Billion","fecha":"06-04-2023"},
{"nombre":"Rodd","apellidos":"Gyngell","fecha":"24-10-2022"},
{"nombre":"Eddy","apellidos":"Loveredge","fecha":"12-01-2023"},
{"nombre":"Rafferty","apellidos":"Hierro","fecha":"09-04-2023"},
{"nombre":"Felike","apellidos":"Dymoke","fecha":"02-02-2023"},
{"nombre":"Allyn","apellidos":"Bygate","fecha":"27-11-2022"},
{"nombre":"Jemie","apellidos":"Richter","fecha":"11-03-2023"},
{"nombre":"Mickie","apellidos":"Caddock","fecha":"17-03-2023"},
{"nombre":"Jessy","apellidos":"Feltoe","fecha":"05-03-2023"},
{"nombre":"Paige","apellidos":"Mussen","fecha":"23-09-2022"},
{"nombre":"Andy","apellidos":"Godsafe","fecha":"01-11-2022"},
{"nombre":"April","apellidos":"Dahlman","fecha":"26-09-2022"},
{"nombre":"Agneta","apellidos":"Eyers","fecha":"01-06-2023"},
{"nombre":"Anny","apellidos":"Dinsmore","fecha":"31-05-2023"},
{"nombre":"Ruprecht","apellidos":"Northidge","fecha":"13-11-2022"},
{"nombre":"Tedie","apellidos":"Watters","fecha":"29-03-2023"},
{"nombre":"Alica","apellidos":"Fairweather","fecha":"02-10-2022"},
{"nombre":"Lammond","apellidos":"Dimock","fecha":"13-06-2023"},
{"nombre":"Jorey","apellidos":"Huddlestone","fecha":"31-03-2023"},
{"nombre":"Jard","apellidos":"Tyers","fecha":"20-11-2022"},
{"nombre":"Arvin","apellidos":"Neeson","fecha":"22-03-2023"},
{"nombre":"Regan","apellidos":"Davenhill","fecha":"06-06-2023"},
{"nombre":"Dasie","apellidos":"Whiteford","fecha":"14-10-2022"},
{"nombre":"Elga","apellidos":"Vasiljevic","fecha":"21-05-2023"},
{"nombre":"Artemus","apellidos":"Janny","fecha":"17-11-2022"},
{"nombre":"Diannne","apellidos":"Radley","fecha":"18-03-2023"},
{"nombre":"Clim","apellidos":"Stollwerk","fecha":"18-09-2022"},
{"nombre":"Demetris","apellidos":"Gronno","fecha":"05-06-2023"},
{"nombre":"Aileen","apellidos":"Van den Dael","fecha":"20-05-2023"},
{"nombre":"Vere","apellidos":"O'Geneay","fecha":"02-06-2023"},
{"nombre":"Herta","apellidos":"Goodfellow","fecha":"25-11-2022"},
{"nombre":"Rodney","apellidos":"Lill","fecha":"10-01-2023"},
{"nombre":"Nataline","apellidos":"Baldack","fecha":"31-03-2023"},
{"nombre":"Meredeth","apellidos":"Dearing","fecha":"09-02-2023"},
{"nombre":"Hildegaard","apellidos":"MacConnel","fecha":"02-12-2022"},
{"nombre":"Beatriz","apellidos":"Sprackling","fecha":"14-03-2023"},
{"nombre":"Augustine","apellidos":"Bellhouse","fecha":"12-01-2023"},
{"nombre":"Pepita","apellidos":"Munro","fecha":"01-06-2023"},
{"nombre":"Viola","apellidos":"Drillingcourt","fecha":"17-01-2023"},
{"nombre":"Melloney","apellidos":"Tingley","fecha":"11-06-2023"},
{"nombre":"Dorisa","apellidos":"Vernau","fecha":"02-02-2023"},
{"nombre":"Mackenzie","apellidos":"Glancy","fecha":"12-12-2022"},
{"nombre":"Cordell","apellidos":"Rushmare","fecha":"23-04-2023"},
{"nombre":"Nate","apellidos":"Savary","fecha":"21-10-2022"},
{"nombre":"Dolores","apellidos":"Stovine","fecha":"22-12-2022"},
{"nombre":"Whittaker","apellidos":"Farre","fecha":"15-10-2022"},
{"nombre":"Gisella","apellidos":"Rickarsey","fecha":"05-05-2023"},
{"nombre":"Ezechiel","apellidos":"MacFadden","fecha":"06-01-2023"},
{"nombre":"Loree","apellidos":"Gutteridge","fecha":"27-09-2022"},
{"nombre":"Erwin","apellidos":"Dibbs","fecha":"08-02-2023"},
{"nombre":"Artie","apellidos":"Gilsthorpe","fecha":"08-12-2022"},
{"nombre":"Annecorinne","apellidos":"Moon","fecha":"05-11-2022"},
{"nombre":"Aluin","apellidos":"Trassler","fecha":"30-12-2022"},
{"nombre":"Aluino","apellidos":"Guerra","fecha":"01-03-2023"},
{"nombre":"Pru","apellidos":"Bunker","fecha":"19-01-2023"},
{"nombre":"Pooh","apellidos":"Budnik","fecha":"30-12-2022"},
{"nombre":"Gabriello","apellidos":"Lashford","fecha":"25-01-2023"},
{"nombre":"Grier","apellidos":"McKniely","fecha":"13-02-2023"},
{"nombre":"Valentia","apellidos":"Eckersall","fecha":"28-11-2022"},
{"nombre":"Lorilee","apellidos":"Tym","fecha":"05-11-2022"},
{"nombre":"Mari","apellidos":"Sancias","fecha":"01-06-2023"},
{"nombre":"Donn","apellidos":"Oriel","fecha":"05-04-2023"},
{"nombre":"Goddart","apellidos":"Chimenti","fecha":"12-06-2023"},
{"nombre":"Thatcher","apellidos":"Abram","fecha":"14-12-2022"},
{"nombre":"Ivan","apellidos":"Janicek","fecha":"13-05-2023"},
{"nombre":"Gaile","apellidos":"Mainson","fecha":"09-01-2023"},
{"nombre":"Roobbie","apellidos":"Rothchild","fecha":"13-02-2023"},
{"nombre":"Esra","apellidos":"Boyson","fecha":"24-04-2023"},
{"nombre":"Ewell","apellidos":"Fingleton","fecha":"16-05-2023"},
{"nombre":"Lynnette","apellidos":"Jeanneau","fecha":"07-02-2023"},
{"nombre":"Tilly","apellidos":"Avent","fecha":"23-09-2022"},
{"nombre":"Kirbie","apellidos":"Meiner","fecha":"21-09-2022"}]