[{"importe":3247,"fecha":"12/01/2023"},
{"importe":3208,"fecha":"21/05/2024"},
{"importe":2071,"fecha":"19/02/2023"},
{"importe":2761,"fecha":"16/03/2024"},
{"importe":4240,"fecha":"22/05/2020"},
{"importe":3189,"fecha":"09/05/2021"},
{"importe":390,"fecha":"16/09/2022"},
{"importe":441,"fecha":"21/08/2022"},
{"importe":1568,"fecha":"02/05/2023"},
{"importe":1061,"fecha":"31/07/2020"},
{"importe":4764,"fecha":"16/07/2022"},
{"importe":2328,"fecha":"29/05/2020"},
{"importe":3250,"fecha":"04/07/2024"},
{"importe":2372,"fecha":"23/04/2020"},
{"importe":472,"fecha":"07/09/2022"},
{"importe":3736,"fecha":"18/09/2021"},
{"importe":2608,"fecha":"20/01/2021"},
{"importe":2624,"fecha":"12/01/2021"},
{"importe":1976,"fecha":"09/01/2022"},
{"importe":1631,"fecha":"19/12/2022"},
{"importe":3600,"fecha":"18/08/2023"},
{"importe":1016,"fecha":"18/02/2024"},
{"importe":3695,"fecha":"13/02/2021"},
{"importe":4997,"fecha":"17/02/2022"},
{"importe":233,"fecha":"25/05/2024"},
{"importe":3554,"fecha":"07/06/2024"},
{"importe":2212,"fecha":"19/01/2023"},
{"importe":2342,"fecha":"23/04/2022"},
{"importe":3416,"fecha":"18/11/2021"},
{"importe":1097,"fecha":"13/07/2021"},
{"importe":326,"fecha":"05/01/2024"},
{"importe":3443,"fecha":"08/06/2023"},
{"importe":2439,"fecha":"15/04/2021"},
{"importe":2685,"fecha":"21/02/2023"},
{"importe":527,"fecha":"15/06/2022"},
{"importe":4775,"fecha":"04/03/2022"},
{"importe":4088,"fecha":"09/06/2021"},
{"importe":2546,"fecha":"23/12/2023"},
{"importe":3433,"fecha":"06/03/2023"},
{"importe":2860,"fecha":"26/12/2020"},
{"importe":1148,"fecha":"05/07/2020"},
{"importe":4811,"fecha":"26/03/2023"},
{"importe":4108,"fecha":"21/08/2024"},
{"importe":1359,"fecha":"27/10/2023"},
{"importe":679,"fecha":"23/11/2022"},
{"importe":1145,"fecha":"27/10/2022"},
{"importe":4628,"fecha":"28/06/2022"},
{"importe":520,"fecha":"07/11/2023"},
{"importe":4857,"fecha":"05/06/2020"},
{"importe":4559,"fecha":"28/04/2024"},
{"importe":4806,"fecha":"17/01/2022"},
{"importe":2743,"fecha":"26/07/2021"},
{"importe":1987,"fecha":"10/01/2023"},
{"importe":1049,"fecha":"19/07/2024"},
{"importe":1679,"fecha":"01/12/2022"},
{"importe":789,"fecha":"27/09/2022"},
{"importe":3009,"fecha":"30/04/2022"},
{"importe":1172,"fecha":"26/09/2024"},
{"importe":3298,"fecha":"21/07/2021"},
{"importe":2966,"fecha":"12/07/2024"},
{"importe":2879,"fecha":"07/06/2020"},
{"importe":2399,"fecha":"07/05/2024"},
{"importe":986,"fecha":"29/12/2022"},
{"importe":222,"fecha":"07/04/2022"},
{"importe":1141,"fecha":"08/02/2023"},
{"importe":4858,"fecha":"05/01/2024"},
{"importe":1313,"fecha":"12/12/2021"},
{"importe":1669,"fecha":"16/07/2020"},
{"importe":4054,"fecha":"21/06/2023"},
{"importe":4355,"fecha":"31/03/2022"},
{"importe":4335,"fecha":"02/02/2020"},
{"importe":1541,"fecha":"30/10/2021"},
{"importe":725,"fecha":"29/11/2023"},
{"importe":4300,"fecha":"10/06/2024"},
{"importe":930,"fecha":"21/12/2022"},
{"importe":3461,"fecha":"30/08/2023"},
{"importe":4003,"fecha":"15/10/2023"},
{"importe":2516,"fecha":"07/12/2021"},
{"importe":2412,"fecha":"12/02/2020"},
{"importe":3678,"fecha":"23/09/2024"},
{"importe":3692,"fecha":"23/09/2024"},
{"importe":877,"fecha":"27/05/2024"},
{"importe":961,"fecha":"02/02/2022"},
{"importe":1191,"fecha":"01/03/2020"},
{"importe":3708,"fecha":"22/04/2022"},
{"importe":2921,"fecha":"27/01/2020"},
{"importe":3029,"fecha":"06/03/2022"},
{"importe":2546,"fecha":"13/01/2022"},
{"importe":1685,"fecha":"09/04/2020"},
{"importe":3363,"fecha":"11/09/2022"},
{"importe":4301,"fecha":"17/06/2020"},
{"importe":3671,"fecha":"27/12/2020"},
{"importe":715,"fecha":"07/02/2020"},
{"importe":3886,"fecha":"03/12/2024"},
{"importe":3408,"fecha":"22/07/2020"},
{"importe":4085,"fecha":"05/01/2023"},
{"importe":927,"fecha":"23/12/2023"},
{"importe":4935,"fecha":"08/07/2023"},
{"importe":4618,"fecha":"16/10/2021"},
{"importe":2747,"fecha":"16/11/2022"},
{"importe":1148,"fecha":"21/10/2024"},
{"importe":2919,"fecha":"19/03/2024"},
{"importe":3727,"fecha":"16/10/2024"},
{"importe":2198,"fecha":"18/11/2023"},
{"importe":2225,"fecha":"04/12/2021"},
{"importe":2163,"fecha":"31/12/2022"},
{"importe":645,"fecha":"08/12/2021"},
{"importe":1217,"fecha":"03/11/2020"},
{"importe":1087,"fecha":"11/05/2020"},
{"importe":2796,"fecha":"12/01/2024"},
{"importe":2653,"fecha":"16/04/2021"},
{"importe":1064,"fecha":"27/01/2023"},
{"importe":2904,"fecha":"10/04/2022"},
{"importe":787,"fecha":"02/05/2021"},
{"importe":2478,"fecha":"29/11/2022"},
{"importe":3514,"fecha":"28/08/2020"},
{"importe":3507,"fecha":"03/06/2021"},
{"importe":3271,"fecha":"26/04/2024"},
{"importe":4098,"fecha":"12/05/2022"},
{"importe":2900,"fecha":"15/08/2021"},
{"importe":2487,"fecha":"04/04/2023"},
{"importe":312,"fecha":"28/09/2021"},
{"importe":1503,"fecha":"30/10/2021"},
{"importe":2335,"fecha":"19/12/2022"},
{"importe":966,"fecha":"27/10/2021"},
{"importe":3402,"fecha":"01/04/2022"},
{"importe":850,"fecha":"07/04/2020"},
{"importe":1652,"fecha":"11/10/2023"},
{"importe":3907,"fecha":"02/05/2024"},
{"importe":2825,"fecha":"05/05/2020"},
{"importe":1740,"fecha":"17/08/2020"},
{"importe":2836,"fecha":"11/02/2020"},
{"importe":3684,"fecha":"13/02/2021"},
{"importe":1680,"fecha":"25/11/2024"},
{"importe":4569,"fecha":"28/05/2020"},
{"importe":1122,"fecha":"10/11/2022"},
{"importe":3309,"fecha":"29/04/2022"},
{"importe":4608,"fecha":"25/06/2021"},
{"importe":2832,"fecha":"07/12/2020"},
{"importe":2990,"fecha":"05/10/2020"},
{"importe":896,"fecha":"09/04/2022"},
{"importe":4182,"fecha":"28/11/2023"},
{"importe":769,"fecha":"03/06/2020"},
{"importe":4084,"fecha":"25/02/2022"},
{"importe":4296,"fecha":"05/03/2022"},
{"importe":4022,"fecha":"05/01/2020"},
{"importe":3321,"fecha":"04/05/2022"},
{"importe":3560,"fecha":"13/12/2022"},
{"importe":2528,"fecha":"15/08/2020"},
{"importe":3758,"fecha":"11/04/2024"},
{"importe":3312,"fecha":"30/10/2024"},
{"importe":1147,"fecha":"20/05/2023"},
{"importe":3404,"fecha":"23/09/2023"},
{"importe":3435,"fecha":"28/06/2024"},
{"importe":735,"fecha":"25/11/2022"},
{"importe":3315,"fecha":"22/08/2021"},
{"importe":3224,"fecha":"04/11/2021"},
{"importe":4359,"fecha":"14/07/2024"},
{"importe":3086,"fecha":"11/03/2023"},
{"importe":460,"fecha":"22/01/2024"},
{"importe":1723,"fecha":"13/09/2020"},
{"importe":631,"fecha":"05/04/2022"},
{"importe":2704,"fecha":"27/09/2024"},
{"importe":1607,"fecha":"03/07/2024"},
{"importe":2025,"fecha":"16/11/2020"},
{"importe":3664,"fecha":"05/04/2024"},
{"importe":4065,"fecha":"27/01/2024"},
{"importe":3943,"fecha":"30/05/2023"},
{"importe":292,"fecha":"21/12/2022"},
{"importe":3758,"fecha":"26/05/2020"},
{"importe":585,"fecha":"22/01/2024"},
{"importe":1234,"fecha":"02/05/2023"},
{"importe":782,"fecha":"14/05/2024"},
{"importe":4185,"fecha":"18/02/2023"},
{"importe":2577,"fecha":"06/11/2024"},
{"importe":1214,"fecha":"17/05/2024"},
{"importe":1074,"fecha":"23/05/2023"},
{"importe":2763,"fecha":"30/11/2020"},
{"importe":1054,"fecha":"24/12/2022"},
{"importe":2589,"fecha":"11/11/2023"},
{"importe":906,"fecha":"09/12/2020"},
{"importe":1190,"fecha":"28/02/2020"},
{"importe":3999,"fecha":"19/09/2020"},
{"importe":4224,"fecha":"13/08/2024"},
{"importe":2186,"fecha":"26/11/2021"},
{"importe":2323,"fecha":"21/04/2021"},
{"importe":2956,"fecha":"25/06/2024"},
{"importe":3532,"fecha":"07/10/2023"},
{"importe":2266,"fecha":"06/09/2021"},
{"importe":4202,"fecha":"16/08/2023"},
{"importe":3275,"fecha":"09/10/2023"},
{"importe":4461,"fecha":"08/04/2023"},
{"importe":1080,"fecha":"20/07/2024"},
{"importe":1498,"fecha":"15/01/2023"},
{"importe":4335,"fecha":"29/06/2021"},
{"importe":4290,"fecha":"28/06/2022"},
{"importe":4758,"fecha":"15/06/2023"},
{"importe":1785,"fecha":"29/07/2024"},
{"importe":2912,"fecha":"09/06/2022"},
{"importe":4735,"fecha":"25/02/2024"}]