-- phpMyAdmin SQL Dump
-- version 5.2.1
-- https://www.phpmyadmin.net/
--
-- Servidor: localhost:3306
-- Tiempo de generación: 13-06-2023 a las 17:23:47
-- Versión del servidor: 5.7.42-0ubuntu0.18.04.1
-- Versión de PHP: 8.0.28

SET SQL_MODE = "NO_AUTO_VALUE_ON_ZERO";
START TRANSACTION;
SET time_zone = "+00:00";


/*!40101 SET @OLD_CHARACTER_SET_CLIENT=@@CHARACTER_SET_CLIENT */;
/*!40101 SET @OLD_CHARACTER_SET_RESULTS=@@CHARACTER_SET_RESULTS */;
/*!40101 SET @OLD_COLLATION_CONNECTION=@@COLLATION_CONNECTION */;
/*!40101 SET NAMES utf8mb4 */;

--
-- Base de datos: `pmeagon_proyecto_web`
--

-- --------------------------------------------------------

--
-- Estructura de tabla para la tabla `asuntos_citas`
--

CREATE TABLE `asuntos_citas` (
  `id_asunto` int(11) NOT NULL,
  `asunto` varchar(30) NOT NULL
) ENGINE=InnoDB DEFAULT CHARSET=utf8mb4;

--
-- Volcado de datos para la tabla `asuntos_citas`
--

INSERT INTO `asuntos_citas` (`id_asunto`, `asunto`) VALUES
(1, 'Instalacion'),
(4, 'Medicion'),
(2, 'Presupuesto'),
(3, 'Reparacion');

-- --------------------------------------------------------

--
-- Estructura de tabla para la tabla `asuntos_formulario_contacto`
--

CREATE TABLE `asuntos_formulario_contacto` (
  `id_asunto_formulario_contacto` int(11) NOT NULL,
  `asunto_formulario_contacto` varchar(30) NOT NULL
) ENGINE=InnoDB DEFAULT CHARSET=utf8mb4;

--
-- Volcado de datos para la tabla `asuntos_formulario_contacto`
--

INSERT INTO `asuntos_formulario_contacto` (`id_asunto_formulario_contacto`, `asunto_formulario_contacto`) VALUES
(1, 'Dudas y consultas'),
(4, 'Informar de un error'),
(2, 'Presupuesto'),
(3, 'Quejas y reclamaciones');

-- --------------------------------------------------------

--
-- Estructura de tabla para la tabla `citas`
--

CREATE TABLE `citas` (
  `id_cita` int(11) NOT NULL,
  `id_cliente` int(11) NOT NULL,
  `fecha_cita` varchar(10) NOT NULL,
  `hora_cita` time NOT NULL,
  `estado` int(11) NOT NULL,
  `direccion_cita` varchar(200) NOT NULL,
  `productos` int(11) NOT NULL,
  `asunto` int(11) NOT NULL,
  `anotaciones` varchar(200) NOT NULL
) ENGINE=InnoDB DEFAULT CHARSET=utf8mb4;

--
-- Volcado de datos para la tabla `citas`
--

INSERT INTO `citas` (`id_cita`, `id_cliente`, `fecha_cita`, `hora_cita`, `estado`, `direccion_cita`, `productos`, `asunto`, `anotaciones`) VALUES
(1, 12, '01-06-2023', '10:00:00', 1, 'Calle Principal 123', 1, 1, ''),
(2, 25, '02-06-2023', '14:30:00', 2, 'Avenida Central 456', 2, 2, 'Detalles específicos del proyecto'),
(3, 39, '03-06-2023', '09:45:00', 3, 'Plaza Mayor 789', 3, 3, 'Interesado en opciones de financiamiento'),
(4, 43, '04-06-2023', '11:00:00', 4, 'Calle Secundaria 321', 1, 4, 'Necesita presupuesto detallado'),
(5, 58, '05-06-2023', '15:30:00', 1, 'Avenida Principal 789', 2, 1, 'Requiere información adicional'),
(6, 62, '06-06-2023', '10:45:00', 2, 'Plaza Central 456', 3, 2, 'Aclaración sobre el proceso de pago'),
(7, 76, '07-06-2023', '12:15:00', 3, 'Calle Mayor 123', 1, 3, 'Confirmar disponibilidad de productos'),
(8, 54, '08-06-2023', '16:30:00', 4, 'Avenida Secundaria 789', 2, 4, 'Necesita atención urgente'),
(9, 9, '09-06-2023', '09:00:00', 1, 'Plaza Principal 456', 3, 1, ''),
(10, 15, '10-06-2023', '13:45:00', 2, 'Calle Central 123', 1, 2, 'Solicitud de catálogo de productos'),
(11, 28, '11-06-2023', '11:30:00', 3, 'Avenida Mayor 789', 2, 3, 'Reprogramación de cita'),
(12, 31, '12-06-2023', '15:15:00', 4, 'Plaza Secundaria 456', 3, 4, 'Información sobre envío'),
(13, 46, '13-06-2023', '09:30:00', 1, 'Calle Principal 123', 1, 1, 'Solicitar muestra de producto'),
(14, 52, '14-06-2023', '14:00:00', 2, 'Avenida Central 456', 2, 2, 'Consulta sobre disponibilidad'),
(15, 67, '15-06-2023', '10:15:00', 3, 'Plaza Mayor 789', 3, 3, 'Reclamación por producto defectuoso'),
(16, 21, '11-06-2023', '10:00:00', 1, 'Calle Principal 123', 1, 1, ''),
(17, 25, '15-06-2023', '14:30:00', 2, 'Avenida Central 456', 2, 2, 'Detalles específicos del proyecto'),
(18, 39, '13-06-2023', '09:45:00', 3, 'Plaza Mayor 789', 3, 3, 'Interesado en opciones de financiamiento'),
(19, 43, '24-06-2023', '11:00:00', 4, 'Calle Secundaria 321', 1, 4, 'Necesita presupuesto detallado'),
(20, 58, '26-06-2023', '15:30:00', 1, 'Avenida Principal 789', 2, 1, 'Requiere información adicional'),
(21, 12, '27-06-2023', '10:00:00', 1, 'Calle Principal 123', 1, 1, ''),
(22, 25, '28-06-2023', '14:30:00', 2, 'Avenida Central 456', 2, 2, 'Detalles específicos del proyecto'),
(23, 39, '29-06-2023', '09:45:00', 3, 'Plaza Mayor 789', 3, 3, 'Interesado en opciones de financiamiento'),
(24, 43, '30-06-2023', '11:00:00', 4, 'Calle Secundaria 321', 1, 4, 'Necesita presupuesto detallado'),
(25, 58, '05-07-2023', '15:30:00', 1, 'Avenida Principal 789', 2, 1, 'Requiere información adicional'),
(26, 62, '06-07-2023', '10:45:00', 2, 'Plaza Central 456', 3, 2, 'Aclaración sobre el proceso de pago'),
(27, 76, '07-07-2023', '12:15:00', 3, 'Calle Mayor 123', 1, 3, 'Confirmar disponibilidad de productos'),
(28, 54, '08-07-2023', '16:30:00', 4, 'Avenida Secundaria 789', 2, 4, 'Necesita atención urgente'),
(29, 9, '09-07-2023', '09:00:00', 1, 'Plaza Principal 456', 3, 1, ''),
(30, 15, '10-07-2023', '13:45:00', 2, 'Calle Central 123', 1, 2, 'Solicitud de catálogo de productos');

-- --------------------------------------------------------

--
-- Estructura de tabla para la tabla `clientes`
--

CREATE TABLE `clientes` (
  `id_cliente` int(11) NOT NULL,
  `id_usuario` int(11) NOT NULL,
  `nombre` varchar(30) NOT NULL,
  `apellidos` varchar(30) NOT NULL,
  `email` varchar(30) NOT NULL,
  `direccion` varchar(50) NOT NULL
) ENGINE=InnoDB DEFAULT CHARSET=utf8mb4;

--
-- Volcado de datos para la tabla `clientes`
--

INSERT INTO `clientes` (`id_cliente`, `id_usuario`, `nombre`, `apellidos`, `email`, `direccion`) VALUES
(1, 5, 'María', 'Gómez', 'maria.gomez@example.com', 'Calle Principal 123'),
(2, 6, 'Luis', 'García', 'luis.garcia@example.com', 'Avenida Central 456'),
(3, 7, 'Ana', 'Rodríguez', 'ana.rodriguez@example.com', 'Paseo del Sol 789'),
(4, 8, 'Carlos', 'Martínez', 'carlos.martinez@example.com', 'Carrera 10 234'),
(5, 9, 'Laura', 'López', 'laura.lopez@example.com', 'Plaza Mayor 567'),
(6, 10, 'Pedro', 'Sánchez', 'pedro.sanchez@example.com', 'Avenida Libertad 890'),
(7, 11, 'Sofía', 'Romero', 'sofia.romero@example.com', 'Calle del Río 123'),
(8, 12, 'Pablo', 'Torres', 'pablo.torres@example.com', 'Avenida Principal 456'),
(9, 13, 'Isabel', 'González', 'isabel.gonzalez@example.com', 'Paseo Real 789'),
(10, 14, 'Manuel', 'Jiménez', 'manuel.jimenez@example.com', 'Carrera 20 234'),
(11, 15, 'Carmen', 'Vargas', 'carmen.vargas@example.com', 'Plaza Central 567'),
(12, 16, 'Francisco', 'Morales', 'francisco.morales@example.com', 'Avenida del Sol 890'),
(13, 17, 'Elena', 'Castro', 'elena.castro@example.com', 'Calle Mayor 123'),
(14, 18, 'Javier', 'Navarro', 'javier.navarro@example.com', 'Avenida Libertadores 456'),
(15, 19, 'Silvia', 'Ortega', 'silvia.ortega@example.com', 'Paseo del Parque 789'),
(16, 20, 'Ricardo', 'Méndez', 'ricardo.mendez@example.com', 'Carrera Real 234'),
(17, 21, 'Roberto', 'Mendoza', 'roberto.mendoza@example.com', 'Plaza Principal 567'),
(18, 22, 'Patricia', 'Silva', 'patricia.silva@example.com', 'Avenida Central 890'),
(19, 23, 'Andrés', 'Morales', 'andres.morales@example.com', 'Calle del Sol 123'),
(20, 24, 'Valeria', 'Ortega', 'valeria.ortega@example.com', 'Paseo Mayor 456'),
(21, 25, 'Ricardo', 'Méndez', 'ricardo.mendez2@example.com', 'Carrera Principal 789'),
(22, 26, 'Mariana', 'Torres', 'mariana.torres@example.com', 'Avenida Central 234'),
(23, 27, 'Eduardo', 'Navarro', 'eduardo.navarro@example.com', 'Paseo del Río 567'),
(24, 28, 'Laura', 'Sánchez', 'laura.sanchez@example.com', 'Calle Libertad 890'),
(25, 29, 'Daniel', 'Gómez', 'daniel.gomez1@example.com', 'Avenida Mayor 123'),
(26, 30, 'Carolina', 'Martínez', 'carolina.martinez@example.com', '123 Main St'),
(27, 31, 'Gabriel', 'Vargas', 'gabriel.vargas@example.com', '456 Elm St'),
(28, 32, 'María', 'Castro', 'maria.castro@example.com', '789 Oak St'),
(29, 33, 'Gonzalo', 'Jiménez', 'gonzalo.jimenez@example.com', '987 Pine St'),
(30, 34, 'Paula', 'Gómez', 'paula.gomez@example.com', '654 Maple St'),
(31, 35, 'Luisa', 'López', 'luisa.lopez@example.com', '321 Cedar St'),
(32, 36, 'Héctor', 'Torres', 'hector.torres@example.com', '654 Oak St'),
(33, 37, 'Isabel', 'Morales', 'isabel.morales@example.com', '987 Elm St'),
(34, 38, 'Fernando', 'Silva', 'fernando.silva@example.com', '123 Pine St'),
(35, 39, 'Alejandra', 'Mendoza', 'alejandra.mendoza@example.com', '456 Maple St'),
(36, 40, 'Raúl', 'Ortega', 'raul.ortega@example.com', '789 Cedar St'),
(37, 41, 'Catalina', 'Méndez', 'catalina.mendez@example.com', '987 Oak St'),
(38, 42, 'Gustavo', 'Navarro', 'gustavo.navarro@example.com', '654 Pine St'),
(39, 43, 'Daniela', 'Romero', 'daniela.romero@example.com', '321 Elm St'),
(40, 44, 'Manuel', 'Vargas', 'manuel.vargas@example.com', '654 Cedar St'),
(41, 45, 'Carolina', 'Torres', 'carolina.torres@example.com', '987 Oak St'),
(42, 46, 'José', 'Sánchez', 'jose.sanchez@example.com', '123 Pine St'),
(43, 47, 'Sofía', 'Castro', 'sofia.castro@example.com', '456 Maple St'),
(44, 48, 'Pedro', 'Jiménez', 'pedro.jimenez@example.com', '789 Cedar St'),
(45, 49, 'Laura', 'Gómez', 'laura.gomez@example.com', '987 Oak St'),
(46, 50, 'Andrea', 'López', 'andrea.lopez@example.com', '654 Pine St'),
(47, 51, 'Miguel', 'Silva', 'miguel.silva@example.com', '321 Elm St'),
(48, 52, 'Valentina', 'Ortega', 'valentina.ortega@example.com', '654 Cedar St'),
(49, 53, 'Pablo', 'Méndez', 'pablo.mendez1@example.com', '987 Oak St'),
(50, 54, 'Gabriela', 'Navarro', 'gabriela.navarro@example.com', '123 Pine St'),
(51, 55, 'Javier', 'Romero', 'javier.romero@example.com', '456 Maple St'),
(52, 56, 'María', 'Vargas', 'maria.vargas@example.com', '789 Cedar St'),
(53, 57, 'Cristian', 'Torres', 'cristian.torres@example.com', '987 Oak St'),
(54, 58, 'Alejandra', 'Sánchez', 'alejandra.sanchez@example.com', '654 Pine St'),
(55, 59, 'Diego', 'Castro', 'diego.castro@example.com', '321 Elm St'),
(56, 60, 'Florencia', 'Jiménez', 'florencia.jimenez@example.com', '654 Cedar St'),
(57, 61, 'Sebastián', 'Gómez', 'sebastian.gomez@example.com', '987 Oak St'),
(58, 62, 'Camila', 'López', 'camila.lopez@example.com', '123 Pine St'),
(59, 63, 'Ricardo', 'Silva', 'ricardo.silva@example.com', '456 Maple St'),
(60, 64, 'Isabella', 'Ortega', 'isabella.ortega@example.com', '789 Cedar St'),
(61, 65, 'Juan', 'Méndez', 'juan.mendez@example.com', '987 Oak St'),
(62, 66, 'Valeria', 'Navarro', 'valeria.navarro@example.com', '654 Pine St'),
(63, 67, 'Javier', 'Romero', 'javier.romero1@example.com', '321 Elm St'),
(64, 68, 'Sofía', 'Vargas', 'sofia.vargas@example.com', '654 Cedar St'),
(65, 69, 'Matías', 'Torres', 'matias.torres@example.com', '987 Oak St'),
(66, 70, 'Carolina', 'Sánchez', 'carolina.sanchez@example.com', '123 Pine St'),
(67, 71, 'Gabriel', 'Castro', 'gabriel.castro@example.com', '456 Maple St'),
(68, 72, 'María', 'Jiménez', 'maria.jimenez@example.com', '789 Cedar St'),
(69, 73, 'Daniel', 'Gómez', 'daniel.gomez@example.com', '987 Oak St'),
(70, 74, 'Florencia', 'López', 'florencia.lopez@example.com', '654 Pine St'),
(71, 75, 'Andrés', 'Silva', 'andres.silva@example.com', '321 Elm St'),
(72, 76, 'Valentina', 'Ortega', 'valentina.ortega1@example.com', '654 Cedar St'),
(73, 77, 'Pablo', 'Méndez', 'pablo.mendez@example.com', '987 Oak St'),
(74, 78, 'Camila', 'Navarro', 'camila.navarro@example.com', '123 Pine St'),
(75, 79, 'Diego', 'Romero', 'diego.romero@example.com', '456 Maple St'),
(76, 80, 'Julieta', 'Vargas', 'julieta.vargas@example.com', '789 Cedar St');

-- --------------------------------------------------------

--
-- Estructura de tabla para la tabla `consultas`
--

CREATE TABLE `consultas` (
  `id_consulta` int(11) NOT NULL,
  `id_usuario` int(11) NOT NULL,
  `estado_consulta` int(30) NOT NULL,
  `asunto` int(11) NOT NULL,
  `email` varchar(30) NOT NULL,
  `mensaje` text NOT NULL
) ENGINE=InnoDB DEFAULT CHARSET=utf8;

--
-- Volcado de datos para la tabla `consultas`
--

INSERT INTO `consultas` (`id_consulta`, `id_usuario`, `estado_consulta`, `asunto`, `email`, `mensaje`) VALUES
(1, 52, 1, 1, 'usuario1@example.com', 'Hola, tengo algunas dudas sobre el funcionamiento del producto. ¿Podrían ayudarme?'),
(2, 17, 2, 2, 'usuario2@example.com', 'Hola, he encontrado un error en la página de inicio. ¿Podrían solucionarlo lo antes posible?'),
(3, 69, 1, 2, 'usuario3@example.com', 'Buenas tardes, me gustaría solicitar un presupuesto para el servicio que ofrecen.'),
(4, 33, 3, 3, 'usuario4@example.com', 'Hola, quisiera presentar una queja sobre el servicio recibido. No ha sido satisfactorio.'),
(5, 5, 1, 1, 'usuario5@example.com', 'Hola, tengo algunas preguntas sobre los precios de sus productos. ¿Podrían proporcionarme más información?'),
(6, 42, 2, 2, 'usuario6@example.com', 'Hola, encontré un problema con el formulario de contacto. No puedo enviar mensajes.'),
(7, 11, 1, 2, 'usuario7@example.com', 'Buenos días, necesitaría un presupuesto detallado para el proyecto que estamos planeando.'),
(8, 68, 3, 1, 'usuario8@example.com', 'Hola, necesito saber si aceptan pagos con tarjeta de crédito.'),
(9, 23, 2, 3, 'usuario9@example.com', 'Buenas tardes, estoy bastante descontento con el trato recibido por parte de su personal.'),
(10, 75, 1, 1, 'usuario10@example.com', 'Hola, me gustaría obtener más detalles sobre las características del producto que vi en su página web.'),
(11, 31, 2, 2, 'usuario11@example.com', 'Buenas tardes, necesito un presupuesto ajustado a nuestras necesidades específicas.'),
(12, 63, 3, 4, 'usuario12@example.com', 'Hola, he encontrado un fallo en la última versión de su aplicación móvil.'),
(13, 9, 1, 1, 'usuario13@example.com', 'Hola, ¿pueden proporcionarme un manual de uso detallado para el producto?'),
(14, 55, 2, 1, 'usuario14@example.com', 'Buenos días, tengo algunas consultas sobre las opciones de envío disponibles.'),
(15, 26, 3, 2, 'usuario15@example.com', 'Hola, necesitaría un presupuesto lo más pronto posible para poder tomar una decisión.'),
(16, 72, 1, 3, 'usuario16@example.com', 'Hola, quisiera presentar una reclamación por la calidad del producto que recibí.'),
(17, 37, 2, 1, 'usuario17@example.com', 'Hola, necesito saber si ofrecen descuentos para clientes recurrentes.'),
(18, 74, 1, 1, 'usuario18@example.com', 'Buenas tardes, me gustaría obtener más información sobre los plazos de entrega.'),
(19, 47, 3, 2, 'usuario19@example.com', 'Hola, necesitaría un presupuesto personalizado de acuerdo a nuestras necesidades.'),
(20, 3, 2, 4, 'usuario20@example.com', 'Hola, encontré un error en el proceso de pago. No puedo completar la transacción.'),
(21, 52, 2, 1, 'usuario1@example.com', 'Hola, tengo algunas dudas sobre el funcionamiento del producto. ¿Podrían ayudarme?'),
(22, 17, 3, 2, 'usuario2@example.com', 'Hola, he encontrado un error en la página de inicio. ¿Podrían solucionarlo lo antes posible?'),
(23, 49, 2, 2, 'usuario3@example.com', 'Buenas tardes, me gustaría solicitar un presupuesto para el servicio que ofrecen.'),
(24, 33, 1, 3, 'usuario4@example.com', 'Hola, quisiera presentar una queja sobre el servicio recibido. No ha sido satisfactorio.'),
(25, 5, 2, 1, 'usuario5@example.com', 'Hola, tengo algunas preguntas sobre los precios de sus productos. ¿Podrían proporcionarme más información?'),
(26, 42, 3, 2, 'usuario6@example.com', 'Hola, encontré un problema con el formulario de contacto. No puedo enviar mensajes.'),
(27, 11, 2, 2, 'usuario7@example.com', 'Buenos días, necesitaría un presupuesto detallado para el proyecto que estamos planeando.'),
(28, 68, 1, 1, 'usuario8@example.com', 'Hola, necesito saber si aceptan pagos con tarjeta de crédito.'),
(29, 23, 3, 3, 'usuario9@example.com', 'Buenas tardes, estoy bastante descontento con el trato recibido por parte de su personal.'),
(30, 75, 2, 1, 'usuario10@example.com', 'Hola, me gustaría obtener más detalles sobre las características del producto que vi en su página web.'),
(31, 31, 3, 2, 'usuario11@example.com', 'Buenas tardes, necesito un presupuesto ajustado a nuestras necesidades específicas.'),
(32, 63, 1, 4, 'usuario12@example.com', 'Hola, he encontrado un fallo en la última versión de su aplicación móvil.'),
(33, 9, 2, 1, 'usuario13@example.com', 'Hola, ¿pueden proporcionarme un manual de uso detallado para el producto?'),
(34, 55, 3, 1, 'usuario14@example.com', 'Buenos días, tengo algunas consultas sobre las opciones de envío disponibles.'),
(35, 26, 1, 2, 'usuario15@example.com', 'Hola, necesitaría un presupuesto lo más pronto posible para poder tomar una decisión.'),
(36, 72, 2, 3, 'usuario16@example.com', 'Hola, quisiera presentar una reclamación por la calidad del producto que recibí.'),
(37, 37, 3, 1, 'usuario17@example.com', 'Hola, necesito saber si ofrecen descuentos para clientes recurrentes.'),
(38, 34, 2, 1, 'usuario18@example.com', 'Buenas tardes, me gustaría obtener más información sobre los plazos de entrega.'),
(39, 47, 1, 2, 'usuario19@example.com', 'Hola, necesitaría un presupuesto personalizado de acuerdo a nuestras necesidades.'),
(40, 3, 3, 4, 'usuario20@example.com', 'Hola, encontré un error en el proceso de pago. No puedo completar la transacción.'),
(41, 52, 3, 1, 'usuario1@example.com', 'Hola, tengo algunas dudas sobre el funcionamiento del producto. ¿Podrían ayudarme?'),
(42, 17, 1, 2, 'usuario2@example.com', 'Hola, he encontrado un error en la página de inicio. ¿Podrían solucionarlo lo antes posible?'),
(43, 73, 3, 2, 'usuario3@example.com', 'Buenas tardes, me gustaría solicitar un presupuesto para el servicio que ofrecen.'),
(44, 33, 2, 3, 'usuario4@example.com', 'Hola, quisiera presentar una queja sobre el servicio recibido. No ha sido satisfactorio.'),
(45, 5, 3, 1, 'usuario5@example.com', 'Hola, tengo algunas preguntas sobre los precios de sus productos. ¿Podrían proporcionarme más información?'),
(46, 42, 1, 2, 'usuario6@example.com', 'Hola, encontré un problema con el formulario de contacto. No puedo enviar mensajes.'),
(47, 11, 3, 2, 'usuario7@example.com', 'Buenos días, necesitaría un presupuesto detallado para el proyecto que estamos planeando.'),
(48, 68, 2, 1, 'usuario8@example.com', 'Hola, necesito saber si aceptan pagos con tarjeta de crédito.'),
(49, 23, 1, 3, 'usuario9@example.com', 'Buenas tardes, estoy bastante descontento con el trato recibido por parte de su personal.'),
(50, 75, 3, 1, 'usuario10@example.com', 'Hola, me gustaría obtener más detalles sobre las características del producto que vi en su página web.'),
(51, 31, 1, 2, 'usuario11@example.com', 'Buenas tardes, necesito un presupuesto ajustado a nuestras necesidades específicas.'),
(52, 63, 2, 4, 'usuario12@example.com', 'Hola, he encontrado un fallo en la última versión de su aplicación móvil.'),
(53, 9, 3, 1, 'usuario13@example.com', 'Hola, ¿pueden proporcionarme un manual de uso detallado para el producto?'),
(54, 55, 1, 1, 'usuario14@example.com', 'Buenos días, tengo algunas consultas sobre las opciones de envío disponibles.'),
(55, 26, 2, 2, 'usuario15@example.com', 'Hola, necesitaría un presupuesto lo más pronto posible para poder tomar una decisión.'),
(56, 72, 3, 3, 'usuario16@example.com', 'Hola, quisiera presentar una reclamación por la calidad del producto que recibí.'),
(57, 37, 1, 1, 'usuario17@example.com', 'Hola, necesito saber si ofrecen descuentos para clientes recurrentes.'),
(58, 57, 3, 1, 'usuario18@example.com', 'Buenas tardes, me gustaría obtener más información sobre los plazos de entrega.'),
(59, 47, 2, 2, 'usuario19@example.com', 'Hola, necesitaría un presupuesto personalizado de acuerdo a nuestras necesidades.'),
(60, 3, 1, 4, 'usuario20@example.com', 'Hola, encontré un error en el proceso de pago. No puedo completar la transacción.');

-- --------------------------------------------------------

--
-- Estructura de tabla para la tabla `estados_cita`
--

CREATE TABLE `estados_cita` (
  `id_estado_cita` int(11) NOT NULL,
  `estado_cita` varchar(20) NOT NULL
) ENGINE=InnoDB DEFAULT CHARSET=utf8;

--
-- Volcado de datos para la tabla `estados_cita`
--

INSERT INTO `estados_cita` (`id_estado_cita`, `estado_cita`) VALUES
(1, 'Pendiente_aprobar'),
(2, 'Pendiente'),
(3, 'Proceso'),
(4, 'Finalizada');

-- --------------------------------------------------------

--
-- Estructura de tabla para la tabla `estado_consulta`
--

CREATE TABLE `estado_consulta` (
  `id_estado_consulta` int(11) NOT NULL,
  `estado_consulta` varchar(30) NOT NULL
) ENGINE=InnoDB DEFAULT CHARSET=utf8;

--
-- Volcado de datos para la tabla `estado_consulta`
--

INSERT INTO `estado_consulta` (`id_estado_consulta`, `estado_consulta`) VALUES
(1, 'Contestacion_pendiente'),
(2, 'Proceso'),
(3, 'Finalizada');

-- --------------------------------------------------------

--
-- Estructura de tabla para la tabla `huertos`
--

CREATE TABLE `huertos` (
  `id_huerto` int(11) NOT NULL,
  `id_cliente` int(11) NOT NULL,
  `nombre_huerto` varchar(30) NOT NULL,
  `ubicacion` varchar(100) NOT NULL,
  `imagen` longblob NOT NULL,
  `fecha_instalacion` date NOT NULL,
  `notas` varchar(1000) NOT NULL,
  `ancho` int(11) NOT NULL,
  `largo` int(11) NOT NULL,
  `alto` int(11) NOT NULL
) ENGINE=InnoDB DEFAULT CHARSET=utf8mb4;

--
-- Volcado de datos para la tabla `huertos`
--

INSERT INTO `huertos` (`id_huerto`, `id_cliente`, `nombre_huerto`, `ubicacion`, `imagen`, `fecha_instalacion`, `notas`, `ancho`, `largo`, `alto`) VALUES
(1, 1, 'Habitación', '123 Calle Principal', 0x727574615f696d6167656e312e6a7067, '2023-05-31', 'Notas de la habitación', 10, 20, 5),
(2, 1, 'Comedor', '456 Avenida Central', 0x727574615f696d6167656e322e6a7067, '2023-05-31', 'Notas del comedor', 8, 15, 3),
(3, 1, 'Salón', '789 Calle Secundaria', 0x727574615f696d6167656e332e6a7067, '2023-05-31', 'Notas del salón', 12, 18, 4),
(4, 2, 'Habitación', '321 Calle Principal', 0x727574615f696d6167656e342e6a7067, '2023-05-31', 'Notas de la habitación', 10, 20, 5),
(5, 2, 'Comedor', '654 Avenida Central', 0x727574615f696d6167656e352e6a7067, '2023-05-31', 'Notas del comedor', 8, 15, 3),
(6, 2, 'Salón', '987 Calle Secundaria', 0x727574615f696d6167656e362e6a7067, '2023-05-31', 'Notas del salón', 12, 18, 4),
(7, 3, 'Habitación', '135 Calle Principal', 0x727574615f696d6167656e372e6a7067, '2023-05-31', 'Notas de la habitación', 10, 20, 5),
(8, 3, 'Comedor', '753 Avenida Central', 0x727574615f696d6167656e382e6a7067, '2023-05-31', 'Notas del comedor', 8, 15, 3),
(9, 3, 'Salón', '246 Calle Secundaria', 0x727574615f696d6167656e392e6a7067, '2023-05-31', 'Notas del salón', 12, 18, 4),
(10, 4, 'Habitación', '975 Calle Principal', 0x727574615f696d6167656e31302e6a7067, '2023-05-31', 'Notas de la habitación', 10, 20, 5),
(11, 4, 'Comedor', '864 Avenida Central', 0x727574615f696d6167656e31312e6a7067, '2023-05-31', 'Notas del comedor', 8, 15, 3),
(12, 5, 'Habitación', '246 Calle Principal', 0x727574615f696d6167656e31322e6a7067, '2023-05-31', 'Notas de la habitación', 10, 20, 5),
(13, 5, 'Comedor', '753 Avenida Central', 0x727574615f696d6167656e31332e6a7067, '2023-05-31', 'Notas del comedor', 8, 15, 3),
(14, 5, 'Salón', '975 Calle Secundaria', 0x727574615f696d6167656e31342e6a7067, '2023-05-31', 'Notas del salón', 12, 18, 4),
(15, 6, 'Habitación', '531 Calle Principal', 0x727574615f696d6167656e31352e6a7067, '2023-05-31', 'Notas de la habitación', 10, 20, 5),
(16, 6, 'Comedor', '246 Avenida Central', 0x727574615f696d6167656e31362e6a7067, '2023-05-31', 'Notas del comedor', 8, 15, 3),
(17, 6, 'Salón', '975 Calle Secundaria', 0x727574615f696d6167656e31372e6a7067, '2023-05-31', 'Notas del salón', 12, 18, 4),
(18, 7, 'Habitación', '531 Calle Principal', 0x727574615f696d6167656e31382e6a7067, '2023-05-31', 'Notas de la habitación', 10, 20, 5),
(19, 7, 'Comedor', '246 Avenida Central', 0x727574615f696d6167656e31392e6a7067, '2023-05-31', 'Notas del comedor', 8, 15, 3),
(20, 7, 'Salón', '975 Calle Secundaria', 0x727574615f696d6167656e32302e6a7067, '2023-05-31', 'Notas del salón', 12, 18, 4),
(21, 8, 'Habitación', '531 Calle Principal', 0x727574615f696d6167656e32312e6a7067, '2023-05-31', 'Notas de la habitación', 10, 20, 5),
(22, 8, 'Comedor', '246 Avenida Central', 0x727574615f696d6167656e32322e6a7067, '2023-05-31', 'Notas del comedor', 8, 15, 3),
(23, 8, 'Salón', '975 Calle Secundaria', 0x727574615f696d6167656e32332e6a7067, '2023-05-31', 'Notas del salón', 12, 18, 4),
(24, 9, 'Habitación', '531 Calle Principal', 0x727574615f696d6167656e32342e6a7067, '2023-05-31', 'Notas de la habitación', 10, 20, 5),
(25, 9, 'Comedor', '246 Avenida Central', 0x727574615f696d6167656e32352e6a7067, '2023-05-31', 'Notas del comedor', 8, 15, 3),
(26, 9, 'Salón', '975 Calle Secundaria', 0x727574615f696d6167656e32362e6a7067, '2023-05-31', 'Notas del salón', 12, 18, 4),
(27, 10, 'Habitación', '531 Calle Principal', 0x727574615f696d6167656e32372e6a7067, '2023-05-31', 'Notas de la habitación', 10, 20, 5),
(28, 10, 'Comedor', '246 Avenida Central', 0x727574615f696d6167656e32382e6a7067, '2023-05-31', 'Notas del comedor', 8, 15, 3),
(29, 10, 'Salón', '975 Calle Secundaria', 0x727574615f696d6167656e32392e6a7067, '2023-05-31', 'Notas del salón', 12, 18, 4),
(30, 11, 'Habitación', '531 Calle Principal', 0x727574615f696d6167656e33302e6a7067, '2023-05-31', 'Notas de la habitación', 10, 20, 5),
(31, 11, 'Comedor', '246 Avenida Central', 0x727574615f696d6167656e33312e6a7067, '2023-05-31', 'Notas del comedor', 8, 15, 3),
(32, 11, 'Salón', '975 Calle Secundaria', 0x727574615f696d6167656e33322e6a7067, '2023-05-31', 'Notas del salón', 12, 18, 4),
(33, 12, 'Habitación', '531 Calle Principal', 0x727574615f696d6167656e33332e6a7067, '2023-05-31', 'Notas de la habitación', 10, 20, 5),
(34, 12, 'Comedor', '246 Avenida Central', 0x727574615f696d6167656e33342e6a7067, '2023-05-31', 'Notas del comedor', 8, 15, 3),
(35, 12, 'Salón', '975 Calle Secundaria', 0x727574615f696d6167656e33352e6a7067, '2023-05-31', 'Notas del salón', 12, 18, 4),
(36, 13, 'Habitación', '531 Calle Principal', 0x727574615f696d6167656e33362e6a7067, '2023-05-31', 'Notas de la habitación', 10, 20, 5),
(37, 13, 'Comedor', '246 Avenida Central', 0x727574615f696d6167656e33372e6a7067, '2023-05-31', 'Notas del comedor', 8, 15, 3),
(38, 13, 'Salón', '975 Calle Secundaria', 0x727574615f696d6167656e33382e6a7067, '2023-05-31', 'Notas del salón', 12, 18, 4),
(39, 14, 'Habitación', '531 Calle Principal', 0x727574615f696d6167656e33392e6a7067, '2023-05-31', 'Notas de la habitación', 10, 20, 5),
(40, 14, 'Comedor', '246 Avenida Central', 0x727574615f696d6167656e34302e6a7067, '2023-05-31', 'Notas del comedor', 8, 15, 3),
(41, 14, 'Salón', '975 Calle Secundaria', 0x727574615f696d6167656e34312e6a7067, '2023-05-31', 'Notas del salón', 12, 18, 4),
(42, 15, 'Habitación', '531 Calle Principal', 0x727574615f696d6167656e34322e6a7067, '2023-05-31', 'Notas de la habitación', 10, 20, 5),
(43, 15, 'Comedor', '246 Avenida Central', 0x727574615f696d6167656e34332e6a7067, '2023-05-31', 'Notas del comedor', 8, 15, 3),
(44, 15, 'Salón', '975 Calle Secundaria', 0x727574615f696d6167656e34342e6a7067, '2023-05-31', 'Notas del salón', 12, 18, 4),
(45, 16, 'Habitación', '531 Calle Principal', 0x727574615f696d6167656e34352e6a7067, '2023-05-31', 'Notas de la habitación', 10, 20, 5),
(46, 16, 'Comedor', '246 Avenida Central', 0x727574615f696d6167656e34362e6a7067, '2023-05-31', 'Notas del comedor', 8, 15, 3),
(47, 16, 'Salón', '975 Calle Secundaria', 0x727574615f696d6167656e34372e6a7067, '2023-05-31', 'Notas del salón', 12, 18, 4),
(48, 17, 'Habitación', '531 Calle Principal', 0x727574615f696d6167656e34382e6a7067, '2023-05-31', 'Notas de la habitación', 10, 20, 5),
(49, 17, 'Comedor', '246 Avenida Central', 0x727574615f696d6167656e34392e6a7067, '2023-05-31', 'Notas del comedor', 8, 15, 3),
(50, 17, 'Salón', '975 Calle Secundaria', 0x727574615f696d6167656e35302e6a7067, '2023-05-31', 'Notas del salón', 12, 18, 4),
(51, 18, 'Habitación', '531 Calle Principal', 0x727574615f696d6167656e35312e6a7067, '2023-05-31', 'Notas de la habitación', 10, 20, 5),
(52, 18, 'Comedor', '246 Avenida Central', 0x727574615f696d6167656e35322e6a7067, '2023-05-31', 'Notas del comedor', 8, 15, 3),
(53, 18, 'Salón', '975 Calle Secundaria', 0x727574615f696d6167656e35332e6a7067, '2023-05-31', 'Notas del salón', 12, 18, 4),
(54, 19, 'Habitación', '531 Calle Principal', 0x727574615f696d6167656e35342e6a7067, '2023-05-31', 'Notas de la habitación', 10, 20, 5),
(55, 19, 'Comedor', '246 Avenida Central', 0x727574615f696d6167656e35352e6a7067, '2023-05-31', 'Notas del comedor', 8, 15, 3),
(56, 19, 'Salón', '975 Calle Secundaria', 0x727574615f696d6167656e35362e6a7067, '2023-05-31', 'Notas del salón', 12, 18, 4),
(57, 20, 'Habitación', '531 Calle Principal', 0x727574615f696d6167656e35372e6a7067, '2023-05-31', 'Notas de la habitación', 10, 20, 5),
(58, 20, 'Comedor', '246 Avenida Central', 0x727574615f696d6167656e35382e6a7067, '2023-05-31', 'Notas del comedor', 8, 15, 3),
(59, 20, 'Salón', '975 Calle Secundaria', 0x727574615f696d6167656e35392e6a7067, '2023-05-31', 'Notas del salón', 12, 18, 4),
(60, 21, 'Habitación', '531 Calle Principal', 0x727574615f696d6167656e36302e6a7067, '2023-05-31', 'Notas de la habitación', 10, 20, 5),
(61, 21, 'Comedor', '246 Avenida Central', 0x727574615f696d6167656e36312e6a7067, '2023-05-31', 'Notas del comedor', 8, 15, 3),
(62, 21, 'Salón', '975 Calle Secundaria', 0x727574615f696d6167656e36322e6a7067, '2023-05-31', 'Notas del salón', 12, 18, 4),
(63, 22, 'Habitación', '531 Calle Principal', 0x727574615f696d6167656e36332e6a7067, '2023-05-31', 'Notas de la habitación', 10, 20, 5),
(64, 22, 'Comedor', '246 Avenida Central', 0x727574615f696d6167656e36342e6a7067, '2023-05-31', 'Notas del comedor', 8, 15, 3),
(65, 22, 'Salón', '975 Calle Secundaria', 0x727574615f696d6167656e36352e6a7067, '2023-05-31', 'Notas del salón', 12, 18, 4),
(66, 23, 'Habitación', '531 Calle Principal', 0x727574615f696d6167656e36362e6a7067, '2023-05-31', 'Notas de la habitación', 10, 20, 5),
(67, 23, 'Comedor', '246 Avenida Central', 0x727574615f696d6167656e36372e6a7067, '2023-05-31', 'Notas del comedor', 8, 15, 3),
(68, 23, 'Salón', '975 Calle Secundaria', 0x727574615f696d6167656e36382e6a7067, '2023-05-31', 'Notas del salón', 12, 18, 4),
(69, 24, 'Habitación', '531 Calle Principal', 0x727574615f696d6167656e36392e6a7067, '2023-05-31', 'Notas de la habitación', 10, 20, 5),
(70, 24, 'Comedor', '246 Avenida Central', 0x727574615f696d6167656e37302e6a7067, '2023-05-31', 'Notas del comedor', 8, 15, 3),
(71, 24, 'Salón', '975 Calle Secundaria', 0x727574615f696d6167656e37312e6a7067, '2023-05-31', 'Notas del salón', 12, 18, 4),
(72, 25, 'Habitación', '531 Calle Principal', 0x727574615f696d6167656e37322e6a7067, '2023-05-31', 'Notas de la habitación', 10, 20, 5),
(73, 25, 'Comedor', '246 Avenida Central', 0x727574615f696d6167656e37332e6a7067, '2023-05-31', 'Notas del comedor', 8, 15, 3),
(74, 25, 'Salón', '975 Calle Secundaria', 0x727574615f696d6167656e37342e6a7067, '2023-05-31', 'Notas del salón', 12, 18, 4),
(75, 25, 'Habitación', '123 Calle Principal', 0x727574615f696d6167656e37352e6a7067, '2023-05-31', 'Notas de la habitación', 10, 20, 5),
(76, 26, 'Comedor', '456 Avenida Central', 0x727574615f696d6167656e37362e6a7067, '2023-05-31', 'Notas del comedor', 8, 15, 3),
(77, 27, 'Salón', '789 Calle Secundaria', 0x727574615f696d6167656e37372e6a7067, '2023-05-31', 'Notas del salón', 12, 18, 4),
(78, 28, 'Habitación', '321 Calle Principal', 0x727574615f696d6167656e37382e6a7067, '2023-05-31', 'Notas de la habitación', 10, 20, 5),
(79, 29, 'Comedor', '654 Avenida Central', 0x727574615f696d6167656e37392e6a7067, '2023-05-31', 'Notas del comedor', 8, 15, 3),
(80, 30, 'Salón', '987 Calle Secundaria', 0x727574615f696d6167656e38302e6a7067, '2023-05-31', 'Notas del salón', 12, 18, 4),
(81, 31, 'Habitación', '135 Calle Principal', 0x727574615f696d6167656e38312e6a7067, '2023-05-31', 'Notas de la habitación', 10, 20, 5),
(82, 32, 'Comedor', '753 Avenida Central', 0x727574615f696d6167656e38322e6a7067, '2023-05-31', 'Notas del comedor', 8, 15, 3),
(83, 33, 'Salón', '246 Calle Secundaria', 0x727574615f696d6167656e38332e6a7067, '2023-05-31', 'Notas del salón', 12, 18, 4),
(84, 25, 'Habitación', '975 Calle Principal', 0x727574615f696d6167656e38342e6a7067, '2023-05-31', 'Notas de la habitación', 10, 20, 5),
(85, 26, 'Comedor', '864 Avenida Central', 0x727574615f696d6167656e38352e6a7067, '2023-05-31', 'Notas del comedor', 8, 15, 3),
(86, 27, 'Habitación', '246 Calle Principal', 0x727574615f696d6167656e38362e6a7067, '2023-05-31', 'Notas de la habitación', 10, 20, 5),
(87, 28, 'Comedor', '753 Avenida Central', 0x727574615f696d6167656e38372e6a7067, '2023-05-31', 'Notas del comedor', 8, 15, 3),
(88, 29, 'Salón', '975 Calle Secundaria', 0x727574615f696d6167656e38382e6a7067, '2023-05-31', 'Notas del salón', 12, 18, 4),
(89, 30, 'Habitación', '135 Calle Principal', 0x727574615f696d6167656e38392e6a7067, '2023-05-31', 'Notas de la habitación', 10, 20, 5),
(90, 31, 'Comedor', '753 Avenida Central', 0x727574615f696d6167656e39302e6a7067, '2023-05-31', 'Notas del comedor', 8, 15, 3),
(91, 32, 'Salón', '246 Calle Secundaria', 0x727574615f696d6167656e39312e6a7067, '2023-05-31', 'Notas del salón', 12, 18, 4),
(92, 33, 'Habitación', '975 Calle Principal', 0x727574615f696d6167656e39322e6a7067, '2023-05-31', 'Notas de la habitación', 10, 20, 5),
(93, 34, 'Comedor', '864 Avenida Central', 0x727574615f696d6167656e39332e6a7067, '2023-05-31', 'Notas del comedor', 8, 15, 3),
(94, 35, 'Habitación', '246 Calle Principal', 0x727574615f696d6167656e39342e6a7067, '2023-05-31', 'Notas de la habitación', 10, 20, 5),
(95, 36, 'Comedor', '753 Avenida Central', 0x727574615f696d6167656e39352e6a7067, '2023-05-31', 'Notas del comedor', 8, 15, 3),
(96, 37, 'Salón', '975 Calle Secundaria', 0x727574615f696d6167656e39362e6a7067, '2023-05-31', 'Notas del salón', 12, 18, 4),
(97, 25, 'Habitación', '135 Calle Principal', 0x727574615f696d6167656e39372e6a7067, '2023-05-31', 'Notas de la habitación', 10, 20, 5),
(98, 26, 'Comedor', '753 Avenida Central', 0x727574615f696d6167656e39382e6a7067, '2023-05-31', 'Notas del comedor', 8, 15, 3),
(99, 27, 'Salón', '246 Calle Secundaria', 0x727574615f696d6167656e39392e6a7067, '2023-05-31', 'Notas del salón', 12, 18, 4),
(100, 28, 'Habitación', '975 Calle Principal', 0x727574615f696d6167656e3130302e6a7067, '2023-05-31', 'Notas de la habitación', 10, 20, 5),
(101, 29, 'Comedor', '864 Avenida Central', 0x727574615f696d6167656e3130312e6a7067, '2023-05-31', 'Notas del comedor', 8, 15, 3),
(102, 30, 'Habitación', '246 Calle Principal', 0x727574615f696d6167656e3130322e6a7067, '2023-05-31', 'Notas de la habitación', 10, 20, 5),
(103, 31, 'Comedor', '753 Avenida Central', 0x727574615f696d6167656e3130332e6a7067, '2023-05-31', 'Notas del comedor', 8, 15, 3),
(104, 32, 'Salón', '975 Calle Secundaria', 0x727574615f696d6167656e3130342e6a7067, '2023-05-31', 'Notas del salón', 12, 18, 4),
(105, 33, 'Habitación', '135 Calle Principal', 0x727574615f696d6167656e3130352e6a7067, '2023-05-31', 'Notas de la habitación', 10, 20, 5),
(106, 34, 'Comedor', '753 Avenida Central', 0x727574615f696d6167656e3130362e6a7067, '2023-05-31', 'Notas del comedor', 8, 15, 3),
(107, 35, 'Habitación', '246 Calle Principal', 0x727574615f696d6167656e3130372e6a7067, '2023-05-31', 'Notas de la habitación', 10, 20, 5),
(108, 36, 'Comedor', '975 Calle Secundaria', 0x727574615f696d6167656e3130382e6a7067, '2023-05-31', 'Notas del comedor', 8, 15, 3),
(109, 37, 'Salón', '135 Calle Principal', 0x727574615f696d6167656e3130392e6a7067, '2023-05-31', 'Notas del salón', 12, 18, 4),
(110, 25, 'Habitación', '753 Avenida Central', 0x727574615f696d6167656e3131302e6a7067, '2023-05-31', 'Notas de la habitación', 10, 20, 5),
(111, 26, 'Comedor', '975 Calle Secundaria', 0x727574615f696d6167656e3131312e6a7067, '2023-05-31', 'Notas del comedor', 8, 15, 3),
(112, 27, 'Habitación', '135 Calle Principal', 0x727574615f696d6167656e3131322e6a7067, '2023-05-31', 'Notas de la habitación', 10, 20, 5),
(113, 28, 'Comedor', '753 Avenida Central', 0x727574615f696d6167656e3131332e6a7067, '2023-05-31', 'Notas del comedor', 8, 15, 3),
(114, 29, 'Salón', '975 Calle Secundaria', 0x727574615f696d6167656e3131342e6a7067, '2023-05-31', 'Notas del salón', 12, 18, 4),
(115, 30, 'Habitación', '135 Calle Principal', 0x727574615f696d6167656e3131352e6a7067, '2023-05-31', 'Notas de la habitación', 10, 20, 5),
(116, 52, 'Comedor', '753 Avenida Central', 0x727574615f696d6167656e3131362e6a7067, '2023-05-31', 'Notas del comedor', 8, 15, 3),
(117, 53, 'Habitación', '246 Calle Principal', 0x727574615f696d6167656e3131372e6a7067, '2023-05-31', 'Notas de la habitación', 10, 20, 5),
(118, 54, 'Comedor', '975 Calle Secundaria', 0x727574615f696d6167656e3131382e6a7067, '2023-05-31', 'Notas del comedor', 8, 15, 3),
(119, 55, 'Salón', '135 Calle Principal', 0x727574615f696d6167656e3131392e6a7067, '2023-05-31', 'Notas del salón', 12, 18, 4),
(120, 56, 'Habitación', '753 Avenida Central', 0x727574615f696d6167656e3132302e6a7067, '2023-05-31', 'Notas de la habitación', 10, 20, 5),
(121, 57, 'Comedor', '975 Calle Secundaria', 0x727574615f696d6167656e3132312e6a7067, '2023-05-31', 'Notas del comedor', 8, 15, 3),
(122, 58, 'Habitación', '135 Calle Principal', 0x727574615f696d6167656e3132322e6a7067, '2023-05-31', 'Notas de la habitación', 10, 20, 5),
(123, 59, 'Comedor', '753 Avenida Central', 0x727574615f696d6167656e3132332e6a7067, '2023-05-31', 'Notas del comedor', 8, 15, 3),
(124, 60, 'Salón', '975 Calle Secundaria', 0x727574615f696d6167656e3132342e6a7067, '2023-05-31', 'Notas del salón', 12, 18, 4),
(125, 61, 'Habitación', '135 Calle Principal', 0x727574615f696d6167656e3132352e6a7067, '2023-05-31', 'Notas de la habitación', 10, 20, 5),
(126, 62, 'Comedor', '753 Avenida Central', 0x727574615f696d6167656e3132362e6a7067, '2023-05-31', 'Notas del comedor', 8, 15, 3),
(127, 63, 'Habitación', '246 Calle Principal', 0x727574615f696d6167656e3132372e6a7067, '2023-05-31', 'Notas de la habitación', 10, 20, 5),
(128, 64, 'Comedor', '975 Calle Secundaria', 0x727574615f696d6167656e3132382e6a7067, '2023-05-31', 'Notas del comedor', 8, 15, 3),
(129, 65, 'Salón', '135 Calle Principal', 0x727574615f696d6167656e3132392e6a7067, '2023-05-31', 'Notas del salón', 12, 18, 4),
(130, 66, 'Habitación', '753 Avenida Central', 0x727574615f696d6167656e3133302e6a7067, '2023-05-31', 'Notas de la habitación', 10, 20, 5),
(131, 67, 'Comedor', '975 Calle Secundaria', 0x727574615f696d6167656e3133312e6a7067, '2023-05-31', 'Notas del comedor', 8, 15, 3),
(132, 68, 'Habitación', '135 Calle Principal', 0x727574615f696d6167656e3133322e6a7067, '2023-05-31', 'Notas de la habitación', 10, 20, 5),
(133, 69, 'Comedor', '753 Avenida Central', 0x727574615f696d6167656e3133332e6a7067, '2023-05-31', 'Notas del comedor', 8, 15, 3),
(134, 70, 'Salón', '975 Calle Secundaria', 0x727574615f696d6167656e3133342e6a7067, '2023-05-31', 'Notas del salón', 12, 18, 4),
(135, 71, 'Habitación', '135 Calle Principal', 0x727574615f696d6167656e3133352e6a7067, '2023-05-31', 'Notas de la habitación', 10, 20, 5),
(136, 72, 'Comedor', '753 Avenida Central', 0x727574615f696d6167656e3133362e6a7067, '2023-05-31', 'Notas del comedor', 8, 15, 3),
(137, 37, 'Habitación', '246 Calle Principal', 0x727574615f696d6167656e3133372e6a7067, '2023-05-31', 'Notas de la habitación', 10, 20, 5),
(138, 38, 'Comedor', '975 Calle Secundaria', 0x727574615f696d6167656e3133382e6a7067, '2023-05-31', 'Notas del comedor', 8, 15, 3),
(139, 39, 'Habitación', '135 Calle Principal', 0x727574615f696d6167656e3133392e6a7067, '2023-05-31', 'Notas de la habitación', 10, 20, 5),
(140, 40, 'Comedor', '753 Avenida Central', 0x727574615f696d6167656e3134302e6a7067, '2023-05-31', 'Notas del comedor', 8, 15, 3),
(141, 41, 'Salón', '975 Calle Secundaria', 0x727574615f696d6167656e3134312e6a7067, '2023-05-31', 'Notas del salón', 12, 18, 4),
(142, 42, 'Habitación', '135 Calle Principal', 0x727574615f696d6167656e3134322e6a7067, '2023-05-31', 'Notas de la habitación', 10, 20, 5),
(143, 43, 'Comedor', '753 Avenida Central', 0x727574615f696d6167656e3134332e6a7067, '2023-05-31', 'Notas del comedor', 8, 15, 3),
(144, 44, 'Habitación', '246 Calle Principal', 0x727574615f696d6167656e3134342e6a7067, '2023-05-31', 'Notas de la habitación', 10, 20, 5),
(145, 45, 'Comedor', '975 Calle Secundaria', 0x727574615f696d6167656e3134352e6a7067, '2023-05-31', 'Notas del comedor', 8, 15, 3),
(146, 46, 'Salón', '135 Calle Principal', 0x727574615f696d6167656e3134362e6a7067, '2023-05-31', 'Notas del salón', 12, 18, 4),
(147, 47, 'Habitación', '753 Avenida Central', 0x727574615f696d6167656e3134372e6a7067, '2023-05-31', 'Notas de la habitación', 10, 20, 5),
(148, 48, 'Comedor', '975 Calle Secundaria', 0x727574615f696d6167656e3134382e6a7067, '2023-05-31', 'Notas del comedor', 8, 15, 3),
(149, 49, 'Habitación', '135 Calle Principal', 0x727574615f696d6167656e3134392e6a7067, '2023-05-31', 'Notas de la habitación', 10, 20, 5),
(150, 50, 'Comedor', '753 Avenida Central', 0x727574615f696d6167656e3135302e6a7067, '2023-05-31', 'Notas del comedor', 8, 15, 3);

-- --------------------------------------------------------

--
-- Estructura de tabla para la tabla `mediciones`
--

CREATE TABLE `mediciones` (
  `id_medicion` int(11) NOT NULL,
  `id_sonda` int(11) NOT NULL,
  `fecha_medicion` date NOT NULL,
  `hora_medicion` time(6) NOT NULL,
  `medicion_salinidad` int(11) NOT NULL,
  `medicion_humedad` int(11) NOT NULL,
  `medicion_luminosidad` int(11) NOT NULL,
  `medicion_ph` int(11) NOT NULL,
  `medicion_temperatura` float(50,0) NOT NULL
) ENGINE=InnoDB DEFAULT CHARSET=utf8;

--
-- Volcado de datos para la tabla `mediciones`
--

INSERT INTO `mediciones` (`id_medicion`, `id_sonda`, `fecha_medicion`, `hora_medicion`, `medicion_salinidad`, `medicion_humedad`, `medicion_luminosidad`, `medicion_ph`, `medicion_temperatura`) VALUES
(1, 1, '2023-05-30', '00:00:00.000000', 75, 93, 2, 10, 18),
(2, 2, '2023-05-30', '00:00:00.000000', 78, 92, 3, 11, 17),
(3, 3, '2023-05-30', '00:00:00.000000', 75, 94, 2, 10, 18),
(4, 4, '2023-05-30', '00:00:00.000000', 78, 93, 3, 11, 16),
(5, 5, '2023-05-30', '00:00:00.000000', 75, 92, 2, 10, 18),
(6, 6, '2023-05-30', '00:00:00.000000', 79, 94, 3, 11, 17),
(7, 7, '2023-05-30', '00:00:00.000000', 76, 91, 2, 10, 18),
(8, 8, '2023-05-30', '00:00:00.000000', 79, 93, 3, 11, 16),
(9, 9, '2023-05-30', '00:00:00.000000', 75, 92, 2, 10, 17),
(10, 10, '2023-05-30', '00:00:00.000000', 79, 94, 3, 11, 16),
(11, 11, '2023-05-30', '00:00:00.000000', 75, 91, 2, 10, 17),
(12, 12, '2023-05-30', '00:00:00.000000', 79, 93, 3, 11, 16),
(13, 13, '2023-05-30', '00:00:00.000000', 76, 92, 2, 10, 18),
(14, 14, '2023-05-30', '00:00:00.000000', 79, 94, 3, 11, 17),
(15, 15, '2023-05-30', '00:00:00.000000', 76, 91, 2, 10, 17),
(16, 16, '2023-05-30', '00:00:00.000000', 79, 93, 3, 11, 17),
(17, 17, '2023-05-30', '00:00:00.000000', 78, 92, 2, 10, 18),
(18, 18, '2023-05-30', '00:00:00.000000', 76, 94, 3, 11, 17),
(19, 19, '2023-05-30', '00:00:00.000000', 78, 91, 2, 10, 18),
(20, 20, '2023-05-30', '00:00:00.000000', 76, 93, 3, 11, 16),
(21, 21, '2023-05-30', '00:00:00.000000', 74, 92, 2, 10, 18),
(22, 22, '2023-05-30', '00:00:00.000000', 78, 94, 3, 11, 17),
(23, 23, '2023-05-30', '00:00:00.000000', 75, 91, 2, 10, 18),
(24, 24, '2023-05-30', '00:00:00.000000', 78, 93, 3, 11, 16),
(25, 25, '2023-05-30', '00:00:00.000000', 74, 92, 2, 10, 18),
(26, 26, '2023-05-30', '00:00:00.000000', 78, 94, 3, 11, 17),
(27, 27, '2023-05-30', '00:00:00.000000', 75, 91, 2, 10, 17),
(28, 28, '2023-05-30', '00:00:00.000000', 79, 93, 3, 11, 16),
(29, 29, '2023-05-30', '00:00:00.000000', 75, 92, 2, 10, 18),
(30, 30, '2023-05-30', '00:00:00.000000', 79, 94, 3, 11, 16),
(31, 31, '2023-05-30', '00:00:00.000000', 74, 91, 2, 10, 18),
(32, 32, '2023-05-30', '00:00:00.000000', 79, 93, 3, 11, 17),
(33, 33, '2023-05-30', '00:00:00.000000', 78, 92, 2, 10, 18),
(34, 34, '2023-05-30', '00:00:00.000000', 75, 94, 3, 11, 17),
(35, 35, '2023-05-30', '00:00:00.000000', 79, 91, 2, 10, 17),
(36, 36, '2023-05-30', '00:00:00.000000', 75, 93, 3, 11, 17),
(37, 37, '2023-05-30', '00:00:00.000000', 79, 92, 2, 10, 18),
(38, 38, '2023-05-30', '00:00:00.000000', 74, 94, 3, 11, 16),
(39, 39, '2023-05-30', '00:00:00.000000', 79, 91, 2, 10, 17),
(40, 40, '2023-05-30', '00:00:00.000000', 75, 93, 3, 11, 17),
(41, 41, '2023-05-30', '00:00:00.000000', 78, 92, 2, 10, 18),
(42, 42, '2023-05-30', '00:00:00.000000', 74, 94, 3, 11, 16),
(43, 43, '2023-05-30', '00:00:00.000000', 78, 91, 2, 10, 17),
(44, 44, '2023-05-30', '00:00:00.000000', 75, 93, 3, 11, 17),
(45, 45, '2023-05-30', '00:00:00.000000', 78, 92, 2, 10, 18),
(46, 46, '2023-05-30', '00:00:00.000000', 75, 94, 3, 11, 16),
(47, 47, '2023-05-30', '00:00:00.000000', 78, 91, 2, 10, 17),
(48, 48, '2023-05-30', '00:00:00.000000', 75, 93, 3, 11, 17),
(49, 49, '2023-05-30', '00:00:00.000000', 78, 92, 2, 10, 18),
(50, 50, '2023-05-30', '00:00:00.000000', 75, 94, 3, 11, 16),
(51, 51, '2023-05-30', '00:00:00.000000', 77, 91, 2, 10, 17),
(52, 52, '2023-05-30', '00:00:00.000000', 76, 93, 3, 11, 16),
(53, 53, '2023-05-30', '00:00:00.000000', 77, 92, 2, 10, 17),
(54, 54, '2023-05-30', '00:00:00.000000', 76, 94, 3, 11, 16),
(55, 55, '2023-05-30', '00:00:00.000000', 77, 91, 2, 10, 17),
(56, 56, '2023-05-30', '00:00:00.000000', 76, 93, 3, 11, 16),
(57, 57, '2023-05-30', '00:00:00.000000', 77, 92, 2, 10, 17),
(58, 58, '2023-05-30', '00:00:00.000000', 76, 94, 3, 11, 16),
(59, 59, '2023-05-30', '00:00:00.000000', 77, 91, 2, 10, 17),
(60, 60, '2023-05-30', '00:00:00.000000', 76, 93, 3, 11, 16),
(61, 61, '2023-05-30', '00:00:00.000000', 76, 92, 2, 10, 17),
(62, 62, '2023-05-30', '00:00:00.000000', 76, 94, 3, 11, 16),
(63, 63, '2023-05-30', '00:00:00.000000', 76, 91, 2, 10, 17),
(64, 64, '2023-05-30', '00:00:00.000000', 76, 93, 3, 11, 15),
(65, 65, '2023-05-30', '00:00:00.000000', 76, 92, 2, 10, 16),
(66, 66, '2023-05-30', '00:00:00.000000', 77, 94, 3, 11, 15),
(67, 67, '2023-05-30', '00:00:00.000000', 76, 91, 2, 10, 16),
(68, 68, '2023-05-30', '00:00:00.000000', 77, 93, 3, 11, 15),
(69, 69, '2023-05-30', '00:00:00.000000', 76, 92, 2, 10, 16),
(70, 10, '2023-05-30', '00:00:00.000000', 79, 94, 3, 11, 16),
(71, 11, '2023-05-30', '00:00:00.000000', 75, 91, 2, 10, 17),
(72, 12, '2023-05-30', '00:00:00.000000', 79, 93, 3, 11, 16),
(73, 13, '2023-05-30', '00:00:00.000000', 76, 92, 2, 10, 18),
(74, 14, '2023-05-30', '00:00:00.000000', 79, 94, 3, 11, 17),
(75, 15, '2023-05-30', '00:00:00.000000', 76, 91, 2, 10, 17),
(76, 1, '2023-05-30', '06:00:00.000000', 80, 95, 2, 8, 10),
(77, 2, '2023-05-30', '06:00:00.000000', 82, 96, 3, 9, 11),
(78, 3, '2023-05-30', '06:00:00.000000', 83, 97, 4, 10, 12),
(79, 4, '2023-05-30', '06:00:00.000000', 85, 98, 2, 11, 13),
(80, 5, '2023-05-30', '06:00:00.000000', 86, 99, 3, 12, 14),
(81, 6, '2023-05-30', '06:00:00.000000', 87, 100, 4, 13, 15),
(82, 7, '2023-05-30', '06:00:00.000000', 89, 95, 2, 8, 16),
(83, 8, '2023-05-30', '06:00:00.000000', 90, 96, 3, 9, 17),
(84, 9, '2023-05-30', '06:00:00.000000', 92, 97, 4, 10, 18),
(85, 10, '2023-05-30', '06:00:00.000000', 93, 98, 2, 11, 19),
(86, 11, '2023-05-30', '06:00:00.000000', 94, 99, 3, 12, 20),
(87, 12, '2023-05-30', '06:00:00.000000', 96, 100, 4, 13, 21),
(88, 13, '2023-05-30', '06:00:00.000000', 97, 95, 2, 8, 22),
(89, 14, '2023-05-30', '06:00:00.000000', 99, 96, 3, 9, 23),
(90, 15, '2023-05-30', '06:00:00.000000', 100, 97, 4, 10, 24),
(91, 16, '2023-05-30', '06:00:00.000000', 80, 98, 2, 11, 25),
(92, 17, '2023-05-30', '06:00:00.000000', 82, 99, 3, 12, 26),
(93, 18, '2023-05-30', '06:00:00.000000', 83, 100, 4, 13, 27),
(94, 19, '2023-05-30', '06:00:00.000000', 85, 95, 2, 8, 28),
(95, 20, '2023-05-30', '06:00:00.000000', 86, 96, 3, 9, 29),
(96, 21, '2023-05-30', '06:00:00.000000', 87, 97, 4, 10, 30),
(97, 22, '2023-05-30', '06:00:00.000000', 89, 98, 2, 11, 31),
(98, 23, '2023-05-30', '06:00:00.000000', 90, 99, 3, 12, 32),
(99, 24, '2023-05-30', '06:00:00.000000', 92, 100, 4, 13, 33),
(100, 25, '2023-05-30', '06:00:00.000000', 93, 95, 2, 8, 34),
(101, 26, '2023-05-30', '06:00:00.000000', 94, 96, 3, 9, 35),
(102, 27, '2023-05-30', '06:00:00.000000', 96, 97, 4, 10, 12),
(103, 28, '2023-05-30', '06:00:00.000000', 97, 98, 2, 11, 13),
(104, 29, '2023-05-30', '06:00:00.000000', 99, 99, 3, 12, 14),
(105, 30, '2023-05-30', '06:00:00.000000', 100, 100, 4, 13, 15),
(106, 31, '2023-05-30', '06:00:00.000000', 80, 95, 2, 8, 16),
(107, 32, '2023-05-30', '06:00:00.000000', 82, 96, 3, 9, 17),
(108, 33, '2023-05-30', '06:00:00.000000', 83, 97, 4, 10, 18),
(109, 34, '2023-05-30', '06:00:00.000000', 85, 98, 2, 11, 19),
(110, 35, '2023-05-30', '06:00:00.000000', 86, 99, 3, 12, 20),
(111, 36, '2023-05-30', '06:00:00.000000', 87, 100, 4, 13, 21),
(112, 37, '2023-05-30', '06:00:00.000000', 89, 95, 2, 8, 22),
(113, 38, '2023-05-30', '06:00:00.000000', 90, 96, 3, 9, 23),
(114, 39, '2023-05-30', '06:00:00.000000', 92, 97, 4, 10, 24),
(115, 40, '2023-05-30', '06:00:00.000000', 93, 98, 2, 11, 25),
(116, 41, '2023-05-30', '06:00:00.000000', 94, 99, 3, 12, 26),
(117, 42, '2023-05-30', '06:00:00.000000', 96, 100, 4, 13, 27),
(118, 43, '2023-05-30', '06:00:00.000000', 97, 95, 2, 8, 28),
(119, 44, '2023-05-30', '06:00:00.000000', 99, 96, 3, 9, 29),
(120, 45, '2023-05-30', '06:00:00.000000', 100, 97, 4, 10, 30),
(121, 46, '2023-05-30', '06:00:00.000000', 80, 98, 2, 11, 31),
(122, 47, '2023-05-30', '06:00:00.000000', 82, 99, 3, 12, 32),
(123, 48, '2023-05-30', '06:00:00.000000', 83, 100, 4, 13, 33),
(124, 49, '2023-05-30', '06:00:00.000000', 85, 95, 2, 8, 34),
(125, 50, '2023-05-30', '06:00:00.000000', 86, 96, 3, 9, 35),
(126, 51, '2023-05-30', '06:00:00.000000', 87, 97, 4, 10, 12),
(127, 52, '2023-05-30', '06:00:00.000000', 89, 98, 2, 11, 13),
(128, 53, '2023-05-30', '06:00:00.000000', 90, 99, 3, 12, 14),
(129, 54, '2023-05-30', '06:00:00.000000', 92, 100, 4, 13, 15),
(130, 55, '2023-05-30', '06:00:00.000000', 93, 95, 2, 8, 16),
(131, 56, '2023-05-30', '06:00:00.000000', 94, 96, 3, 9, 17),
(132, 57, '2023-05-30', '06:00:00.000000', 96, 97, 4, 10, 18),
(133, 58, '2023-05-30', '06:00:00.000000', 97, 98, 2, 11, 19),
(134, 59, '2023-05-30', '06:00:00.000000', 99, 99, 3, 12, 20),
(135, 60, '2023-05-30', '06:00:00.000000', 100, 100, 4, 13, 21),
(136, 61, '2023-05-30', '06:00:00.000000', 80, 95, 2, 8, 22),
(137, 62, '2023-05-30', '06:00:00.000000', 82, 96, 3, 9, 23),
(138, 63, '2023-05-30', '06:00:00.000000', 83, 97, 4, 10, 24),
(139, 64, '2023-05-30', '06:00:00.000000', 85, 98, 2, 11, 25),
(140, 65, '2023-05-30', '06:00:00.000000', 86, 99, 3, 12, 26),
(141, 66, '2023-05-30', '06:00:00.000000', 87, 100, 4, 13, 27),
(142, 67, '2023-05-30', '06:00:00.000000', 89, 95, 2, 8, 28),
(143, 68, '2023-05-30', '06:00:00.000000', 90, 96, 3, 9, 29),
(144, 69, '2023-05-30', '06:00:00.000000', 92, 97, 4, 10, 30),
(145, 70, '2023-05-30', '06:00:00.000000', 93, 98, 2, 11, 31),
(146, 71, '2023-05-30', '06:00:00.000000', 94, 99, 3, 12, 32),
(147, 72, '2023-05-30', '06:00:00.000000', 96, 100, 4, 13, 33),
(148, 73, '2023-05-30', '06:00:00.000000', 97, 95, 2, 8, 34),
(149, 74, '2023-05-30', '06:00:00.000000', 99, 96, 3, 9, 35),
(150, 75, '2023-05-30', '06:00:00.000000', 100, 97, 4, 10, 12),
(151, 1, '2023-05-30', '12:00:00.000000', 80, 95, 2, 9, 26),
(152, 2, '2023-05-30', '12:00:00.000000', 82, 96, 3, 11, 27),
(153, 3, '2023-05-30', '12:00:00.000000', 83, 97, 4, 10, 28),
(154, 4, '2023-05-30', '12:00:00.000000', 85, 98, 2, 9, 29),
(155, 5, '2023-05-30', '12:00:00.000000', 86, 99, 3, 11, 30),
(156, 6, '2023-05-30', '12:00:00.000000', 87, 100, 4, 10, 31),
(157, 7, '2023-05-30', '12:00:00.000000', 89, 95, 2, 9, 32),
(158, 8, '2023-05-30', '12:00:00.000000', 90, 96, 3, 11, 33),
(159, 9, '2023-05-30', '12:00:00.000000', 92, 97, 4, 10, 34),
(160, 10, '2023-05-30', '12:00:00.000000', 93, 98, 2, 9, 35),
(161, 11, '2023-05-30', '12:00:00.000000', 94, 99, 3, 11, 12),
(162, 12, '2023-05-30', '12:00:00.000000', 96, 100, 4, 10, 13),
(163, 13, '2023-05-30', '12:00:00.000000', 97, 95, 2, 9, 14),
(164, 14, '2023-05-30', '12:00:00.000000', 99, 96, 3, 11, 15),
(165, 15, '2023-05-30', '12:00:00.000000', 100, 97, 4, 10, 16),
(166, 16, '2023-05-30', '12:00:00.000000', 80, 98, 2, 9, 17),
(167, 17, '2023-05-30', '12:00:00.000000', 82, 99, 3, 11, 18),
(168, 18, '2023-05-30', '12:00:00.000000', 83, 100, 4, 10, 19),
(169, 19, '2023-05-30', '12:00:00.000000', 85, 95, 2, 9, 20),
(170, 20, '2023-05-30', '12:00:00.000000', 86, 96, 3, 11, 21),
(171, 21, '2023-05-30', '12:00:00.000000', 87, 97, 4, 10, 22),
(172, 22, '2023-05-30', '12:00:00.000000', 89, 98, 2, 9, 23),
(173, 23, '2023-05-30', '12:00:00.000000', 90, 99, 3, 11, 24),
(174, 24, '2023-05-30', '12:00:00.000000', 92, 100, 4, 10, 25),
(175, 25, '2023-05-30', '12:00:00.000000', 93, 95, 2, 9, 26),
(176, 26, '2023-05-30', '12:00:00.000000', 94, 96, 3, 11, 27),
(177, 27, '2023-05-30', '12:00:00.000000', 96, 97, 4, 10, 28),
(178, 28, '2023-05-30', '12:00:00.000000', 97, 98, 2, 9, 29),
(179, 29, '2023-05-30', '12:00:00.000000', 99, 99, 3, 11, 30),
(180, 30, '2023-05-30', '12:00:00.000000', 100, 100, 4, 10, 31),
(181, 31, '2023-05-30', '12:00:00.000000', 80, 95, 2, 9, 32),
(182, 32, '2023-05-30', '12:00:00.000000', 82, 96, 3, 11, 33),
(183, 33, '2023-05-30', '12:00:00.000000', 83, 97, 4, 10, 34),
(184, 34, '2023-05-30', '12:00:00.000000', 85, 98, 2, 9, 35),
(185, 35, '2023-05-30', '12:00:00.000000', 86, 99, 3, 11, 12),
(186, 36, '2023-05-30', '12:00:00.000000', 87, 100, 4, 10, 13),
(187, 37, '2023-05-30', '12:00:00.000000', 89, 95, 2, 9, 14),
(188, 38, '2023-05-30', '12:00:00.000000', 90, 96, 3, 11, 15),
(189, 39, '2023-05-30', '12:00:00.000000', 92, 97, 4, 10, 16),
(190, 40, '2023-05-30', '12:00:00.000000', 93, 98, 2, 9, 17),
(191, 41, '2023-05-30', '12:00:00.000000', 94, 99, 3, 11, 18),
(192, 42, '2023-05-30', '12:00:00.000000', 96, 100, 4, 10, 19),
(193, 43, '2023-05-30', '12:00:00.000000', 97, 95, 2, 9, 20),
(194, 44, '2023-05-30', '12:00:00.000000', 99, 96, 3, 11, 21),
(195, 45, '2023-05-30', '12:00:00.000000', 100, 97, 4, 10, 22),
(196, 46, '2023-05-30', '12:00:00.000000', 80, 98, 2, 9, 23),
(197, 47, '2023-05-30', '12:00:00.000000', 82, 99, 3, 11, 24),
(198, 48, '2023-05-30', '12:00:00.000000', 83, 100, 4, 10, 25),
(199, 49, '2023-05-30', '12:00:00.000000', 85, 95, 2, 9, 26),
(200, 50, '2023-05-30', '12:00:00.000000', 86, 96, 3, 11, 27),
(201, 51, '2023-05-30', '12:00:00.000000', 87, 97, 4, 10, 28),
(202, 52, '2023-05-30', '12:00:00.000000', 89, 98, 2, 9, 29),
(203, 53, '2023-05-30', '12:00:00.000000', 90, 99, 3, 11, 30),
(204, 54, '2023-05-30', '12:00:00.000000', 92, 100, 4, 10, 31),
(205, 56, '2023-05-30', '12:00:00.000000', 82, 96, 3, 9, 17),
(206, 57, '2023-05-30', '12:00:00.000000', 84, 97, 4, 10, 18),
(207, 58, '2023-05-30', '12:00:00.000000', 85, 98, 2, 8, 19),
(208, 59, '2023-05-30', '12:00:00.000000', 87, 99, 3, 9, 20),
(209, 60, '2023-05-30', '12:00:00.000000', 88, 100, 4, 10, 21),
(210, 61, '2023-05-30', '12:00:00.000000', 90, 95, 2, 8, 22),
(211, 62, '2023-05-30', '12:00:00.000000', 91, 96, 3, 9, 23),
(212, 63, '2023-05-30', '12:00:00.000000', 93, 97, 4, 10, 24),
(213, 64, '2023-05-30', '12:00:00.000000', 94, 98, 2, 8, 25),
(214, 65, '2023-05-30', '12:00:00.000000', 96, 99, 3, 9, 26),
(215, 66, '2023-05-30', '12:00:00.000000', 97, 100, 4, 10, 27),
(216, 67, '2023-05-30', '12:00:00.000000', 99, 95, 2, 8, 28),
(217, 68, '2023-05-30', '12:00:00.000000', 100, 96, 3, 9, 29),
(218, 69, '2023-05-30', '12:00:00.000000', 80, 97, 4, 10, 30),
(219, 70, '2023-05-30', '12:00:00.000000', 82, 98, 2, 8, 31),
(220, 71, '2023-05-30', '12:00:00.000000', 83, 99, 3, 9, 32),
(221, 72, '2023-05-30', '12:00:00.000000', 85, 100, 4, 10, 33),
(222, 73, '2023-05-30', '12:00:00.000000', 86, 95, 2, 8, 34),
(223, 74, '2023-05-30', '12:00:00.000000', 88, 96, 3, 9, 35),
(224, 75, '2023-05-30', '12:00:00.000000', 89, 97, 4, 10, 13),
(225, 1, '2023-05-30', '18:00:00.000000', 81, 96, 2, 12, 19),
(226, 2, '2023-05-30', '18:00:00.000000', 84, 97, 3, 11, 18),
(227, 3, '2023-05-30', '18:00:00.000000', 86, 98, 4, 10, 17),
(228, 4, '2023-05-30', '18:00:00.000000', 90, 99, 2, 12, 15),
(229, 5, '2023-05-30', '18:00:00.000000', 92, 100, 3, 11, 14),
(230, 6, '2023-05-30', '18:00:00.000000', 95, 95, 4, 10, 13),
(231, 7, '2023-05-30', '18:00:00.000000', 97, 96, 2, 12, 12),
(232, 8, '2023-05-30', '18:00:00.000000', 100, 97, 3, 11, 11),
(233, 9, '2023-05-30', '18:00:00.000000', 80, 98, 4, 10, 20),
(234, 10, '2023-05-30', '18:00:00.000000', 83, 99, 2, 12, 19),
(235, 11, '2023-05-30', '18:00:00.000000', 86, 100, 3, 11, 18),
(236, 12, '2023-05-30', '18:00:00.000000', 88, 95, 4, 10, 17),
(237, 13, '2023-05-30', '18:00:00.000000', 91, 96, 2, 12, 16),
(238, 14, '2023-05-30', '18:00:00.000000', 95, 97, 3, 11, 14),
(239, 15, '2023-05-30', '18:00:00.000000', 98, 98, 4, 10, 13),
(240, 16, '2023-05-30', '18:00:00.000000', 100, 99, 2, 12, 12),
(241, 17, '2023-05-30', '18:00:00.000000', 80, 100, 3, 11, 11),
(242, 18, '2023-05-30', '18:00:00.000000', 83, 95, 4, 10, 20),
(243, 19, '2023-05-30', '18:00:00.000000', 86, 96, 2, 12, 19),
(244, 20, '2023-05-30', '18:00:00.000000', 88, 97, 3, 11, 18),
(245, 21, '2023-05-30', '18:00:00.000000', 91, 98, 4, 10, 17),
(246, 22, '2023-05-30', '18:00:00.000000', 95, 99, 2, 12, 16),
(247, 23, '2023-05-30', '18:00:00.000000', 98, 100, 3, 11, 15),
(248, 24, '2023-05-30', '18:00:00.000000', 100, 95, 4, 10, 13),
(249, 25, '2023-05-30', '18:00:00.000000', 80, 96, 2, 12, 12),
(250, 26, '2023-05-30', '18:00:00.000000', 83, 97, 3, 11, 11),
(251, 27, '2023-05-30', '18:00:00.000000', 86, 98, 4, 10, 20),
(252, 28, '2023-05-30', '18:00:00.000000', 88, 99, 2, 12, 19),
(253, 29, '2023-05-30', '18:00:00.000000', 91, 100, 3, 11, 18),
(254, 30, '2023-05-30', '18:00:00.000000', 95, 95, 4, 10, 17),
(255, 31, '2023-05-30', '18:00:00.000000', 98, 96, 2, 12, 16),
(256, 32, '2023-05-30', '18:00:00.000000', 100, 97, 3, 11, 15),
(257, 33, '2023-05-30', '18:00:00.000000', 80, 98, 4, 10, 14),
(258, 34, '2023-05-30', '18:00:00.000000', 83, 99, 2, 12, 12),
(259, 35, '2023-05-30', '18:00:00.000000', 86, 100, 3, 11, 11),
(260, 36, '2023-05-30', '18:00:00.000000', 88, 95, 4, 10, 20),
(261, 37, '2023-05-30', '18:00:00.000000', 91, 96, 2, 12, 19),
(262, 38, '2023-05-30', '18:00:00.000000', 95, 97, 3, 11, 18),
(263, 39, '2023-05-30', '18:00:00.000000', 98, 98, 4, 10, 17),
(264, 40, '2023-05-30', '18:00:00.000000', 100, 99, 2, 12, 16),
(265, 41, '2023-05-30', '18:00:00.000000', 80, 100, 3, 11, 15),
(266, 42, '2023-05-30', '18:00:00.000000', 83, 95, 4, 10, 14),
(267, 43, '2023-05-30', '18:00:00.000000', 86, 96, 2, 12, 13),
(268, 44, '2023-05-30', '18:00:00.000000', 88, 97, 3, 11, 11),
(269, 45, '2023-05-30', '18:00:00.000000', 91, 98, 4, 10, 20),
(270, 46, '2023-05-30', '18:00:00.000000', 95, 99, 2, 12, 19),
(271, 47, '2023-05-30', '18:00:00.000000', 98, 100, 3, 11, 18),
(272, 48, '2023-05-30', '18:00:00.000000', 100, 95, 4, 10, 17),
(273, 49, '2023-05-30', '18:00:00.000000', 80, 96, 2, 12, 16),
(274, 50, '2023-05-30', '18:00:00.000000', 83, 97, 3, 11, 15),
(275, 51, '2023-05-30', '18:00:00.000000', 86, 98, 4, 10, 14),
(276, 52, '2023-05-30', '18:00:00.000000', 88, 99, 2, 12, 13),
(277, 53, '2023-05-30', '18:00:00.000000', 91, 100, 3, 11, 12),
(278, 54, '2023-05-30', '18:00:00.000000', 95, 95, 4, 10, 20),
(279, 55, '2023-05-30', '18:00:00.000000', 98, 96, 2, 12, 19),
(280, 56, '2023-05-30', '18:00:00.000000', 100, 97, 3, 11, 18),
(281, 57, '2023-05-30', '18:00:00.000000', 80, 98, 4, 10, 17),
(282, 58, '2023-05-30', '18:00:00.000000', 83, 99, 2, 12, 16),
(283, 59, '2023-05-30', '18:00:00.000000', 86, 100, 3, 11, 15),
(284, 60, '2023-05-30', '18:00:00.000000', 88, 95, 4, 10, 14),
(285, 61, '2023-05-30', '18:00:00.000000', 91, 96, 2, 12, 13),
(286, 62, '2023-05-30', '18:00:00.000000', 95, 97, 3, 11, 12),
(287, 63, '2023-05-30', '18:00:00.000000', 98, 98, 4, 10, 21),
(288, 64, '2023-05-30', '18:00:00.000000', 100, 99, 2, 12, 19),
(289, 65, '2023-05-30', '18:00:00.000000', 80, 100, 3, 11, 18),
(290, 66, '2023-05-30', '18:00:00.000000', 83, 95, 4, 10, 17),
(291, 67, '2023-05-30', '18:00:00.000000', 86, 96, 2, 12, 16),
(292, 68, '2023-05-30', '18:00:00.000000', 88, 97, 3, 11, 15),
(293, 69, '2023-05-30', '18:00:00.000000', 91, 98, 4, 10, 14),
(294, 70, '2023-05-30', '18:00:00.000000', 95, 99, 2, 12, 13),
(295, 71, '2023-05-30', '18:00:00.000000', 98, 100, 3, 11, 12),
(296, 72, '2023-05-30', '18:00:00.000000', 100, 95, 4, 10, 21),
(297, 73, '2023-05-30', '18:00:00.000000', 80, 96, 2, 12, 20),
(298, 74, '2023-05-30', '18:00:00.000000', 83, 97, 3, 11, 18),
(299, 75, '2023-05-30', '18:00:00.000000', 86, 98, 4, 10, 17),
(300, 1, '2023-05-31', '00:00:00.000000', 75, 93, 2, 10, 18),
(301, 2, '2023-05-31', '00:00:00.000000', 78, 92, 3, 11, 17),
(302, 3, '2023-05-31', '00:00:00.000000', 75, 91, 4, 11, 18),
(303, 4, '2023-05-31', '00:00:00.000000', 75, 93, 2, 10, 18),
(304, 5, '2023-05-31', '00:00:00.000000', 78, 92, 3, 11, 17),
(305, 6, '2023-05-31', '00:00:00.000000', 75, 91, 4, 11, 18),
(306, 7, '2023-05-31', '00:00:00.000000', 75, 93, 2, 10, 18),
(307, 8, '2023-05-31', '00:00:00.000000', 78, 92, 3, 11, 17),
(308, 9, '2023-05-31', '00:00:00.000000', 75, 91, 4, 11, 18),
(309, 10, '2023-05-31', '00:00:00.000000', 75, 93, 2, 10, 18),
(310, 11, '2023-05-31', '00:00:00.000000', 78, 92, 3, 11, 17),
(311, 12, '2023-05-31', '00:00:00.000000', 75, 91, 4, 11, 18),
(312, 13, '2023-05-31', '00:00:00.000000', 75, 93, 2, 10, 18),
(313, 14, '2023-05-31', '00:00:00.000000', 78, 92, 3, 11, 17),
(314, 15, '2023-05-31', '00:00:00.000000', 75, 91, 4, 11, 18),
(315, 16, '2023-05-31', '00:00:00.000000', 75, 93, 2, 10, 18),
(316, 17, '2023-05-31', '00:00:00.000000', 78, 92, 3, 11, 17),
(317, 18, '2023-05-31', '00:00:00.000000', 75, 91, 4, 11, 18),
(318, 19, '2023-05-31', '00:00:00.000000', 75, 93, 2, 10, 18),
(319, 20, '2023-05-31', '00:00:00.000000', 78, 92, 3, 11, 17),
(320, 21, '2023-05-31', '00:00:00.000000', 75, 91, 4, 11, 18),
(321, 22, '2023-05-31', '00:00:00.000000', 75, 93, 2, 10, 18),
(322, 23, '2023-05-31', '00:00:00.000000', 78, 92, 3, 11, 17),
(323, 24, '2023-05-31', '00:00:00.000000', 75, 91, 4, 11, 18),
(324, 25, '2023-05-31', '00:00:00.000000', 75, 93, 2, 10, 18),
(325, 26, '2023-05-31', '00:00:00.000000', 78, 92, 3, 11, 17),
(326, 27, '2023-05-31', '00:00:00.000000', 75, 91, 4, 11, 18),
(327, 28, '2023-05-31', '00:00:00.000000', 75, 93, 2, 10, 18),
(328, 29, '2023-05-31', '00:00:00.000000', 78, 92, 3, 11, 17),
(329, 30, '2023-05-31', '00:00:00.000000', 75, 91, 4, 11, 18),
(330, 31, '2023-05-31', '00:00:00.000000', 75, 93, 2, 10, 18),
(331, 32, '2023-05-31', '00:00:00.000000', 78, 92, 3, 11, 17),
(332, 33, '2023-05-31', '00:00:00.000000', 75, 91, 4, 11, 18),
(333, 34, '2023-05-31', '00:00:00.000000', 75, 93, 2, 10, 18),
(334, 35, '2023-05-31', '00:00:00.000000', 78, 92, 3, 11, 17),
(335, 36, '2023-05-31', '00:00:00.000000', 75, 91, 4, 11, 18),
(336, 37, '2023-05-31', '00:00:00.000000', 75, 93, 2, 10, 18),
(337, 38, '2023-05-31', '00:00:00.000000', 78, 92, 3, 11, 17),
(338, 39, '2023-05-31', '00:00:00.000000', 75, 91, 4, 11, 18),
(339, 40, '2023-05-31', '00:00:00.000000', 75, 93, 2, 10, 18),
(340, 41, '2023-05-31', '00:00:00.000000', 78, 92, 3, 11, 17),
(341, 42, '2023-05-31', '00:00:00.000000', 75, 91, 4, 11, 18),
(342, 43, '2023-05-31', '00:00:00.000000', 75, 93, 2, 10, 18),
(343, 44, '2023-05-31', '00:00:00.000000', 78, 92, 3, 11, 17),
(344, 45, '2023-05-31', '00:00:00.000000', 75, 91, 4, 11, 18),
(345, 46, '2023-05-31', '00:00:00.000000', 75, 93, 2, 10, 18),
(346, 47, '2023-05-31', '00:00:00.000000', 78, 92, 3, 11, 17),
(347, 48, '2023-05-31', '00:00:00.000000', 75, 91, 4, 11, 18),
(348, 49, '2023-05-31', '00:00:00.000000', 75, 93, 2, 10, 18),
(349, 50, '2023-05-31', '00:00:00.000000', 78, 92, 3, 11, 17),
(350, 51, '2023-05-31', '00:00:00.000000', 75, 91, 4, 11, 18),
(351, 52, '2023-05-31', '00:00:00.000000', 75, 93, 2, 10, 18),
(352, 53, '2023-05-31', '00:00:00.000000', 78, 92, 3, 11, 17),
(353, 54, '2023-05-31', '00:00:00.000000', 75, 91, 4, 11, 18),
(354, 55, '2023-05-31', '00:00:00.000000', 75, 93, 2, 10, 18),
(355, 56, '2023-05-31', '00:00:00.000000', 78, 92, 3, 11, 17),
(356, 57, '2023-05-31', '00:00:00.000000', 75, 91, 4, 11, 18),
(357, 58, '2023-05-31', '00:00:00.000000', 75, 93, 2, 10, 18),
(358, 59, '2023-05-31', '00:00:00.000000', 78, 92, 3, 11, 17),
(359, 60, '2023-05-31', '00:00:00.000000', 75, 91, 4, 11, 18),
(360, 61, '2023-05-31', '00:00:00.000000', 75, 93, 2, 10, 18),
(361, 62, '2023-05-31', '00:00:00.000000', 78, 92, 3, 11, 17),
(362, 63, '2023-05-31', '00:00:00.000000', 75, 91, 4, 11, 18),
(363, 64, '2023-05-31', '00:00:00.000000', 75, 93, 2, 10, 18),
(364, 65, '2023-05-31', '00:00:00.000000', 78, 92, 3, 11, 17),
(365, 66, '2023-05-31', '00:00:00.000000', 75, 91, 4, 11, 18),
(366, 67, '2023-05-31', '00:00:00.000000', 75, 93, 2, 10, 18),
(367, 68, '2023-05-31', '00:00:00.000000', 78, 92, 3, 11, 17),
(368, 69, '2023-05-31', '00:00:00.000000', 75, 91, 4, 11, 18),
(369, 70, '2023-05-31', '00:00:00.000000', 75, 93, 2, 10, 18),
(370, 71, '2023-05-31', '00:00:00.000000', 78, 92, 3, 11, 17),
(371, 72, '2023-05-31', '00:00:00.000000', 75, 91, 4, 11, 18),
(372, 73, '2023-05-31', '00:00:00.000000', 75, 93, 2, 10, 18),
(373, 74, '2023-05-31', '00:00:00.000000', 78, 92, 3, 11, 17),
(374, 75, '2023-05-31', '00:00:00.000000', 75, 91, 4, 11, 18),
(375, 1, '2023-05-31', '06:00:00.000000', 75, 93, 2, 10, 18),
(376, 2, '2023-05-31', '06:00:00.000000', 78, 92, 3, 11, 17),
(377, 3, '2023-05-31', '06:00:00.000000', 75, 91, 4, 11, 18),
(378, 4, '2023-05-31', '06:00:00.000000', 75, 93, 2, 10, 18),
(379, 5, '2023-05-31', '06:00:00.000000', 78, 92, 3, 11, 17),
(380, 6, '2023-05-31', '06:00:00.000000', 75, 91, 4, 11, 18),
(381, 7, '2023-05-31', '06:00:00.000000', 75, 93, 2, 10, 18),
(382, 8, '2023-05-31', '06:00:00.000000', 78, 92, 3, 11, 17),
(383, 9, '2023-05-31', '06:00:00.000000', 75, 91, 4, 11, 18),
(384, 10, '2023-05-31', '06:00:00.000000', 75, 93, 2, 10, 18),
(385, 11, '2023-05-31', '06:00:00.000000', 78, 92, 3, 11, 17),
(386, 12, '2023-05-31', '06:00:00.000000', 75, 91, 4, 11, 18),
(387, 13, '2023-05-31', '06:00:00.000000', 75, 93, 2, 10, 18),
(388, 14, '2023-05-31', '06:00:00.000000', 78, 92, 3, 11, 17),
(389, 15, '2023-05-31', '06:00:00.000000', 75, 91, 4, 11, 18),
(390, 16, '2023-05-31', '06:00:00.000000', 75, 93, 2, 10, 18),
(391, 17, '2023-05-31', '06:00:00.000000', 78, 92, 3, 11, 17),
(392, 18, '2023-05-31', '06:00:00.000000', 75, 91, 4, 11, 18),
(393, 19, '2023-05-31', '06:00:00.000000', 75, 93, 2, 10, 18),
(394, 20, '2023-05-31', '06:00:00.000000', 78, 92, 3, 11, 17),
(395, 21, '2023-05-31', '06:00:00.000000', 75, 91, 4, 11, 18),
(396, 22, '2023-05-31', '06:00:00.000000', 75, 93, 2, 10, 18),
(397, 23, '2023-05-31', '06:00:00.000000', 78, 92, 3, 11, 17),
(398, 24, '2023-05-31', '06:00:00.000000', 75, 91, 4, 11, 18),
(399, 25, '2023-05-31', '06:00:00.000000', 75, 93, 2, 10, 18),
(400, 26, '2023-05-31', '06:00:00.000000', 78, 92, 3, 11, 17),
(401, 27, '2023-05-31', '06:00:00.000000', 75, 91, 4, 11, 18),
(402, 28, '2023-05-31', '06:00:00.000000', 75, 93, 2, 10, 18),
(403, 29, '2023-05-31', '06:00:00.000000', 78, 92, 3, 11, 17),
(404, 30, '2023-05-31', '06:00:00.000000', 75, 91, 4, 11, 18),
(405, 31, '2023-05-31', '06:00:00.000000', 75, 93, 2, 10, 18),
(406, 32, '2023-05-31', '06:00:00.000000', 78, 92, 3, 11, 17),
(407, 33, '2023-05-31', '06:00:00.000000', 75, 91, 4, 11, 18),
(408, 34, '2023-05-31', '06:00:00.000000', 75, 93, 2, 10, 18),
(409, 35, '2023-05-31', '06:00:00.000000', 78, 92, 3, 11, 17),
(410, 36, '2023-05-31', '06:00:00.000000', 75, 91, 4, 11, 18),
(411, 37, '2023-05-31', '06:00:00.000000', 75, 93, 2, 10, 18),
(412, 38, '2023-05-31', '06:00:00.000000', 78, 92, 3, 11, 17),
(413, 39, '2023-05-31', '06:00:00.000000', 75, 91, 4, 11, 18),
(414, 40, '2023-05-31', '06:00:00.000000', 75, 93, 2, 10, 18),
(415, 41, '2023-05-31', '06:00:00.000000', 78, 92, 3, 11, 17),
(416, 42, '2023-05-31', '06:00:00.000000', 75, 91, 4, 11, 18),
(417, 43, '2023-05-31', '06:00:00.000000', 75, 93, 2, 10, 18),
(418, 44, '2023-05-31', '06:00:00.000000', 78, 92, 3, 11, 17),
(419, 45, '2023-05-31', '06:00:00.000000', 75, 91, 4, 11, 18),
(420, 46, '2023-05-31', '06:00:00.000000', 75, 93, 2, 10, 18),
(421, 47, '2023-05-31', '06:00:00.000000', 78, 92, 3, 11, 17),
(422, 48, '2023-05-31', '06:00:00.000000', 75, 91, 4, 11, 18),
(423, 49, '2023-05-31', '06:00:00.000000', 75, 93, 2, 10, 18),
(424, 50, '2023-05-31', '06:00:00.000000', 78, 92, 3, 11, 17),
(425, 51, '2023-05-31', '06:00:00.000000', 75, 91, 4, 11, 18),
(426, 52, '2023-05-31', '06:00:00.000000', 75, 93, 2, 10, 18),
(427, 53, '2023-05-31', '06:00:00.000000', 78, 92, 3, 11, 17),
(428, 54, '2023-05-31', '06:00:00.000000', 75, 91, 4, 11, 18),
(429, 55, '2023-05-31', '06:00:00.000000', 75, 93, 2, 10, 18),
(430, 56, '2023-05-31', '06:00:00.000000', 78, 92, 3, 11, 17),
(431, 57, '2023-05-31', '06:00:00.000000', 75, 91, 4, 11, 18),
(432, 58, '2023-05-31', '06:00:00.000000', 75, 93, 2, 10, 18),
(433, 59, '2023-05-31', '06:00:00.000000', 78, 92, 3, 11, 17),
(434, 60, '2023-05-31', '06:00:00.000000', 75, 91, 4, 11, 18),
(435, 61, '2023-05-31', '06:00:00.000000', 75, 93, 2, 10, 18),
(436, 62, '2023-05-31', '06:00:00.000000', 78, 92, 3, 11, 17),
(437, 63, '2023-05-31', '06:00:00.000000', 75, 91, 4, 11, 18),
(438, 64, '2023-05-31', '06:00:00.000000', 75, 93, 2, 10, 18),
(439, 65, '2023-05-31', '06:00:00.000000', 78, 92, 3, 11, 17),
(440, 66, '2023-05-31', '06:00:00.000000', 75, 91, 4, 11, 18),
(441, 67, '2023-05-31', '06:00:00.000000', 75, 93, 2, 10, 18),
(442, 68, '2023-05-31', '06:00:00.000000', 78, 92, 3, 11, 17),
(443, 69, '2023-05-31', '06:00:00.000000', 75, 91, 4, 11, 18),
(444, 70, '2023-05-31', '06:00:00.000000', 75, 93, 2, 10, 18),
(445, 71, '2023-05-31', '06:00:00.000000', 78, 92, 3, 11, 17),
(446, 72, '2023-05-31', '06:00:00.000000', 75, 91, 4, 11, 18),
(447, 73, '2023-05-31', '06:00:00.000000', 75, 93, 2, 10, 18),
(448, 74, '2023-05-31', '06:00:00.000000', 78, 92, 3, 11, 17),
(449, 75, '2023-05-31', '06:00:00.000000', 75, 91, 4, 11, 18),
(450, 1, '2023-05-31', '12:00:00.000000', 78, 92, 3, 11, 17),
(451, 2, '2023-05-31', '12:00:00.000000', 75, 91, 4, 11, 18),
(452, 3, '2023-05-31', '12:00:00.000000', 75, 93, 2, 10, 18),
(453, 4, '2023-05-31', '12:00:00.000000', 78, 92, 3, 11, 17),
(454, 5, '2023-05-31', '12:00:00.000000', 75, 91, 4, 11, 18),
(455, 6, '2023-05-31', '12:00:00.000000', 75, 93, 2, 10, 18),
(456, 7, '2023-05-31', '12:00:00.000000', 78, 92, 3, 11, 17),
(457, 8, '2023-05-31', '12:00:00.000000', 75, 91, 4, 11, 18),
(458, 9, '2023-05-31', '12:00:00.000000', 75, 93, 2, 10, 18),
(459, 10, '2023-05-31', '12:00:00.000000', 78, 92, 3, 11, 17),
(460, 11, '2023-05-31', '12:00:00.000000', 75, 91, 4, 11, 18),
(461, 12, '2023-05-31', '12:00:00.000000', 75, 93, 2, 10, 18),
(462, 13, '2023-05-31', '12:00:00.000000', 78, 92, 3, 11, 17),
(463, 14, '2023-05-31', '12:00:00.000000', 75, 91, 4, 11, 18),
(464, 15, '2023-05-31', '12:00:00.000000', 75, 93, 2, 10, 18),
(465, 16, '2023-05-31', '12:00:00.000000', 78, 92, 3, 11, 17),
(466, 17, '2023-05-31', '12:00:00.000000', 75, 91, 4, 11, 18),
(467, 18, '2023-05-31', '12:00:00.000000', 75, 93, 2, 10, 18),
(468, 19, '2023-05-31', '12:00:00.000000', 78, 92, 3, 11, 17),
(469, 20, '2023-05-31', '12:00:00.000000', 75, 91, 4, 11, 18),
(470, 21, '2023-05-31', '12:00:00.000000', 75, 93, 2, 10, 18),
(471, 22, '2023-05-31', '12:00:00.000000', 78, 92, 3, 11, 17),
(472, 23, '2023-05-31', '12:00:00.000000', 75, 91, 4, 11, 18),
(473, 24, '2023-05-31', '12:00:00.000000', 75, 93, 2, 10, 18),
(474, 25, '2023-05-31', '12:00:00.000000', 78, 92, 3, 11, 17),
(475, 26, '2023-05-31', '12:00:00.000000', 75, 91, 4, 11, 18),
(476, 27, '2023-05-31', '12:00:00.000000', 75, 93, 2, 10, 18),
(477, 28, '2023-05-31', '12:00:00.000000', 78, 92, 3, 11, 17),
(478, 29, '2023-05-31', '12:00:00.000000', 75, 91, 4, 11, 18),
(479, 30, '2023-05-31', '12:00:00.000000', 75, 93, 2, 10, 18),
(480, 31, '2023-05-31', '12:00:00.000000', 78, 92, 3, 11, 17),
(481, 32, '2023-05-31', '12:00:00.000000', 75, 91, 4, 11, 18),
(482, 33, '2023-05-31', '12:00:00.000000', 75, 93, 2, 10, 18),
(483, 34, '2023-05-31', '12:00:00.000000', 78, 92, 3, 11, 17),
(484, 35, '2023-05-31', '12:00:00.000000', 75, 91, 4, 11, 18),
(485, 36, '2023-05-31', '12:00:00.000000', 75, 93, 2, 10, 18),
(486, 37, '2023-05-31', '12:00:00.000000', 78, 92, 3, 11, 17),
(487, 38, '2023-05-31', '12:00:00.000000', 75, 91, 4, 11, 18),
(488, 39, '2023-05-31', '12:00:00.000000', 75, 93, 2, 10, 18),
(489, 40, '2023-05-31', '12:00:00.000000', 78, 92, 3, 11, 17),
(490, 41, '2023-05-31', '12:00:00.000000', 75, 91, 4, 11, 18),
(491, 42, '2023-05-31', '12:00:00.000000', 75, 93, 2, 10, 18),
(492, 43, '2023-05-31', '12:00:00.000000', 78, 92, 3, 11, 17),
(493, 44, '2023-05-31', '12:00:00.000000', 75, 91, 4, 11, 18),
(494, 45, '2023-05-31', '12:00:00.000000', 75, 93, 2, 10, 18),
(495, 46, '2023-05-31', '12:00:00.000000', 78, 92, 3, 11, 17),
(496, 47, '2023-05-31', '12:00:00.000000', 75, 91, 4, 11, 18),
(497, 48, '2023-05-31', '12:00:00.000000', 75, 93, 2, 10, 18),
(498, 49, '2023-05-31', '12:00:00.000000', 78, 92, 3, 11, 17),
(499, 50, '2023-05-31', '12:00:00.000000', 75, 91, 4, 11, 18),
(500, 51, '2023-05-31', '12:00:00.000000', 75, 93, 2, 10, 18),
(501, 52, '2023-05-31', '12:00:00.000000', 78, 92, 3, 11, 17),
(502, 53, '2023-05-31', '12:00:00.000000', 75, 91, 4, 11, 18),
(503, 54, '2023-05-31', '12:00:00.000000', 75, 93, 2, 10, 18),
(504, 55, '2023-05-31', '12:00:00.000000', 78, 92, 3, 11, 17),
(505, 56, '2023-05-31', '12:00:00.000000', 75, 91, 4, 11, 18),
(506, 57, '2023-05-31', '12:00:00.000000', 75, 93, 2, 10, 18),
(507, 58, '2023-05-31', '12:00:00.000000', 78, 92, 3, 11, 17),
(508, 59, '2023-05-31', '12:00:00.000000', 75, 91, 4, 11, 18),
(509, 60, '2023-05-31', '12:00:00.000000', 75, 93, 2, 10, 18),
(510, 61, '2023-05-31', '12:00:00.000000', 78, 92, 3, 11, 17),
(511, 62, '2023-05-31', '12:00:00.000000', 75, 91, 4, 11, 18),
(512, 63, '2023-05-31', '12:00:00.000000', 75, 93, 2, 10, 18),
(513, 64, '2023-05-31', '12:00:00.000000', 78, 92, 3, 11, 17),
(514, 65, '2023-05-31', '12:00:00.000000', 75, 91, 4, 11, 18),
(515, 66, '2023-05-31', '12:00:00.000000', 75, 93, 2, 10, 18),
(516, 67, '2023-05-31', '12:00:00.000000', 78, 92, 3, 11, 17),
(517, 68, '2023-05-31', '12:00:00.000000', 75, 91, 4, 11, 18),
(518, 69, '2023-05-31', '12:00:00.000000', 75, 93, 2, 10, 18),
(519, 70, '2023-05-31', '12:00:00.000000', 78, 92, 3, 11, 17),
(520, 71, '2023-05-31', '12:00:00.000000', 75, 91, 4, 11, 18),
(521, 72, '2023-05-31', '12:00:00.000000', 75, 93, 2, 10, 18),
(522, 73, '2023-05-31', '12:00:00.000000', 78, 92, 3, 11, 17),
(523, 74, '2023-05-31', '12:00:00.000000', 75, 91, 4, 11, 18),
(524, 75, '2023-05-31', '12:00:00.000000', 75, 93, 2, 10, 18),
(525, 1, '2023-05-31', '18:00:00.000000', 78, 92, 3, 11, 17),
(526, 2, '2023-05-31', '18:00:00.000000', 75, 91, 4, 11, 18),
(527, 3, '2023-05-31', '18:00:00.000000', 75, 93, 2, 10, 18),
(528, 4, '2023-05-31', '18:00:00.000000', 78, 92, 3, 11, 17),
(529, 5, '2023-05-31', '18:00:00.000000', 75, 91, 4, 11, 18),
(530, 6, '2023-05-31', '18:00:00.000000', 75, 93, 2, 10, 18),
(531, 7, '2023-05-31', '18:00:00.000000', 78, 92, 3, 11, 17),
(532, 8, '2023-05-31', '18:00:00.000000', 75, 91, 4, 11, 18),
(533, 9, '2023-05-31', '18:00:00.000000', 75, 93, 2, 10, 18),
(534, 10, '2023-05-31', '18:00:00.000000', 78, 92, 3, 11, 17),
(535, 11, '2023-05-31', '18:00:00.000000', 75, 91, 4, 11, 18),
(536, 12, '2023-05-31', '18:00:00.000000', 75, 93, 2, 10, 18),
(537, 13, '2023-05-31', '18:00:00.000000', 78, 92, 3, 11, 17),
(538, 14, '2023-05-31', '18:00:00.000000', 75, 91, 4, 11, 18),
(539, 15, '2023-05-31', '18:00:00.000000', 75, 93, 2, 10, 18),
(540, 16, '2023-05-31', '18:00:00.000000', 78, 92, 3, 11, 17),
(541, 17, '2023-05-31', '18:00:00.000000', 75, 91, 4, 11, 18),
(542, 18, '2023-05-31', '18:00:00.000000', 75, 93, 2, 10, 18),
(543, 19, '2023-05-31', '18:00:00.000000', 78, 92, 3, 11, 17),
(544, 20, '2023-05-31', '18:00:00.000000', 75, 91, 4, 11, 18),
(545, 21, '2023-05-31', '18:00:00.000000', 75, 93, 2, 10, 18),
(546, 22, '2023-05-31', '18:00:00.000000', 78, 92, 3, 11, 17),
(547, 23, '2023-05-31', '18:00:00.000000', 75, 91, 4, 11, 18),
(548, 24, '2023-05-31', '18:00:00.000000', 75, 93, 2, 10, 18),
(549, 25, '2023-05-31', '18:00:00.000000', 78, 92, 3, 11, 17),
(550, 26, '2023-05-31', '18:00:00.000000', 75, 91, 4, 11, 18),
(551, 27, '2023-05-31', '18:00:00.000000', 75, 93, 2, 10, 18),
(552, 28, '2023-05-31', '18:00:00.000000', 78, 92, 3, 11, 17),
(553, 29, '2023-05-31', '18:00:00.000000', 75, 91, 4, 11, 18),
(554, 30, '2023-05-31', '18:00:00.000000', 75, 93, 2, 10, 18),
(555, 31, '2023-05-31', '18:00:00.000000', 78, 92, 3, 11, 17),
(556, 32, '2023-05-31', '18:00:00.000000', 75, 91, 4, 11, 18),
(557, 33, '2023-05-31', '18:00:00.000000', 75, 93, 2, 10, 18),
(558, 34, '2023-05-31', '18:00:00.000000', 78, 92, 3, 11, 17),
(559, 35, '2023-05-31', '18:00:00.000000', 75, 91, 4, 11, 18),
(560, 36, '2023-05-31', '18:00:00.000000', 75, 93, 2, 10, 18),
(561, 37, '2023-05-31', '18:00:00.000000', 78, 92, 3, 11, 17),
(562, 38, '2023-05-31', '18:00:00.000000', 75, 91, 4, 11, 18),
(563, 39, '2023-05-31', '18:00:00.000000', 75, 93, 2, 10, 18),
(564, 40, '2023-05-31', '18:00:00.000000', 78, 92, 3, 11, 17),
(565, 41, '2023-05-31', '18:00:00.000000', 75, 91, 4, 11, 18),
(566, 42, '2023-05-31', '18:00:00.000000', 75, 93, 2, 10, 18),
(567, 43, '2023-05-31', '18:00:00.000000', 78, 92, 3, 11, 17),
(568, 44, '2023-05-31', '18:00:00.000000', 76, 91, 2, 10, 18),
(569, 45, '2023-05-31', '18:00:00.000000', 79, 89, 3, 11, 17),
(570, 46, '2023-05-31', '18:00:00.000000', 77, 90, 4, 12, 18),
(571, 47, '2023-05-31', '18:00:00.000000', 76, 92, 2, 10, 18),
(572, 48, '2023-05-31', '18:00:00.000000', 78, 91, 3, 11, 17),
(573, 49, '2023-05-31', '18:00:00.000000', 77, 90, 4, 11, 18),
(574, 50, '2023-05-31', '18:00:00.000000', 76, 91, 2, 10, 18),
(575, 51, '2023-05-31', '18:00:00.000000', 78, 83, 2, 10, 15),
(576, 52, '2023-05-31', '18:00:00.000000', 78, 87, 2, 10, 16),
(577, 53, '2023-05-31', '18:00:00.000000', 79, 82, 2, 10, 16),
(578, 54, '2023-05-31', '18:00:00.000000', 78, 85, 2, 10, 16),
(579, 55, '2023-05-31', '18:00:00.000000', 77, 83, 2, 10, 16),
(580, 56, '2023-05-31', '18:00:00.000000', 76, 84, 2, 10, 16),
(581, 57, '2023-05-31', '18:00:00.000000', 79, 81, 2, 10, 16),
(582, 58, '2023-05-31', '18:00:00.000000', 78, 86, 2, 10, 16),
(583, 59, '2023-05-31', '18:00:00.000000', 76, 82, 2, 10, 16),
(584, 60, '2023-05-31', '18:00:00.000000', 76, 85, 2, 10, 16),
(585, 61, '2023-05-31', '18:00:00.000000', 79, 83, 2, 10, 15),
(586, 62, '2023-05-31', '18:00:00.000000', 78, 84, 2, 10, 16),
(587, 63, '2023-05-31', '18:00:00.000000', 76, 81, 2, 10, 15),
(588, 64, '2023-05-31', '18:00:00.000000', 76, 86, 2, 10, 16),
(589, 65, '2023-05-31', '18:00:00.000000', 79, 82, 2, 10, 15),
(590, 66, '2023-05-31', '18:00:00.000000', 77, 85, 2, 10, 15),
(591, 67, '2023-05-31', '18:00:00.000000', 76, 83, 2, 10, 15),
(592, 68, '2023-05-31', '18:00:00.000000', 76, 84, 2, 10, 15),
(593, 69, '2023-05-31', '18:00:00.000000', 79, 81, 2, 10, 15),
(594, 70, '2023-05-31', '18:00:00.000000', 77, 86, 2, 10, 15),
(595, 71, '2023-05-31', '18:00:00.000000', 76, 82, 2, 10, 15),
(596, 72, '2023-05-31', '18:00:00.000000', 75, 85, 2, 10, 15),
(597, 73, '2023-05-31', '18:00:00.000000', 78, 83, 2, 10, 15),
(598, 74, '2023-05-31', '18:00:00.000000', 77, 84, 2, 10, 15),
(599, 75, '2023-05-31', '18:00:00.000000', 76, 81, 2, 10, 15),
(601, 1, '2023-06-01', '00:00:00.000000', 25, 60, 1, 9, 5),
(602, 2, '2023-06-01', '00:00:00.000000', 26, 58, 1, 9, 5),
(603, 3, '2023-06-01', '00:00:00.000000', 27, 59, 1, 9, 5),
(604, 4, '2023-06-01', '00:00:00.000000', 25, 61, 1, 8, 5),
(605, 5, '2023-06-01', '00:00:00.000000', 25, 57, 1, 9, 5),
(606, 6, '2023-06-01', '00:00:00.000000', 25, 60, 1, 9, 5),
(607, 7, '2023-06-01', '00:00:00.000000', 26, 58, 1, 9, 5),
(608, 8, '2023-06-01', '00:00:00.000000', 26, 59, 1, 9, 5),
(609, 9, '2023-06-01', '00:00:00.000000', 25, 61, 1, 8, 5),
(610, 10, '2023-06-01', '00:00:00.000000', 25, 57, 1, 9, 5),
(611, 11, '2023-06-01', '00:00:00.000000', 25, 60, 1, 9, 5),
(612, 12, '2023-06-01', '00:00:00.000000', 26, 58, 1, 9, 5),
(613, 13, '2023-06-01', '00:00:00.000000', 26, 59, 1, 9, 5),
(614, 14, '2023-06-01', '00:00:00.000000', 25, 61, 1, 8, 5),
(615, 15, '2023-06-01', '00:00:00.000000', 25, 57, 1, 9, 5),
(616, 16, '2023-06-01', '00:00:00.000000', 26, 60, 1, 9, 5),
(617, 17, '2023-06-01', '00:00:00.000000', 25, 58, 1, 9, 5),
(618, 18, '2023-06-01', '00:00:00.000000', 27, 59, 1, 9, 5),
(619, 19, '2023-06-01', '00:00:00.000000', 25, 61, 1, 8, 5),
(620, 20, '2023-06-01', '00:00:00.000000', 25, 57, 1, 9, 5),
(621, 21, '2023-06-01', '00:00:00.000000', 25, 60, 1, 9, 5),
(622, 22, '2023-06-01', '00:00:00.000000', 26, 58, 1, 9, 5),
(623, 23, '2023-06-01', '00:00:00.000000', 26, 59, 1, 9, 5),
(624, 24, '2023-06-01', '00:00:00.000000', 25, 61, 1, 8, 5),
(625, 25, '2023-06-01', '00:00:00.000000', 25, 57, 1, 9, 5),
(626, 1, '2023-06-01', '00:00:00.000000', 25, 60, 1, 9, 5),
(627, 2, '2023-06-01', '00:00:00.000000', 26, 58, 1, 9, 5),
(628, 3, '2023-06-01', '00:00:00.000000', 27, 59, 1, 9, 5),
(629, 4, '2023-06-01', '00:00:00.000000', 25, 61, 1, 8, 5),
(630, 5, '2023-06-01', '00:00:00.000000', 25, 57, 1, 9, 5),
(631, 6, '2023-06-01', '00:00:00.000000', 25, 60, 1, 9, 5),
(632, 7, '2023-06-01', '00:00:00.000000', 26, 58, 1, 9, 5),
(633, 8, '2023-06-01', '00:00:00.000000', 26, 59, 1, 9, 5),
(634, 9, '2023-06-01', '00:00:00.000000', 25, 61, 1, 8, 5),
(635, 10, '2023-06-01', '00:00:00.000000', 25, 57, 1, 9, 5),
(636, 11, '2023-06-01', '00:00:00.000000', 25, 60, 1, 9, 5),
(637, 12, '2023-06-01', '00:00:00.000000', 26, 58, 1, 9, 5),
(638, 13, '2023-06-01', '00:00:00.000000', 26, 59, 1, 9, 5),
(639, 14, '2023-06-01', '00:00:00.000000', 25, 61, 1, 8, 5),
(640, 15, '2023-06-01', '00:00:00.000000', 25, 57, 1, 9, 5),
(641, 16, '2023-06-01', '00:00:00.000000', 25, 60, 1, 9, 5),
(642, 17, '2023-06-01', '00:00:00.000000', 26, 58, 1, 9, 5),
(643, 18, '2023-06-01', '00:00:00.000000', 26, 59, 1, 9, 5),
(644, 19, '2023-06-01', '00:00:00.000000', 25, 61, 1, 8, 5),
(645, 20, '2023-06-01', '00:00:00.000000', 25, 57, 1, 9, 5),
(646, 21, '2023-06-01', '00:00:00.000000', 25, 60, 1, 9, 5),
(647, 22, '2023-06-01', '00:00:00.000000', 25, 58, 1, 9, 5),
(648, 23, '2023-06-01', '00:00:00.000000', 26, 59, 1, 9, 5),
(649, 24, '2023-06-01', '00:00:00.000000', 25, 61, 1, 8, 5),
(650, 25, '2023-06-01', '00:00:00.000000', 25, 57, 1, 9, 5),
(651, 26, '2023-06-01', '00:00:00.000000', 25, 60, 1, 9, 5),
(652, 27, '2023-06-01', '00:00:00.000000', 25, 58, 1, 9, 5),
(653, 28, '2023-06-01', '00:00:00.000000', 26, 59, 1, 9, 5),
(654, 29, '2023-06-01', '00:00:00.000000', 24, 61, 1, 8, 5),
(655, 30, '2023-06-01', '00:00:00.000000', 25, 57, 1, 9, 5),
(656, 31, '2023-06-01', '00:00:00.000000', 25, 60, 1, 9, 5),
(657, 32, '2023-06-01', '00:00:00.000000', 25, 58, 1, 9, 5),
(658, 33, '2023-06-01', '00:00:00.000000', 26, 59, 1, 9, 5),
(659, 34, '2023-06-01', '00:00:00.000000', 24, 61, 1, 8, 5),
(660, 35, '2023-06-01', '00:00:00.000000', 25, 57, 1, 9, 5),
(661, 36, '2023-06-01', '00:00:00.000000', 25, 60, 1, 9, 5),
(662, 37, '2023-06-01', '00:00:00.000000', 25, 58, 1, 9, 5),
(663, 38, '2023-06-01', '00:00:00.000000', 26, 59, 1, 9, 5),
(664, 39, '2023-06-01', '00:00:00.000000', 24, 61, 1, 8, 5),
(665, 40, '2023-06-01', '00:00:00.000000', 25, 57, 1, 9, 5),
(666, 41, '2023-06-01', '00:00:00.000000', 24, 60, 1, 9, 5),
(667, 42, '2023-06-01', '00:00:00.000000', 25, 58, 1, 9, 5),
(668, 43, '2023-06-01', '00:00:00.000000', 26, 59, 1, 9, 5),
(669, 44, '2023-06-01', '00:00:00.000000', 24, 61, 1, 8, 5),
(670, 45, '2023-06-01', '00:00:00.000000', 25, 57, 1, 9, 5),
(671, 46, '2023-06-01', '00:00:00.000000', 24, 60, 1, 9, 5),
(672, 47, '2023-06-01', '00:00:00.000000', 25, 58, 1, 9, 5),
(673, 48, '2023-06-01', '00:00:00.000000', 26, 59, 1, 9, 5),
(674, 49, '2023-06-01', '00:00:00.000000', 24, 61, 1, 8, 5),
(675, 50, '2023-06-01', '00:00:00.000000', 25, 57, 1, 9, 5),
(676, 51, '2023-06-01', '00:00:00.000000', 24, 60, 1, 9, 5),
(677, 52, '2023-06-01', '00:00:00.000000', 25, 58, 1, 9, 5),
(678, 53, '2023-06-01', '00:00:00.000000', 26, 59, 1, 9, 5),
(679, 54, '2023-06-01', '00:00:00.000000', 24, 61, 1, 8, 5),
(680, 55, '2023-06-01', '00:00:00.000000', 24, 57, 1, 9, 5),
(681, 56, '2023-06-01', '00:00:00.000000', 24, 60, 1, 9, 5),
(682, 57, '2023-06-01', '00:00:00.000000', 25, 58, 1, 9, 5),
(683, 58, '2023-06-01', '00:00:00.000000', 25, 59, 1, 9, 5),
(684, 59, '2023-06-01', '00:00:00.000000', 24, 61, 1, 8, 5),
(685, 60, '2023-06-01', '00:00:00.000000', 24, 57, 1, 9, 5),
(686, 61, '2023-06-01', '00:00:00.000000', 24, 60, 1, 9, 5),
(687, 62, '2023-06-01', '00:00:00.000000', 25, 58, 1, 9, 5),
(688, 63, '2023-06-01', '00:00:00.000000', 25, 59, 1, 9, 5),
(689, 64, '2023-06-01', '00:00:00.000000', 24, 61, 1, 8, 5),
(690, 65, '2023-06-01', '00:00:00.000000', 24, 57, 1, 9, 5),
(691, 66, '2023-06-01', '00:00:00.000000', 24, 60, 1, 9, 5),
(692, 67, '2023-06-01', '00:00:00.000000', 25, 58, 1, 9, 5),
(693, 68, '2023-06-01', '00:00:00.000000', 25, 59, 1, 9, 5),
(694, 69, '2023-06-01', '00:00:00.000000', 24, 61, 1, 8, 5),
(695, 70, '2023-06-01', '00:00:00.000000', 24, 57, 1, 9, 5),
(696, 71, '2023-06-01', '00:00:00.000000', 24, 60, 1, 9, 5),
(697, 72, '2023-06-01', '00:00:00.000000', 24, 58, 1, 9, 5),
(698, 73, '2023-06-01', '00:00:00.000000', 25, 59, 1, 9, 5),
(699, 74, '2023-06-01', '00:00:00.000000', 24, 61, 1, 8, 5),
(700, 75, '2023-06-01', '00:00:00.000000', 24, 57, 1, 9, 5),
(701, 1, '2023-06-01', '06:00:00.000000', 24, 65, 1, 9, 9),
(702, 2, '2023-06-01', '06:00:00.000000', 23, 68, 1, 9, 9),
(703, 3, '2023-06-01', '06:00:00.000000', 24, 63, 1, 9, 9),
(704, 4, '2023-06-01', '06:00:00.000000', 24, 67, 1, 9, 9),
(705, 5, '2023-06-01', '06:00:00.000000', 23, 64, 1, 9, 9),
(706, 6, '2023-06-01', '06:00:00.000000', 23, 68, 1, 9, 9),
(707, 7, '2023-06-01', '06:00:00.000000', 24, 63, 1, 9, 9),
(708, 8, '2023-06-01', '06:00:00.000000', 24, 67, 1, 9, 9),
(709, 9, '2023-06-01', '06:00:00.000000', 23, 64, 1, 9, 9),
(710, 10, '2023-06-01', '06:00:00.000000', 23, 68, 1, 9, 9),
(711, 11, '2023-06-01', '06:00:00.000000', 24, 63, 1, 9, 9),
(712, 12, '2023-06-01', '06:00:00.000000', 24, 67, 1, 9, 9),
(713, 13, '2023-06-01', '06:00:00.000000', 23, 64, 1, 9, 9),
(714, 14, '2023-06-01', '06:00:00.000000', 23, 68, 1, 9, 9),
(715, 15, '2023-06-01', '06:00:00.000000', 24, 63, 1, 9, 9),
(716, 16, '2023-06-01', '06:00:00.000000', 23, 67, 1, 9, 9),
(717, 17, '2023-06-01', '06:00:00.000000', 23, 64, 1, 9, 9),
(718, 18, '2023-06-01', '06:00:00.000000', 23, 68, 1, 9, 9),
(719, 19, '2023-06-01', '06:00:00.000000', 24, 63, 1, 9, 9),
(720, 20, '2023-06-01', '06:00:00.000000', 23, 67, 1, 9, 9),
(721, 21, '2023-06-01', '06:00:00.000000', 22, 64, 1, 9, 9),
(722, 22, '2023-06-01', '06:00:00.000000', 23, 68, 1, 9, 9),
(723, 23, '2023-06-01', '06:00:00.000000', 24, 63, 1, 9, 9),
(724, 24, '2023-06-01', '06:00:00.000000', 23, 67, 1, 9, 9),
(725, 25, '2023-06-01', '06:00:00.000000', 22, 64, 1, 9, 9),
(726, 26, '2023-06-01', '06:00:00.000000', 23, 68, 1, 9, 9),
(727, 27, '2023-06-01', '06:00:00.000000', 24, 63, 1, 9, 9),
(728, 28, '2023-06-01', '06:00:00.000000', 23, 67, 1, 9, 9),
(729, 29, '2023-06-01', '06:00:00.000000', 22, 64, 1, 9, 9),
(730, 30, '2023-06-01', '06:00:00.000000', 23, 68, 1, 9, 9),
(731, 31, '2023-06-01', '06:00:00.000000', 23, 63, 1, 9, 9),
(732, 32, '2023-06-01', '06:00:00.000000', 23, 67, 1, 9, 9),
(733, 33, '2023-06-01', '06:00:00.000000', 22, 64, 1, 9, 9),
(734, 34, '2023-06-01', '06:00:00.000000', 23, 68, 1, 9, 9),
(735, 35, '2023-06-01', '06:00:00.000000', 23, 63, 1, 9, 9),
(736, 36, '2023-06-01', '06:00:00.000000', 23, 67, 1, 9, 9),
(737, 37, '2023-06-01', '06:00:00.000000', 24, 64, 1, 9, 9),
(738, 38, '2023-06-01', '06:00:00.000000', 23, 68, 1, 9, 9),
(739, 39, '2023-06-01', '06:00:00.000000', 22, 63, 1, 9, 9),
(740, 40, '2023-06-01', '06:00:00.000000', 23, 67, 1, 9, 9),
(741, 41, '2023-06-01', '06:00:00.000000', 22, 64, 1, 9, 9),
(742, 42, '2023-06-01', '06:00:00.000000', 23, 68, 1, 9, 9),
(743, 43, '2023-06-01', '06:00:00.000000', 22, 63, 1, 9, 9),
(744, 44, '2023-06-01', '06:00:00.000000', 23, 67, 1, 9, 9),
(745, 45, '2023-06-01', '06:00:00.000000', 23, 64, 1, 9, 9),
(746, 46, '2023-06-01', '06:00:00.000000', 23, 68, 1, 9, 9),
(747, 47, '2023-06-01', '06:00:00.000000', 23, 63, 1, 9, 9),
(748, 48, '2023-06-01', '06:00:00.000000', 22, 67, 1, 9, 9),
(749, 49, '2023-06-01', '06:00:00.000000', 22, 64, 1, 9, 9),
(750, 50, '2023-06-01', '06:00:00.000000', 22, 68, 1, 9, 9),
(751, 51, '2023-06-01', '06:00:00.000000', 24, 63, 1, 9, 9),
(752, 52, '2023-06-01', '06:00:00.000000', 22, 67, 1, 9, 9),
(753, 53, '2023-06-01', '06:00:00.000000', 22, 64, 1, 9, 9),
(754, 54, '2023-06-01', '06:00:00.000000', 22, 68, 1, 9, 9),
(755, 55, '2023-06-01', '06:00:00.000000', 23, 63, 1, 9, 9),
(756, 56, '2023-06-01', '06:00:00.000000', 22, 67, 1, 9, 9),
(757, 57, '2023-06-01', '06:00:00.000000', 22, 64, 1, 9, 9),
(758, 58, '2023-06-01', '06:00:00.000000', 23, 68, 1, 9, 9),
(759, 59, '2023-06-01', '06:00:00.000000', 22, 63, 1, 9, 9),
(760, 60, '2023-06-01', '06:00:00.000000', 22, 67, 1, 9, 9),
(761, 61, '2023-06-01', '06:00:00.000000', 22, 64, 1, 9, 9),
(762, 62, '2023-06-01', '06:00:00.000000', 23, 68, 1, 9, 9),
(763, 63, '2023-06-01', '06:00:00.000000', 21, 63, 1, 9, 9),
(764, 64, '2023-06-01', '06:00:00.000000', 22, 67, 1, 9, 9),
(765, 65, '2023-06-01', '06:00:00.000000', 23, 64, 1, 9, 9),
(766, 66, '2023-06-01', '06:00:00.000000', 22, 68, 1, 9, 9),
(767, 67, '2023-06-01', '06:00:00.000000', 22, 63, 1, 9, 9),
(768, 68, '2023-06-01', '06:00:00.000000', 22, 67, 1, 9, 9),
(769, 69, '2023-06-01', '06:00:00.000000', 21, 64, 1, 9, 9),
(770, 70, '2023-06-01', '06:00:00.000000', 22, 68, 1, 9, 9),
(771, 71, '2023-06-01', '06:00:00.000000', 22, 63, 1, 9, 9),
(772, 72, '2023-06-01', '06:00:00.000000', 21, 67, 1, 9, 9),
(773, 73, '2023-06-01', '06:00:00.000000', 22, 64, 1, 9, 9),
(774, 74, '2023-06-01', '06:00:00.000000', 21, 68, 1, 9, 9),
(775, 75, '2023-06-01', '06:00:00.000000', 21, 63, 1, 9, 9),
(776, 1, '2023-06-01', '12:00:00.000000', 26, 45, 1, 6, 10),
(777, 2, '2023-06-01', '12:00:00.000000', 26, 47, 1, 6, 10),
(778, 3, '2023-06-01', '12:00:00.000000', 25, 46, 1, 6, 10),
(779, 4, '2023-06-01', '12:00:00.000000', 25, 45, 1, 6, 10),
(780, 5, '2023-06-01', '12:00:00.000000', 26, 47, 1, 6, 10),
(781, 6, '2023-06-01', '12:00:00.000000', 25, 46, 1, 6, 10),
(782, 7, '2023-06-01', '12:00:00.000000', 25, 45, 1, 6, 10),
(783, 8, '2023-06-01', '12:00:00.000000', 26, 47, 1, 6, 10),
(784, 9, '2023-06-01', '12:00:00.000000', 25, 46, 1, 6, 10),
(785, 10, '2023-06-01', '12:00:00.000000', 25, 45, 1, 6, 10),
(786, 11, '2023-06-01', '12:00:00.000000', 26, 47, 1, 6, 10),
(787, 12, '2023-06-01', '12:00:00.000000', 25, 46, 1, 6, 10),
(788, 13, '2023-06-01', '12:00:00.000000', 26, 45, 1, 6, 10),
(789, 14, '2023-06-01', '12:00:00.000000', 27, 47, 1, 6, 10),
(790, 15, '2023-06-01', '12:00:00.000000', 25, 46, 1, 6, 10),
(791, 16, '2023-06-01', '12:00:00.000000', 25, 45, 1, 6, 10),
(792, 17, '2023-06-01', '12:00:00.000000', 26, 47, 1, 6, 10),
(793, 18, '2023-06-01', '12:00:00.000000', 25, 46, 1, 6, 10),
(794, 19, '2023-06-01', '12:00:00.000000', 26, 45, 1, 6, 10),
(795, 20, '2023-06-01', '12:00:00.000000', 27, 47, 1, 6, 10),
(796, 21, '2023-06-01', '12:00:00.000000', 26, 46, 1, 6, 10),
(797, 22, '2023-06-01', '12:00:00.000000', 25, 45, 1, 6, 10),
(798, 23, '2023-06-01', '12:00:00.000000', 26, 47, 1, 6, 10),
(799, 24, '2023-06-01', '12:00:00.000000', 25, 46, 1, 6, 10),
(800, 25, '2023-06-01', '12:00:00.000000', 26, 45, 1, 6, 10),
(801, 26, '2023-06-01', '12:00:00.000000', 26, 47, 1, 6, 10),
(802, 27, '2023-06-01', '12:00:00.000000', 25, 46, 1, 6, 10),
(803, 28, '2023-06-01', '12:00:00.000000', 25, 45, 1, 6, 10),
(804, 29, '2023-06-01', '12:00:00.000000', 26, 47, 1, 6, 10),
(805, 30, '2023-06-01', '12:00:00.000000', 25, 46, 1, 6, 10),
(806, 31, '2023-06-01', '12:00:00.000000', 26, 45, 1, 6, 10),
(807, 32, '2023-06-01', '12:00:00.000000', 26, 47, 1, 6, 10),
(808, 33, '2023-06-01', '12:00:00.000000', 25, 46, 1, 6, 10),
(809, 34, '2023-06-01', '12:00:00.000000', 26, 45, 1, 6, 10),
(810, 35, '2023-06-01', '12:00:00.000000', 26, 47, 1, 6, 10),
(811, 36, '2023-06-01', '12:00:00.000000', 25, 46, 1, 6, 10),
(812, 37, '2023-06-01', '12:00:00.000000', 25, 45, 1, 6, 10),
(813, 38, '2023-06-01', '12:00:00.000000', 26, 47, 1, 6, 10),
(814, 39, '2023-06-01', '12:00:00.000000', 25, 46, 1, 6, 10),
(815, 40, '2023-06-01', '12:00:00.000000', 25, 45, 1, 6, 10),
(816, 41, '2023-06-01', '12:00:00.000000', 26, 47, 1, 6, 10),
(817, 42, '2023-06-01', '12:00:00.000000', 25, 46, 1, 6, 10),
(818, 43, '2023-06-01', '12:00:00.000000', 26, 45, 1, 6, 10),
(819, 44, '2023-06-01', '12:00:00.000000', 27, 47, 1, 6, 10),
(820, 45, '2023-06-01', '12:00:00.000000', 25, 46, 1, 6, 10),
(821, 46, '2023-06-01', '12:00:00.000000', 25, 45, 1, 6, 10),
(822, 47, '2023-06-01', '12:00:00.000000', 26, 47, 1, 6, 10),
(823, 48, '2023-06-01', '12:00:00.000000', 25, 46, 1, 6, 10),
(824, 49, '2023-06-01', '12:00:00.000000', 26, 45, 1, 6, 10),
(825, 50, '2023-06-01', '12:00:00.000000', 27, 47, 1, 6, 10),
(826, 51, '2023-06-01', '12:00:00.000000', 25, 46, 1, 6, 10),
(827, 52, '2023-06-01', '12:00:00.000000', 79, 85, 3, 10, 16);
INSERT INTO `mediciones` (`id_medicion`, `id_sonda`, `fecha_medicion`, `hora_medicion`, `medicion_salinidad`, `medicion_humedad`, `medicion_luminosidad`, `medicion_ph`, `medicion_temperatura`) VALUES
(828, 53, '2023-06-01', '12:00:00.000000', 79, 82, 2, 10, 16),
(829, 54, '2023-06-01', '12:00:00.000000', 77, 84, 3, 10, 16),
(830, 55, '2023-06-01', '12:00:00.000000', 76, 81, 2, 10, 16),
(831, 56, '2023-06-01', '12:00:00.000000', 76, 83, 3, 10, 16),
(832, 57, '2023-06-01', '12:00:00.000000', 80, 80, 2, 10, 16),
(833, 58, '2023-06-01', '12:00:00.000000', 78, 85, 3, 10, 16),
(834, 59, '2023-06-01', '12:00:00.000000', 77, 82, 2, 10, 16),
(835, 60, '2023-06-01', '12:00:00.000000', 76, 84, 3, 10, 16),
(836, 61, '2023-06-01', '12:00:00.000000', 79, 81, 2, 10, 16),
(837, 62, '2023-06-01', '12:00:00.000000', 78, 83, 3, 10, 16),
(838, 63, '2023-06-01', '12:00:00.000000', 77, 80, 2, 10, 16),
(839, 64, '2023-06-01', '12:00:00.000000', 76, 85, 3, 10, 16),
(840, 65, '2023-06-01', '12:00:00.000000', 79, 82, 2, 10, 16),
(841, 66, '2023-06-01', '12:00:00.000000', 78, 84, 3, 10, 16),
(842, 67, '2023-06-01', '12:00:00.000000', 76, 81, 2, 10, 16),
(843, 68, '2023-06-01', '12:00:00.000000', 76, 83, 3, 10, 16),
(844, 69, '2023-06-01', '12:00:00.000000', 80, 80, 2, 10, 15),
(845, 70, '2023-06-01', '12:00:00.000000', 79, 85, 3, 10, 16),
(846, 71, '2023-06-01', '12:00:00.000000', 77, 82, 2, 10, 16),
(847, 72, '2023-06-01', '12:00:00.000000', 77, 84, 3, 10, 16),
(848, 73, '2023-06-01', '12:00:00.000000', 80, 81, 2, 10, 15),
(849, 74, '2023-06-01', '12:00:00.000000', 78, 83, 3, 10, 16),
(850, 75, '2023-06-01', '12:00:00.000000', 77, 80, 2, 10, 15),
(901, 1, '2023-06-03', '00:00:00.000000', 24, 68, 1, 6, 8),
(902, 2, '2023-06-03', '00:00:00.000000', 23, 71, 1, 6, 8),
(903, 3, '2023-06-03', '00:00:00.000000', 25, 67, 1, 6, 8),
(904, 4, '2023-06-03', '00:00:00.000000', 24, 69, 1, 5, 8),
(905, 5, '2023-06-03', '00:00:00.000000', 24, 70, 1, 6, 8),
(906, 6, '2023-06-03', '00:00:00.000000', 23, 68, 1, 6, 8),
(907, 7, '2023-06-03', '00:00:00.000000', 25, 71, 1, 6, 8),
(908, 8, '2023-06-03', '00:00:00.000000', 24, 67, 1, 5, 8),
(909, 9, '2023-06-03', '00:00:00.000000', 24, 69, 1, 6, 8),
(910, 10, '2023-06-03', '00:00:00.000000', 23, 70, 1, 6, 8),
(911, 1, '2023-06-03', '06:00:00.000000', 25, 66, 1, 6, 8),
(912, 2, '2023-06-03', '06:00:00.000000', 25, 69, 1, 6, 8),
(913, 3, '2023-06-03', '06:00:00.000000', 26, 65, 1, 6, 8),
(914, 4, '2023-06-03', '06:00:00.000000', 25, 67, 1, 6, 8),
(915, 5, '2023-06-03', '06:00:00.000000', 25, 68, 1, 6, 8),
(916, 6, '2023-06-03', '06:00:00.000000', 24, 66, 1, 6, 8),
(917, 7, '2023-06-03', '06:00:00.000000', 26, 69, 1, 6, 8),
(918, 8, '2023-06-03', '06:00:00.000000', 26, 65, 1, 6, 8),
(919, 9, '2023-06-03', '06:00:00.000000', 25, 67, 1, 6, 8),
(920, 10, '2023-06-03', '06:00:00.000000', 24, 68, 1, 6, 8),
(921, 1, '2023-06-03', '12:00:00.000000', 25, 65, 1, 6, 8),
(922, 2, '2023-06-03', '12:00:00.000000', 25, 68, 1, 6, 8),
(923, 3, '2023-06-03', '12:00:00.000000', 26, 64, 1, 6, 9),
(924, 4, '2023-06-03', '12:00:00.000000', 26, 66, 1, 6, 8),
(925, 5, '2023-06-03', '12:00:00.000000', 25, 67, 1, 6, 8),
(926, 6, '2023-06-03', '12:00:00.000000', 24, 65, 1, 6, 8),
(927, 7, '2023-06-03', '12:00:00.000000', 26, 68, 1, 6, 9),
(928, 8, '2023-06-03', '12:00:00.000000', 26, 64, 1, 6, 8),
(929, 9, '2023-06-03', '12:00:00.000000', 25, 66, 1, 6, 8),
(930, 10, '2023-06-03', '12:00:00.000000', 24, 67, 1, 6, 8),
(931, 1, '2023-06-03', '18:00:00.000000', 25, 64, 1, 6, 9),
(932, 2, '2023-06-03', '18:00:00.000000', 25, 67, 1, 6, 8),
(933, 3, '2023-06-03', '18:00:00.000000', 26, 63, 1, 6, 9),
(934, 4, '2023-06-03', '18:00:00.000000', 26, 65, 1, 6, 8),
(935, 5, '2023-06-03', '18:00:00.000000', 25, 66, 1, 6, 9),
(936, 6, '2023-06-03', '18:00:00.000000', 24, 64, 1, 6, 8),
(937, 7, '2023-06-03', '18:00:00.000000', 26, 67, 1, 6, 9),
(938, 8, '2023-06-03', '18:00:00.000000', 26, 63, 1, 6, 8),
(939, 9, '2023-06-03', '18:00:00.000000', 25, 65, 1, 6, 9),
(940, 10, '2023-06-03', '18:00:00.000000', 25, 66, 1, 6, 8),
(941, 1, '2023-06-03', '00:00:00.000000', 25, 65, 1, 6, 8),
(942, 2, '2023-06-03', '00:00:00.000000', 25, 68, 1, 6, 8),
(943, 3, '2023-06-03', '00:00:00.000000', 26, 63, 1, 6, 8),
(944, 4, '2023-06-03', '00:00:00.000000', 24, 70, 1, 5, 8),
(945, 5, '2023-06-03', '00:00:00.000000', 26, 66, 1, 6, 8),
(946, 6, '2023-06-03', '00:00:00.000000', 25, 69, 1, 6, 8),
(947, 7, '2023-06-03', '00:00:00.000000', 26, 64, 1, 6, 8),
(948, 8, '2023-06-03', '00:00:00.000000', 24, 71, 1, 5, 8),
(949, 9, '2023-06-03', '00:00:00.000000', 25, 67, 1, 6, 8),
(950, 10, '2023-06-03', '00:00:00.000000', 25, 68, 1, 6, 8),
(951, 1, '2023-06-03', '06:00:00.000000', 25, 66, 1, 6, 8),
(952, 2, '2023-06-03', '06:00:00.000000', 25, 69, 1, 6, 8),
(953, 3, '2023-06-03', '06:00:00.000000', 26, 64, 1, 6, 8),
(954, 4, '2023-06-03', '06:00:00.000000', 24, 71, 1, 5, 8),
(955, 5, '2023-06-03', '06:00:00.000000', 26, 67, 1, 6, 8),
(956, 6, '2023-06-03', '06:00:00.000000', 25, 68, 1, 6, 8),
(957, 7, '2023-06-03', '06:00:00.000000', 26, 65, 1, 6, 8),
(958, 8, '2023-06-03', '06:00:00.000000', 24, 72, 1, 5, 8),
(959, 9, '2023-06-03', '06:00:00.000000', 25, 67, 1, 6, 8),
(960, 10, '2023-06-03', '06:00:00.000000', 25, 68, 1, 6, 8),
(961, 1, '2023-06-03', '12:00:00.000000', 25, 68, 1, 6, 8),
(962, 2, '2023-06-03', '12:00:00.000000', 25, 71, 1, 6, 8),
(963, 3, '2023-06-03', '12:00:00.000000', 26, 66, 1, 6, 8),
(964, 4, '2023-06-03', '12:00:00.000000', 24, 73, 1, 5, 8),
(965, 5, '2023-06-03', '12:00:00.000000', 25, 69, 1, 6, 8),
(966, 6, '2023-06-03', '12:00:00.000000', 25, 70, 1, 6, 8),
(967, 7, '2023-06-03', '12:00:00.000000', 26, 65, 1, 6, 8),
(968, 8, '2023-06-03', '12:00:00.000000', 24, 74, 1, 5, 8),
(969, 9, '2023-06-03', '12:00:00.000000', 25, 69, 1, 6, 8),
(970, 10, '2023-06-03', '12:00:00.000000', 25, 70, 1, 6, 8),
(971, 1, '2023-06-03', '18:00:00.000000', 25, 69, 1, 6, 8),
(972, 2, '2023-06-03', '18:00:00.000000', 24, 72, 1, 6, 8),
(973, 3, '2023-06-03', '18:00:00.000000', 26, 67, 1, 6, 8),
(974, 4, '2023-06-03', '18:00:00.000000', 24, 75, 1, 5, 8),
(975, 5, '2023-06-03', '18:00:00.000000', 25, 70, 1, 6, 8),
(976, 6, '2023-06-03', '18:00:00.000000', 25, 71, 1, 6, 8),
(977, 7, '2023-06-03', '18:00:00.000000', 26, 66, 1, 6, 8),
(978, 8, '2023-06-03', '18:00:00.000000', 23, 73, 1, 5, 8),
(979, 9, '2023-06-03', '18:00:00.000000', 25, 70, 1, 6, 8),
(980, 10, '2023-06-03', '18:00:00.000000', 25, 71, 1, 6, 8),
(981, 1, '2023-06-04', '00:00:00.000000', 25, 70, 1, 6, 8),
(982, 2, '2023-06-04', '00:00:00.000000', 25, 73, 1, 6, 8),
(983, 3, '2023-06-04', '00:00:00.000000', 26, 68, 1, 6, 8),
(984, 4, '2023-06-04', '00:00:00.000000', 24, 76, 1, 5, 8),
(985, 5, '2023-06-04', '00:00:00.000000', 25, 71, 1, 6, 8),
(986, 6, '2023-06-04', '00:00:00.000000', 25, 72, 1, 6, 8),
(987, 7, '2023-06-04', '00:00:00.000000', 26, 67, 1, 6, 8),
(988, 8, '2023-06-04', '00:00:00.000000', 24, 74, 1, 5, 8),
(989, 9, '2023-06-04', '00:00:00.000000', 25, 71, 1, 6, 8),
(990, 10, '2023-06-04', '00:00:00.000000', 25, 72, 1, 6, 8),
(991, 1, '2023-06-04', '06:00:00.000000', 25, 71, 1, 6, 8),
(992, 2, '2023-06-04', '06:00:00.000000', 24, 74, 1, 6, 8),
(993, 3, '2023-06-04', '06:00:00.000000', 26, 69, 1, 6, 8),
(994, 4, '2023-06-04', '06:00:00.000000', 24, 77, 1, 5, 8),
(995, 5, '2023-06-04', '06:00:00.000000', 25, 72, 1, 6, 8),
(996, 6, '2023-06-04', '06:00:00.000000', 25, 73, 1, 6, 8),
(997, 7, '2023-06-04', '06:00:00.000000', 26, 68, 1, 6, 8),
(998, 8, '2023-06-04', '06:00:00.000000', 23, 75, 1, 5, 8),
(999, 9, '2023-06-04', '06:00:00.000000', 25, 72, 1, 6, 8),
(1000, 10, '2023-06-04', '06:00:00.000000', 25, 73, 1, 6, 8),
(1001, 1, '2023-06-04', '12:00:00.000000', 25, 72, 1, 6, 8),
(1002, 2, '2023-06-04', '12:00:00.000000', 25, 75, 1, 6, 8),
(1003, 3, '2023-06-04', '12:00:00.000000', 26, 70, 1, 6, 8),
(1004, 4, '2023-06-04', '12:00:00.000000', 24, 78, 1, 5, 8),
(1005, 5, '2023-06-04', '12:00:00.000000', 25, 73, 1, 6, 8),
(1006, 6, '2023-06-04', '12:00:00.000000', 25, 74, 1, 6, 8),
(1007, 7, '2023-06-04', '12:00:00.000000', 26, 69, 1, 6, 8),
(1008, 8, '2023-06-04', '12:00:00.000000', 24, 76, 1, 5, 8),
(1009, 9, '2023-06-04', '12:00:00.000000', 25, 73, 1, 6, 8),
(1010, 10, '2023-06-04', '12:00:00.000000', 25, 74, 1, 6, 8),
(1011, 1, '2023-06-04', '18:00:00.000000', 25, 73, 1, 6, 8),
(1012, 2, '2023-06-04', '18:00:00.000000', 24, 76, 1, 6, 8),
(1013, 3, '2023-06-04', '18:00:00.000000', 26, 71, 1, 6, 8),
(1014, 4, '2023-06-04', '18:00:00.000000', 24, 79, 1, 5, 8),
(1015, 5, '2023-06-04', '18:00:00.000000', 25, 74, 1, 6, 8),
(1016, 6, '2023-06-04', '18:00:00.000000', 25, 75, 1, 6, 8),
(1017, 7, '2023-06-04', '18:00:00.000000', 26, 70, 1, 6, 8),
(1018, 8, '2023-06-04', '18:00:00.000000', 23, 77, 1, 5, 8),
(1019, 9, '2023-06-04', '18:00:00.000000', 25, 74, 1, 6, 8),
(1020, 10, '2023-06-04', '18:00:00.000000', 25, 75, 1, 6, 8),
(1021, 1, '2023-06-05', '00:00:00.000000', 25, 74, 1, 6, 8),
(1022, 2, '2023-06-05', '00:00:00.000000', 25, 77, 1, 6, 8),
(1023, 3, '2023-06-05', '00:00:00.000000', 26, 72, 1, 6, 8),
(1024, 4, '2023-06-05', '00:00:00.000000', 24, 80, 1, 5, 8),
(1025, 5, '2023-06-05', '00:00:00.000000', 25, 75, 1, 6, 8),
(1026, 6, '2023-06-05', '00:00:00.000000', 25, 76, 1, 6, 8),
(1027, 7, '2023-06-05', '00:00:00.000000', 26, 71, 1, 6, 8),
(1028, 8, '2023-06-05', '00:00:00.000000', 24, 78, 1, 5, 8),
(1029, 9, '2023-06-05', '00:00:00.000000', 25, 75, 1, 6, 8),
(1030, 10, '2023-06-05', '00:00:00.000000', 25, 76, 1, 6, 8),
(1031, 1, '2023-06-05', '06:00:00.000000', 25, 75, 1, 6, 8),
(1032, 2, '2023-06-05', '06:00:00.000000', 24, 78, 1, 6, 8),
(1033, 3, '2023-06-05', '06:00:00.000000', 26, 73, 1, 6, 8),
(1034, 4, '2023-06-05', '06:00:00.000000', 24, 81, 1, 5, 8),
(1035, 5, '2023-06-05', '06:00:00.000000', 25, 76, 1, 6, 8),
(1036, 6, '2023-06-05', '06:00:00.000000', 25, 77, 1, 6, 8),
(1037, 7, '2023-06-05', '06:00:00.000000', 26, 72, 1, 6, 8),
(1038, 8, '2023-06-05', '06:00:00.000000', 23, 79, 1, 5, 8),
(1039, 9, '2023-06-05', '06:00:00.000000', 25, 76, 1, 6, 8),
(1040, 10, '2023-06-05', '06:00:00.000000', 25, 77, 1, 6, 8),
(1041, 1, '2023-06-05', '12:00:00.000000', 25, 76, 1, 6, 8),
(1042, 2, '2023-06-05', '12:00:00.000000', 25, 79, 1, 6, 8),
(1043, 3, '2023-06-05', '12:00:00.000000', 26, 74, 1, 6, 8),
(1044, 4, '2023-06-05', '12:00:00.000000', 24, 82, 1, 5, 8),
(1045, 5, '2023-06-05', '12:00:00.000000', 25, 77, 1, 6, 8),
(1046, 6, '2023-06-05', '12:00:00.000000', 25, 78, 1, 6, 8),
(1047, 7, '2023-06-05', '12:00:00.000000', 26, 73, 1, 6, 8),
(1048, 8, '2023-06-05', '12:00:00.000000', 24, 80, 1, 5, 8),
(1049, 9, '2023-06-05', '12:00:00.000000', 25, 77, 1, 6, 8),
(1050, 10, '2023-06-05', '12:00:00.000000', 25, 78, 1, 6, 8),
(1051, 1, '2023-06-05', '18:00:00.000000', 25, 77, 1, 6, 8),
(1052, 2, '2023-06-05', '18:00:00.000000', 24, 80, 1, 6, 8),
(1053, 3, '2023-06-05', '18:00:00.000000', 26, 75, 1, 6, 8),
(1054, 4, '2023-06-05', '18:00:00.000000', 24, 83, 1, 5, 8),
(1055, 5, '2023-06-05', '18:00:00.000000', 25, 78, 1, 6, 8),
(1056, 6, '2023-06-05', '18:00:00.000000', 25, 79, 1, 6, 8),
(1057, 7, '2023-06-05', '18:00:00.000000', 26, 74, 1, 6, 8),
(1058, 8, '2023-06-05', '18:00:00.000000', 23, 81, 1, 5, 8),
(1059, 9, '2023-06-05', '18:00:00.000000', 25, 78, 1, 6, 8),
(1060, 10, '2023-06-05', '18:00:00.000000', 25, 79, 1, 6, 8),
(1061, 1, '2023-06-06', '00:00:00.000000', 25, 78, 1, 6, 8),
(1062, 2, '2023-06-06', '00:00:00.000000', 25, 81, 1, 6, 8),
(1063, 3, '2023-06-06', '00:00:00.000000', 26, 76, 1, 6, 8),
(1064, 4, '2023-06-06', '00:00:00.000000', 24, 84, 1, 5, 8),
(1065, 5, '2023-06-06', '00:00:00.000000', 25, 79, 1, 6, 8),
(1066, 6, '2023-06-06', '00:00:00.000000', 25, 80, 1, 6, 8),
(1067, 7, '2023-06-06', '00:00:00.000000', 26, 75, 1, 6, 8),
(1068, 8, '2023-06-06', '00:00:00.000000', 24, 82, 1, 5, 8),
(1069, 9, '2023-06-06', '00:00:00.000000', 25, 79, 1, 6, 8),
(1070, 10, '2023-06-06', '00:00:00.000000', 25, 80, 1, 6, 8),
(1071, 1, '2023-06-06', '06:00:00.000000', 25, 79, 1, 6, 8),
(1072, 2, '2023-06-06', '06:00:00.000000', 24, 82, 1, 6, 8),
(1073, 3, '2023-06-06', '06:00:00.000000', 26, 77, 1, 6, 8),
(1074, 4, '2023-06-06', '06:00:00.000000', 24, 85, 1, 5, 8),
(1075, 5, '2023-06-06', '06:00:00.000000', 25, 80, 1, 6, 8),
(1076, 6, '2023-06-06', '06:00:00.000000', 25, 81, 1, 6, 8),
(1077, 7, '2023-06-06', '06:00:00.000000', 26, 76, 1, 6, 8),
(1078, 8, '2023-06-06', '06:00:00.000000', 23, 83, 1, 5, 8),
(1079, 9, '2023-06-06', '06:00:00.000000', 25, 80, 1, 6, 8),
(1080, 10, '2023-06-06', '06:00:00.000000', 25, 81, 1, 6, 8),
(1081, 1, '2023-06-06', '12:00:00.000000', 25, 80, 1, 6, 8),
(1082, 2, '2023-06-06', '12:00:00.000000', 25, 83, 1, 6, 8),
(1083, 3, '2023-06-06', '12:00:00.000000', 26, 78, 1, 6, 8),
(1084, 4, '2023-06-06', '12:00:00.000000', 24, 86, 1, 5, 8),
(1085, 5, '2023-06-06', '12:00:00.000000', 25, 81, 1, 6, 8),
(1086, 6, '2023-06-06', '12:00:00.000000', 25, 82, 1, 6, 8),
(1087, 7, '2023-06-06', '12:00:00.000000', 26, 77, 1, 6, 8),
(1088, 8, '2023-06-06', '12:00:00.000000', 24, 84, 1, 5, 8),
(1089, 9, '2023-06-06', '12:00:00.000000', 25, 81, 1, 6, 8),
(1090, 10, '2023-06-06', '12:00:00.000000', 25, 82, 1, 6, 8),
(1091, 1, '2023-06-06', '18:00:00.000000', 25, 81, 1, 6, 8),
(1092, 2, '2023-06-06', '18:00:00.000000', 24, 84, 1, 6, 8),
(1093, 3, '2023-06-06', '18:00:00.000000', 26, 79, 1, 6, 8),
(1094, 4, '2023-06-06', '18:00:00.000000', 24, 87, 1, 5, 8),
(1095, 5, '2023-06-06', '18:00:00.000000', 25, 82, 1, 6, 8),
(1096, 6, '2023-06-06', '18:00:00.000000', 25, 83, 1, 6, 8),
(1097, 7, '2023-06-06', '18:00:00.000000', 26, 78, 1, 6, 8),
(1098, 8, '2023-06-06', '18:00:00.000000', 23, 85, 1, 5, 8),
(1099, 9, '2023-06-06', '18:00:00.000000', 25, 82, 1, 6, 8),
(1100, 10, '2023-06-06', '18:00:00.000000', 25, 83, 1, 6, 8),
(1101, 1, '2023-06-07', '00:00:00.000000', 25, 82, 1, 6, 8),
(1102, 2, '2023-06-07', '00:00:00.000000', 25, 85, 1, 6, 8),
(1103, 3, '2023-06-07', '00:00:00.000000', 26, 80, 1, 6, 8),
(1104, 4, '2023-06-07', '00:00:00.000000', 24, 88, 1, 5, 8),
(1105, 5, '2023-06-07', '00:00:00.000000', 25, 83, 1, 6, 8),
(1106, 6, '2023-06-07', '00:00:00.000000', 25, 84, 1, 6, 8),
(1107, 7, '2023-06-07', '00:00:00.000000', 26, 79, 1, 6, 8),
(1108, 8, '2023-06-07', '00:00:00.000000', 24, 86, 1, 5, 8),
(1109, 9, '2023-06-07', '00:00:00.000000', 25, 83, 1, 6, 8),
(1110, 10, '2023-06-07', '00:00:00.000000', 25, 84, 1, 6, 8),
(1111, 1, '2023-06-07', '06:00:00.000000', 25, 83, 1, 6, 8),
(1112, 2, '2023-06-07', '06:00:00.000000', 24, 86, 1, 6, 8),
(1113, 3, '2023-06-07', '06:00:00.000000', 26, 81, 1, 6, 8),
(1114, 4, '2023-06-07', '06:00:00.000000', 24, 89, 1, 5, 8),
(1115, 5, '2023-06-07', '06:00:00.000000', 25, 84, 1, 6, 8),
(1116, 6, '2023-06-07', '06:00:00.000000', 25, 85, 1, 6, 8),
(1117, 7, '2023-06-07', '06:00:00.000000', 26, 80, 1, 6, 8),
(1118, 8, '2023-06-07', '06:00:00.000000', 23, 87, 1, 5, 8),
(1119, 9, '2023-06-07', '06:00:00.000000', 25, 84, 1, 6, 8),
(1120, 10, '2023-06-07', '06:00:00.000000', 25, 85, 1, 6, 8),
(1121, 1, '2023-06-07', '12:00:00.000000', 25, 84, 1, 6, 8),
(1122, 2, '2023-06-07', '12:00:00.000000', 25, 87, 1, 6, 8),
(1123, 3, '2023-06-07', '12:00:00.000000', 26, 82, 1, 6, 8),
(1124, 4, '2023-06-07', '12:00:00.000000', 24, 90, 1, 5, 8),
(1125, 5, '2023-06-07', '12:00:00.000000', 25, 85, 1, 6, 8),
(1126, 6, '2023-06-07', '12:00:00.000000', 25, 86, 1, 6, 8),
(1127, 7, '2023-06-07', '12:00:00.000000', 26, 81, 1, 6, 8),
(1128, 8, '2023-06-07', '12:00:00.000000', 24, 88, 1, 5, 8),
(1129, 9, '2023-06-07', '12:00:00.000000', 25, 85, 1, 6, 8),
(1130, 10, '2023-06-07', '12:00:00.000000', 25, 86, 1, 6, 8),
(1131, 1, '2023-06-07', '18:00:00.000000', 25, 85, 1, 6, 8),
(1132, 2, '2023-06-07', '18:00:00.000000', 24, 88, 1, 6, 8),
(1133, 3, '2023-06-07', '18:00:00.000000', 26, 83, 1, 6, 8),
(1134, 4, '2023-06-07', '18:00:00.000000', 24, 91, 1, 5, 8),
(1135, 5, '2023-06-07', '18:00:00.000000', 25, 86, 1, 6, 8),
(1136, 6, '2023-06-07', '18:00:00.000000', 25, 87, 1, 6, 8),
(1137, 7, '2023-06-07', '18:00:00.000000', 26, 82, 1, 6, 8),
(1138, 8, '2023-06-07', '18:00:00.000000', 23, 89, 1, 5, 8),
(1139, 9, '2023-06-07', '18:00:00.000000', 25, 86, 1, 6, 8),
(1140, 10, '2023-06-07', '18:00:00.000000', 25, 87, 1, 6, 8),
(1201, 1, '2023-06-09', '12:00:00.000000', 86, 80, 3, 10, 22),
(1202, 2, '2023-06-09', '12:00:00.000000', 87, 71, 4, 12, 17),
(1203, 3, '2023-06-09', '12:00:00.000000', 78, 88, 2, 9, 21),
(1204, 4, '2023-06-09', '12:00:00.000000', 93, 73, 3, 11, 19),
(1205, 5, '2023-06-09', '12:00:00.000000', 70, 86, 4, 13, 24),
(1206, 6, '2023-06-09', '12:00:00.000000', 98, 67, 2, 8, 16),
(1207, 7, '2023-06-09', '12:00:00.000000', 89, 91, 3, 10, 20),
(1208, 8, '2023-06-09', '12:00:00.000000', 83, 68, 4, 12, 14),
(1209, 9, '2023-06-09', '12:00:00.000000', 95, 94, 2, 9, 18),
(1210, 10, '2023-06-09', '12:00:00.000000', 68, 83, 3, 11, 25),
(1211, 1, '2023-06-09', '18:00:00.000000', 86, 79, 4, 13, 26),
(1212, 2, '2023-06-09', '18:00:00.000000', 86, 70, 2, 8, 15),
(1213, 3, '2023-06-09', '18:00:00.000000', 78, 88, 3, 10, 22),
(1214, 4, '2023-06-09', '18:00:00.000000', 95, 72, 4, 12, 17),
(1215, 5, '2023-06-09', '18:00:00.000000', 68, 85, 2, 9, 23),
(1216, 6, '2023-06-09', '18:00:00.000000', 99, 67, 3, 11, 16),
(1217, 7, '2023-06-09', '18:00:00.000000', 91, 91, 4, 13, 19),
(1218, 8, '2023-06-09', '18:00:00.000000', 85, 68, 2, 8, 21),
(1219, 9, '2023-06-09', '18:00:00.000000', 95, 94, 3, 10, 20),
(1220, 10, '2023-06-09', '18:00:00.000000', 67, 83, 4, 12, 18),
(1221, 1, '2023-06-10', '00:00:00.000000', 87, 78, 2, 9, 22),
(1222, 2, '2023-06-10', '00:00:00.000000', 87, 70, 3, 11, 14),
(1223, 3, '2023-06-10', '00:00:00.000000', 79, 87, 4, 13, 24),
(1224, 4, '2023-06-10', '00:00:00.000000', 96, 71, 2, 8, 15),
(1225, 5, '2023-06-10', '00:00:00.000000', 67, 83, 3, 10, 21),
(1226, 6, '2023-06-10', '00:00:00.000000', 100, 67, 4, 12, 17),
(1227, 7, '2023-06-10', '00:00:00.000000', 92, 90, 2, 9, 23),
(1228, 8, '2023-06-10', '00:00:00.000000', 86, 68, 3, 11, 19),
(1229, 9, '2023-06-10', '00:00:00.000000', 96, 93, 4, 13, 26),
(1230, 10, '2023-06-10', '00:00:00.000000', 66, 82, 2, 8, 16),
(1231, 1, '2023-06-10', '06:00:00.000000', 87, 77, 3, 10, 18),
(1232, 2, '2023-06-10', '06:00:00.000000', 87, 69, 4, 12, 21),
(1233, 3, '2023-06-10', '06:00:00.000000', 79, 87, 2, 9, 22),
(1234, 4, '2023-06-10', '06:00:00.000000', 97, 71, 3, 11, 20),
(1235, 5, '2023-06-10', '06:00:00.000000', 66, 81, 4, 13, 25),
(1236, 6, '2023-06-10', '06:00:00.000000', 99, 66, 2, 8, 14),
(1237, 7, '2023-06-10', '06:00:00.000000', 93, 89, 3, 10, 23),
(1238, 8, '2023-06-10', '06:00:00.000000', 87, 67, 4, 12, 17),
(1239, 9, '2023-06-10', '06:00:00.000000', 97, 93, 2, 9, 19),
(1240, 10, '2023-06-10', '06:00:00.000000', 65, 81, 3, 11, 24),
(1241, 1, '2023-06-10', '12:00:00.000000', 88, 77, 4, 13, 25),
(1242, 2, '2023-06-10', '12:00:00.000000', 87, 69, 2, 8, 15),
(1243, 3, '2023-06-10', '12:00:00.000000', 80, 86, 3, 10, 21),
(1244, 4, '2023-06-10', '12:00:00.000000', 98, 70, 4, 12, 16),
(1245, 5, '2023-06-10', '12:00:00.000000', 64, 80, 2, 9, 23),
(1246, 6, '2023-06-10', '12:00:00.000000', 99, 66, 3, 11, 18),
(1247, 7, '2023-06-10', '12:00:00.000000', 94, 88, 4, 13, 20),
(1248, 8, '2023-06-10', '12:00:00.000000', 89, 67, 2, 8, 22),
(1249, 9, '2023-06-10', '12:00:00.000000', 97, 92, 3, 10, 17),
(1250, 10, '2023-06-10', '12:00:00.000000', 64, 79, 4, 12, 26),
(1251, 1, '2023-06-10', '18:00:00.000000', 88, 76, 2, 9, 20),
(1252, 2, '2023-06-10', '18:00:00.000000', 87, 68, 3, 11, 24),
(1253, 3, '2023-06-10', '18:00:00.000000', 80, 86, 4, 13, 16),
(1254, 4, '2023-06-10', '18:00:00.000000', 98, 69, 2, 8, 21),
(1255, 5, '2023-06-10', '18:00:00.000000', 64, 79, 3, 10, 19),
(1256, 6, '2023-06-10', '18:00:00.000000', 97, 66, 4, 12, 23),
(1257, 7, '2023-06-10', '18:00:00.000000', 95, 87, 2, 9, 18),
(1258, 8, '2023-06-10', '18:00:00.000000', 90, 67, 3, 11, 22),
(1259, 9, '2023-06-10', '18:00:00.000000', 98, 92, 4, 13, 17),
(1260, 10, '2023-06-11', '00:00:00.000000', 63, 78, 2, 8, 25),
(1261, 1, '2023-06-11', '00:00:00.000000', 89, 75, 3, 10, 17),
(1262, 2, '2023-06-11', '00:00:00.000000', 87, 68, 4, 12, 22),
(1263, 3, '2023-06-11', '00:00:00.000000', 81, 85, 2, 9, 20),
(1264, 4, '2023-06-11', '00:00:00.000000', 98, 69, 3, 11, 23),
(1265, 5, '2023-06-11', '00:00:00.000000', 63, 78, 4, 13, 18),
(1266, 6, '2023-06-11', '00:00:00.000000', 99, 65, 2, 8, 16),
(1267, 7, '2023-06-11', '00:00:00.000000', 95, 87, 3, 10, 21),
(1268, 8, '2023-06-11', '00:00:00.000000', 91, 66, 4, 12, 19),
(1269, 9, '2023-06-11', '00:00:00.000000', 98, 91, 2, 9, 24),
(1270, 10, '2023-06-11', '00:00:00.000000', 62, 77, 3, 11, 15),
(1271, 1, '2023-06-11', '06:00:00.000000', 89, 75, 4, 13, 22),
(1272, 2, '2023-06-11', '06:00:00.000000', 88, 67, 2, 8, 17),
(1273, 3, '2023-06-11', '06:00:00.000000', 82, 85, 3, 10, 23),
(1274, 4, '2023-06-11', '06:00:00.000000', 99, 68, 4, 12, 18),
(1275, 5, '2023-06-11', '06:00:00.000000', 62, 76, 2, 9, 20),
(1276, 6, '2023-06-11', '06:00:00.000000', 98, 65, 3, 11, 24),
(1277, 7, '2023-06-11', '06:00:00.000000', 96, 86, 4, 13, 17),
(1278, 8, '2023-06-11', '06:00:00.000000', 92, 66, 2, 8, 21),
(1279, 9, '2023-06-11', '06:00:00.000000', 99, 91, 3, 10, 19),
(1280, 10, '2023-06-11', '06:00:00.000000', 61, 76, 4, 12, 25),
(1281, 1, '2023-06-11', '12:00:00.000000', 90, 74, 2, 9, 23),
(1282, 2, '2023-06-11', '12:00:00.000000', 88, 67, 3, 11, 19),
(1283, 3, '2023-06-11', '12:00:00.000000', 82, 84, 4, 13, 17),
(1284, 4, '2023-06-11', '12:00:00.000000', 99, 68, 2, 8, 24),
(1285, 5, '2023-06-11', '12:00:00.000000', 61, 75, 3, 10, 20),
(1286, 6, '2023-06-11', '12:00:00.000000', 85, 65, 4, 12, 22),
(1287, 7, '2023-06-11', '12:00:00.000000', 97, 85, 2, 9, 18),
(1288, 8, '2023-06-11', '12:00:00.000000', 93, 66, 3, 11, 25),
(1289, 9, '2023-06-11', '12:00:00.000000', 100, 90, 4, 13, 16),
(1290, 10, '2023-06-11', '12:00:00.000000', 60, 74, 2, 8, 21),
(1291, 1, '2023-06-11', '18:00:00.000000', 90, 74, 3, 10, 19),
(1292, 2, '2023-06-11', '18:00:00.000000', 88, 66, 4, 12, 23),
(1293, 3, '2023-06-11', '18:00:00.000000', 83, 84, 2, 9, 22),
(1294, 4, '2023-06-11', '18:00:00.000000', 100, 67, 3, 11, 17),
(1295, 5, '2023-06-11', '18:00:00.000000', 60, 74, 4, 13, 25),
(1296, 6, '2023-06-11', '18:00:00.000000', 90, 64, 2, 8, 20),
(1297, 7, '2023-06-11', '18:00:00.000000', 97, 85, 3, 10, 16),
(1298, 8, '2023-06-11', '18:00:00.000000', 94, 66, 4, 12, 24),
(1299, 9, '2023-06-11', '18:00:00.000000', 100, 90, 2, 9, 21),
(1300, 10, '2023-06-12', '00:00:00.000000', 59, 73, 3, 11, 17),
(1301, 1, '2023-06-12', '00:00:00.000000', 90, 73, 4, 13, 24),
(1302, 2, '2023-06-12', '00:00:00.000000', 88, 66, 2, 8, 20),
(1303, 3, '2023-06-12', '00:00:00.000000', 83, 83, 3, 10, 18),
(1304, 4, '2023-06-12', '00:00:00.000000', 100, 67, 4, 12, 23),
(1305, 5, '2023-06-12', '00:00:00.000000', 58, 73, 2, 9, 19),
(1306, 6, '2023-06-12', '00:00:00.000000', 99, 64, 3, 11, 21),
(1307, 7, '2023-06-12', '00:00:00.000000', 98, 84, 4, 13, 16),
(1308, 8, '2023-06-12', '00:00:00.000000', 95, 65, 2, 8, 25),
(1309, 9, '2023-06-12', '00:00:00.000000', 92, 89, 3, 10, 20),
(1310, 10, '2023-06-12', '00:00:00.000000', 58, 72, 4, 12, 22),
(1311, 1, '2023-06-12', '06:00:00.000000', 91, 73, 2, 9, 21),
(1312, 2, '2023-06-12', '06:00:00.000000', 89, 65, 3, 11, 17),
(1313, 3, '2023-06-12', '06:00:00.000000', 83, 83, 4, 13, 22),
(1314, 4, '2023-06-12', '06:00:00.000000', 98, 66, 2, 8, 20),
(1315, 5, '2023-06-12', '06:00:00.000000', 57, 71, 3, 10, 23),
(1316, 6, '2023-06-12', '06:00:00.000000', 96, 64, 4, 12, 18),
(1317, 7, '2023-06-12', '06:00:00.000000', 99, 84, 2, 9, 25),
(1318, 8, '2023-06-12', '06:00:00.000000', 95, 65, 3, 11, 19),
(1319, 9, '2023-06-12', '06:00:00.000000', 66, 89, 4, 13, 24),
(1320, 10, '2023-06-12', '06:00:00.000000', 56, 71, 2, 8, 16),
(1321, 1, '2023-06-12', '12:00:00.000000', 91, 72, 3, 10, 23),
(1322, 2, '2023-06-12', '12:00:00.000000', 89, 65, 4, 12, 19),
(1323, 3, '2023-06-12', '12:00:00.000000', 84, 82, 2, 9, 25),
(1324, 4, '2023-06-12', '12:00:00.000000', 98, 66, 3, 11, 20),
(1325, 5, '2023-06-12', '12:00:00.000000', 56, 70, 4, 13, 24),
(1326, 6, '2023-06-12', '12:00:00.000000', 92, 63, 2, 8, 18),
(1327, 7, '2023-06-12', '12:00:00.000000', 99, 83, 3, 10, 16),
(1328, 8, '2023-06-12', '12:00:00.000000', 96, 65, 4, 12, 22),
(1329, 9, '2023-06-12', '12:00:00.000000', 84, 88, 2, 9, 21),
(1330, 10, '2023-06-12', '12:00:00.000000', 55, 69, 3, 11, 17),
(1331, 1, '2023-06-12', '18:00:00.000000', 91, 72, 4, 13, 23),
(1332, 2, '2023-06-12', '18:00:00.000000', 89, 65, 2, 8, 19),
(1333, 3, '2023-06-12', '18:00:00.000000', 84, 81, 3, 10, 22),
(1334, 4, '2023-06-12', '18:00:00.000000', 91, 65, 4, 12, 16),
(1335, 5, '2023-06-12', '18:00:00.000000', 54, 69, 2, 9, 20),
(1336, 6, '2023-06-12', '18:00:00.000000', 94, 63, 3, 11, 24),
(1337, 7, '2023-06-12', '18:00:00.000000', 100, 83, 4, 13, 21),
(1338, 8, '2023-06-12', '18:00:00.000000', 97, 64, 2, 8, 17),
(1339, 9, '2023-06-12', '18:00:00.000000', 91, 88, 3, 10, 23),
(1340, 10, '2023-06-13', '00:00:00.000000', 54, 68, 4, 12, 22),
(1341, 1, '2023-06-13', '00:00:00.000000', 92, 71, 2, 9, 18),
(1342, 2, '2023-06-13', '00:00:00.000000', 89, 64, 3, 11, 24),
(1343, 3, '2023-06-13', '00:00:00.000000', 84, 81, 4, 13, 21),
(1344, 4, '2023-06-13', '00:00:00.000000', 92, 65, 2, 8, 17),
(1345, 5, '2023-06-13', '00:00:00.000000', 53, 67, 3, 10, 23),
(1346, 6, '2023-06-13', '00:00:00.000000', 94, 63, 4, 12, 19),
(1347, 7, '2023-06-13', '00:00:00.000000', 90, 82, 2, 9, 25),
(1348, 8, '2023-06-13', '00:00:00.000000', 97, 64, 3, 11, 20),
(1349, 9, '2023-06-13', '00:00:00.000000', 82, 87, 4, 13, 16),
(1350, 10, '2023-06-13', '00:00:00.000000', 52, 67, 2, 8, 24),
(1351, 1, '2023-06-13', '06:00:00.000000', 92, 71, 3, 10, 23),
(1352, 2, '2023-06-13', '06:00:00.000000', 90, 64, 4, 12, 19),
(1353, 3, '2023-06-13', '06:00:00.000000', 84, 80, 2, 9, 24),
(1354, 4, '2023-06-13', '06:00:00.000000', 94, 65, 3, 11, 18),
(1355, 5, '2023-06-13', '06:00:00.000000', 52, 66, 4, 13, 25),
(1356, 6, '2023-06-13', '06:00:00.000000', 96, 63, 2, 8, 20),
(1357, 7, '2023-06-13', '06:00:00.000000', 98, 82, 3, 10, 16),
(1358, 8, '2023-06-13', '06:00:00.000000', 98, 64, 4, 12, 25),
(1359, 9, '2023-06-13', '06:00:00.000000', 90, 87, 2, 9, 21),
(1360, 10, '2023-06-13', '06:00:00.000000', 51, 65, 3, 11, 17),
(1361, 1, '2023-06-13', '12:00:00.000000', 92, 70, 4, 13, 24),
(1362, 2, '2023-06-13', '12:00:00.000000', 90, 64, 2, 8, 20),
(1363, 3, '2023-06-13', '12:00:00.000000', 85, 79, 3, 10, 18),
(1364, 4, '2023-06-13', '12:00:00.000000', 94, 65, 4, 12, 25),
(1365, 5, '2023-06-13', '12:00:00.000000', 50, 65, 2, 9, 22),
(1366, 6, '2023-06-13', '12:00:00.000000', 97, 62, 3, 11, 16),
(1367, 7, '2023-06-13', '12:00:00.000000', 94, 81, 4, 13, 24),
(1368, 8, '2023-06-13', '12:00:00.000000', 98, 63, 2, 8, 17),
(1369, 9, '2023-06-13', '12:00:00.000000', 95, 86, 3, 10, 23),
(1370, 10, '2023-06-13', '12:00:00.000000', 50, 64, 4, 12, 21),
(1371, 1, '2023-06-13', '18:00:00.000000', 93, 70, 2, 9, 22),
(1372, 2, '2023-06-13', '18:00:00.000000', 90, 64, 3, 11, 16),
(1373, 3, '2023-06-13', '18:00:00.000000', 85, 79, 4, 13, 24),
(1374, 4, '2023-06-13', '18:00:00.000000', 84, 64, 2, 8, 21),
(1375, 5, '2023-06-13', '18:00:00.000000', 49, 64, 3, 10, 19),
(1376, 6, '2023-06-13', '18:00:00.000000', 95, 62, 4, 12, 23),
(1377, 7, '2023-06-13', '18:00:00.000000', 92, 81, 2, 9, 20),
(1378, 8, '2023-06-13', '18:00:00.000000', 99, 63, 3, 11, 17),
(1379, 9, '2023-06-13', '18:00:00.000000', 93, 86, 4, 13, 22),
(1380, 10, '2023-06-14', '00:00:00.000000', 48, 63, 2, 8, 24),
(1381, 1, '2023-06-14', '00:00:00.000000', 93, 69, 3, 10, 19),
(1382, 2, '2023-06-14', '00:00:00.000000', 90, 63, 4, 12, 23),
(1383, 3, '2023-06-14', '00:00:00.000000', 85, 78, 2, 9, 20),
(1384, 4, '2023-06-14', '00:00:00.000000', 93, 64, 3, 11, 16),
(1385, 5, '2023-06-14', '00:00:00.000000', 48, 64, 4, 13, 25),
(1386, 6, '2023-06-14', '00:00:00.000000', 95, 62, 2, 8, 21),
(1387, 7, '2023-06-14', '00:00:00.000000', 92, 80, 3, 10, 17),
(1388, 8, '2023-06-14', '00:00:00.000000', 99, 62, 4, 12, 22),
(1389, 9, '2023-06-14', '00:00:00.000000', 93, 85, 2, 9, 18),
(1390, 10, '2023-06-14', '00:00:00.000000', 47, 63, 3, 11, 24),
(1391, 1, '2023-06-14', '06:00:00.000000', 93, 69, 4, 13, 21),
(1392, 2, '2023-06-14', '06:00:00.000000', 91, 63, 2, 8, 17),
(1393, 3, '2023-06-14', '06:00:00.000000', 85, 77, 3, 10, 23),
(1394, 4, '2023-06-14', '06:00:00.000000', 93, 64, 4, 12, 19),
(1395, 5, '2023-06-14', '06:00:00.000000', 46, 63, 2, 9, 25),
(1396, 6, '2023-06-14', '06:00:00.000000', 96, 61, 3, 11, 22),
(1397, 7, '2023-06-14', '06:00:00.000000', 92, 80, 4, 13, 18),
(1398, 8, '2023-06-14', '06:00:00.000000', 100, 62, 2, 8, 24),
(1399, 9, '2023-06-14', '06:00:00.000000', 93, 85, 3, 10, 21),
(1400, 10, '2023-06-14', '06:00:00.000000', 46, 62, 4, 12, 17),
(1401, 1, '2023-06-14', '12:00:00.000000', 94, 68, 2, 9, 23),
(1402, 2, '2023-06-14', '12:00:00.000000', 91, 62, 3, 11, 19),
(1403, 3, '2023-06-14', '12:00:00.000000', 85, 77, 4, 13, 25),
(1404, 4, '2023-06-14', '12:00:00.000000', 93, 63, 2, 8, 22),
(1405, 5, '2023-06-14', '12:00:00.000000', 46, 62, 3, 10, 18),
(1406, 6, '2023-06-14', '12:00:00.000000', 96, 61, 4, 12, 23),
(1407, 7, '2023-06-14', '12:00:00.000000', 93, 79, 2, 9, 20),
(1408, 8, '2023-06-14', '12:00:00.000000', 100, 62, 3, 11, 16),
(1409, 9, '2023-06-14', '12:00:00.000000', 93, 84, 4, 13, 24),
(1410, 10, '2023-06-14', '12:00:00.000000', 45, 62, 2, 8, 21),
(1411, 1, '2023-06-14', '18:00:00.000000', 94, 68, 3, 10, 17),
(1412, 2, '2023-06-14', '18:00:00.000000', 91, 62, 4, 12, 24),
(1413, 3, '2023-06-14', '18:00:00.000000', 86, 76, 2, 9, 21),
(1414, 4, '2023-06-14', '18:00:00.000000', 94, 63, 3, 11, 16),
(1415, 5, '2023-06-14', '18:00:00.000000', 45, 61, 4, 13, 24),
(1416, 6, '2023-06-14', '18:00:00.000000', 96, 61, 2, 8, 21),
(1417, 7, '2023-06-14', '18:00:00.000000', 93, 79, 3, 10, 17),
(1418, 8, '2023-06-14', '18:00:00.000000', 90, 61, 4, 12, 25),
(1419, 9, '2023-06-14', '18:00:00.000000', 94, 84, 2, 9, 22),
(1420, 10, '2023-06-15', '00:00:00.000000', 45, 61, 3, 11, 18),
(1421, 1, '2023-06-15', '00:00:00.000000', 94, 67, 4, 13, 24),
(1422, 2, '2023-06-15', '00:00:00.000000', 92, 62, 2, 8, 21),
(1423, 3, '2023-06-15', '00:00:00.000000', 86, 75, 3, 10, 17),
(1424, 4, '2023-06-15', '00:00:00.000000', 94, 63, 4, 12, 25),
(1425, 5, '2023-06-15', '00:00:00.000000', 94, 60, 2, 9, 22),
(1426, 6, '2023-06-15', '00:00:00.000000', 96, 61, 3, 11, 18),
(1427, 7, '2023-06-15', '00:00:00.000000', 94, 78, 4, 13, 24),
(1428, 8, '2023-06-15', '00:00:00.000000', 91, 61, 2, 8, 20),
(1429, 9, '2023-06-15', '00:00:00.000000', 94, 83, 3, 10, 16),
(1430, 10, '2023-06-15', '00:00:00.000000', 44, 60, 4, 12, 23),
(1431, 1, '2023-06-15', '06:00:00.000000', 95, 67, 2, 9, 20),
(1432, 2, '2023-06-15', '06:00:00.000000', 92, 61, 3, 11, 16),
(1433, 3, '2023-06-15', '06:00:00.000000', 86, 75, 4, 13, 24),
(1434, 4, '2023-06-15', '06:00:00.000000', 94, 63, 2, 8, 19),
(1435, 5, '2023-06-15', '06:00:00.000000', 44, 59, 3, 10, 25),
(1436, 6, '2023-06-15', '06:00:00.000000', 97, 60, 4, 12, 23),
(1437, 7, '2023-06-15', '06:00:00.000000', 94, 78, 2, 9, 20),
(1438, 8, '2023-06-15', '06:00:00.000000', 91, 61, 3, 11, 16),
(1439, 9, '2023-06-15', '06:00:00.000000', 94, 83, 4, 13, 25),
(1440, 10, '2023-06-15', '06:00:00.000000', 43, 59, 2, 8, 24),
(1441, 1, '2023-06-15', '12:00:00.000000', 95, 66, 3, 10, 19),
(1442, 2, '2023-06-15', '12:00:00.000000', 92, 61, 4, 12, 23),
(1443, 3, '2023-06-15', '12:00:00.000000', 87, 74, 2, 9, 20),
(1444, 4, '2023-06-15', '12:00:00.000000', 94, 62, 3, 11, 16),
(1445, 5, '2023-06-15', '12:00:00.000000', 42, 58, 4, 13, 22),
(1446, 6, '2023-06-15', '12:00:00.000000', 97, 60, 2, 8, 21),
(1447, 7, '2023-06-15', '12:00:00.000000', 94, 77, 3, 10, 17),
(1448, 8, '2023-06-15', '12:00:00.000000', 91, 61, 4, 12, 24),
(1449, 9, '2023-06-15', '12:00:00.000000', 95, 82, 2, 9, 22),
(1450, 10, '2023-06-15', '12:00:00.000000', 42, 58, 3, 11, 19),
(1451, 1, '2023-06-15', '18:00:00.000000', 95, 66, 4, 13, 25),
(1452, 2, '2023-06-15', '18:00:00.000000', 93, 60, 2, 8, 22),
(1453, 3, '2023-06-15', '18:00:00.000000', 87, 73, 3, 10, 18),
(1454, 4, '2023-06-15', '18:00:00.000000', 95, 62, 4, 12, 23),
(1455, 5, '2023-06-15', '18:00:00.000000', 41, 57, 2, 9, 20),
(1456, 6, '2023-06-15', '18:00:00.000000', 97, 60, 3, 11, 16),
(1457, 7, '2023-06-15', '18:00:00.000000', 95, 77, 4, 13, 25),
(1458, 8, '2023-06-15', '18:00:00.000000', 92, 60, 2, 8, 22),
(1459, 9, '2023-06-15', '18:00:00.000000', 95, 82, 3, 10, 18),
(1460, 10, '2023-06-16', '00:00:00.000000', 40, 57, 4, 12, 24),
(1461, 1, '2023-06-16', '00:00:00.000000', 95, 65, 2, 9, 21),
(1462, 2, '2023-06-16', '00:00:00.000000', 93, 60, 3, 11, 17),
(1463, 3, '2023-06-16', '00:00:00.000000', 87, 73, 4, 13, 25),
(1464, 4, '2023-06-16', '00:00:00.000000', 95, 62, 2, 8, 22),
(1465, 5, '2023-06-16', '00:00:00.000000', 40, 56, 3, 10, 18),
(1466, 6, '2023-06-16', '00:00:00.000000', 97, 59, 4, 12, 25),
(1467, 7, '2023-06-16', '00:00:00.000000', 95, 76, 2, 9, 21),
(1468, 8, '2023-06-16', '00:00:00.000000', 92, 60, 3, 11, 17),
(1469, 9, '2023-06-16', '00:00:00.000000', 95, 81, 4, 13, 24),
(1470, 10, '2023-06-16', '00:00:00.000000', 68, 56, 2, 8, 21),
(1471, 1, '2023-06-16', '06:00:00.000000', 96, 65, 3, 10, 16),
(1472, 2, '2023-06-16', '06:00:00.000000', 93, 60, 4, 12, 25),
(1473, 3, '2023-06-16', '06:00:00.000000', 88, 72, 2, 9, 22),
(1474, 4, '2023-06-16', '06:00:00.000000', 95, 62, 3, 11, 18),
(1475, 5, '2023-06-16', '06:00:00.000000', 38, 55, 4, 13, 24),
(1476, 6, '2023-06-16', '06:00:00.000000', 98, 59, 2, 8, 21),
(1477, 7, '2023-06-16', '06:00:00.000000', 96, 76, 3, 10, 17),
(1478, 8, '2023-06-16', '06:00:00.000000', 92, 60, 4, 12, 23),
(1479, 9, '2023-06-16', '06:00:00.000000', 95, 81, 2, 9, 20),
(1480, 10, '2023-06-16', '06:00:00.000000', 38, 55, 3, 11, 19),
(1481, 1, '2023-06-16', '12:00:00.000000', 96, 64, 4, 13, 24),
(1482, 2, '2023-06-16', '12:00:00.000000', 93, 59, 2, 8, 23),
(1483, 3, '2023-06-16', '12:00:00.000000', 88, 71, 3, 10, 17),
(1484, 4, '2023-06-16', '12:00:00.000000', 95, 61, 4, 12, 25),
(1485, 5, '2023-06-16', '12:00:00.000000', 87, 54, 2, 9, 20),
(1486, 6, '2023-06-16', '12:00:00.000000', 98, 59, 3, 11, 19),
(1487, 7, '2023-06-16', '12:00:00.000000', 86, 75, 4, 13, 23),
(1488, 8, '2023-06-16', '12:00:00.000000', 82, 59, 2, 8, 24),
(1489, 9, '2023-06-16', '12:00:00.000000', 83, 80, 3, 10, 17),
(1490, 10, '2023-06-16', '12:00:00.000000', 36, 54, 4, 12, 25),
(1491, 1, '2023-06-16', '18:00:00.000000', 96, 64, 2, 9, 19),
(1492, 2, '2023-06-16', '18:00:00.000000', 94, 59, 3, 11, 23),
(1493, 3, '2023-06-16', '18:00:00.000000', 88, 71, 4, 13, 22),
(1494, 4, '2023-06-16', '18:00:00.000000', 96, 61, 2, 8, 24),
(1495, 5, '2023-06-16', '18:00:00.000000', 36, 53, 3, 10, 17),
(1496, 6, '2023-06-16', '18:00:00.000000', 98, 58, 4, 12, 25),
(1497, 7, '2023-06-16', '18:00:00.000000', 96, 75, 2, 9, 23),
(1498, 8, '2023-06-16', '18:00:00.000000', 93, 59, 3, 11, 19),
(1499, 9, '2023-06-16', '18:00:00.000000', 96, 80, 4, 13, 22),
(1500, 10, '2023-06-17', '00:00:00.000000', 35, 53, 2, 8, 24),
(1501, 1, '2023-06-17', '00:00:00.000000', 97, 63, 3, 10, 16),
(1502, 2, '2023-06-17', '00:00:00.000000', 94, 58, 4, 12, 25),
(1503, 3, '2023-06-17', '00:00:00.000000', 89, 70, 2, 9, 23),
(1504, 4, '2023-06-17', '00:00:00.000000', 96, 61, 3, 11, 18),
(1505, 5, '2023-06-17', '00:00:00.000000', 34, 52, 4, 13, 25),
(1506, 6, '2023-06-17', '00:00:00.000000', 99, 58, 2, 8, 21),
(1507, 7, '2023-06-17', '00:00:00.000000', 96, 74, 3, 10, 25),
(1508, 8, '2023-06-17', '00:00:00.000000', 93, 59, 4, 12, 23),
(1509, 9, '2023-06-17', '00:00:00.000000', 96, 79, 2, 9, 22),
(1510, 10, '2023-06-17', '00:00:00.000000', 34, 52, 3, 11, 20),
(1511, 1, '2023-06-17', '06:00:00.000000', 97, 63, 4, 13, 24),
(1512, 2, '2023-06-17', '06:00:00.000000', 94, 58, 2, 8, 22),
(1513, 3, '2023-06-17', '06:00:00.000000', 89, 69, 3, 10, 19),
(1514, 4, '2023-06-17', '06:00:00.000000', 96, 61, 4, 12, 24),
(1515, 5, '2023-06-17', '06:00:00.000000', 33, 51, 2, 9, 21),
(1516, 6, '2023-06-17', '06:00:00.000000', 99, 58, 3, 11, 16),
(1517, 7, '2023-06-17', '06:00:00.000000', 97, 73, 4, 13, 25),
(1518, 8, '2023-06-17', '06:00:00.000000', 93, 58, 2, 8, 20),
(1519, 9, '2023-06-17', '06:00:00.000000', 97, 79, 3, 10, 19),
(1520, 10, '2023-06-17', '06:00:00.000000', 32, 51, 4, 12, 24),
(1521, 1, '2023-06-17', '12:00:00.000000', 97, 62, 2, 9, 19),
(1522, 2, '2023-06-17', '12:00:00.000000', 95, 58, 3, 11, 16),
(1523, 3, '2023-06-17', '12:00:00.000000', 89, 69, 4, 13, 25),
(1524, 4, '2023-06-17', '12:00:00.000000', 97, 60, 2, 8, 20),
(1525, 5, '2023-06-17', '12:00:00.000000', 32, 50, 3, 10, 19),
(1526, 6, '2023-06-17', '12:00:00.000000', 89, 58, 4, 12, 24),
(1527, 7, '2023-06-17', '12:00:00.000000', 87, 73, 2, 9, 19),
(1528, 8, '2023-06-17', '12:00:00.000000', 94, 58, 3, 11, 16),
(1529, 9, '2023-06-17', '12:00:00.000000', 87, 78, 4, 13, 25),
(1530, 10, '2023-06-17', '12:00:00.000000', 31, 50, 2, 8, 18),
(1531, 1, '2023-06-17', '18:00:00.000000', 98, 62, 3, 10, 17),
(1532, 2, '2023-06-17', '18:00:00.000000', 95, 57, 4, 12, 25),
(1533, 3, '2023-06-17', '18:00:00.000000', 90, 68, 2, 9, 20),
(1534, 4, '2023-06-17', '18:00:00.000000', 87, 60, 3, 11, 18),
(1535, 5, '2023-06-17', '18:00:00.000000', 30, 49, 4, 13, 24),
(1536, 6, '2023-06-17', '18:00:00.000000', 89, 57, 2, 8, 17),
(1537, 7, '2023-06-17', '18:00:00.000000', 87, 72, 3, 10, 25),
(1538, 8, '2023-06-17', '18:00:00.000000', 84, 58, 4, 12, 23),
(1539, 9, '2023-06-17', '18:00:00.000000', 87, 78, 2, 9, 19),
(1540, 10, '2023-06-18', '00:00:00.000000', 30, 49, 3, 11, 24),
(1541, 1, '2023-06-18', '00:00:00.000000', 98, 61, 4, 13, 25),
(1542, 2, '2023-06-18', '00:00:00.000000', 95, 57, 2, 8, 18),
(1543, 3, '2023-06-18', '00:00:00.000000', 90, 67, 3, 10, 25),
(1544, 4, '2023-06-18', '00:00:00.000000', 97, 60, 4, 12, 23),
(1545, 5, '2023-06-18', '00:00:00.000000', 89, 48, 2, 9, 19),
(1546, 6, '2023-06-18', '00:00:00.000000', 99, 57, 3, 11, 22),
(1547, 7, '2023-06-18', '00:00:00.000000', 97, 72, 4, 13, 25),
(1548, 8, '2023-06-18', '00:00:00.000000', 94, 58, 2, 8, 17),
(1549, 9, '2023-06-18', '00:00:00.000000', 86, 77, 3, 10, 24),
(1550, 10, '2023-06-18', '00:00:00.000000', 78, 48, 4, 12, 25),
(1551, 1, '2023-06-18', '06:00:00.000000', 98, 61, 2, 9, 18),
(1552, 2, '2023-06-18', '06:00:00.000000', 96, 56, 3, 11, 22),
(1553, 3, '2023-06-18', '06:00:00.000000', 90, 67, 4, 13, 25),
(1554, 4, '2023-06-18', '06:00:00.000000', 98, 59, 2, 8, 17),
(1555, 5, '2023-06-18', '06:00:00.000000', 28, 47, 3, 10, 24),
(1556, 6, '2023-06-18', '06:00:00.000000', 80, 57, 4, 12, 25),
(1557, 7, '2023-06-18', '06:00:00.000000', 98, 71, 2, 9, 18),
(1558, 8, '2023-06-18', '06:00:00.000000', 95, 57, 3, 11, 23),
(1559, 9, '2023-06-18', '06:00:00.000000', 88, 77, 4, 13, 25),
(1560, 10, '2023-06-18', '06:00:00.000000', 97, 47, 2, 8, 17),
(1561, 1, '2023-06-18', '12:00:00.000000', 99, 60, 3, 10, 24),
(1562, 2, '2023-06-18', '12:00:00.000000', 96, 56, 4, 12, 25),
(1563, 3, '2023-06-18', '12:00:00.000000', 91, 66, 2, 9, 18),
(1564, 4, '2023-06-18', '12:00:00.000000', 98, 59, 3, 11, 23),
(1565, 5, '2023-06-18', '12:00:00.000000', 86, 46, 4, 13, 25),
(1566, 6, '2023-06-18', '12:00:00.000000', 90, 56, 2, 8, 17),
(1567, 7, '2023-06-18', '12:00:00.000000', 88, 71, 3, 10, 24),
(1568, 8, '2023-06-18', '12:00:00.000000', 95, 57, 4, 12, 25),
(1569, 9, '2023-06-18', '12:00:00.000000', 98, 76, 2, 9, 18),
(1570, 10, '2023-06-18', '12:00:00.000000', 86, 46, 3, 11, 23),
(1571, 1, '2023-06-18', '18:00:00.000000', 99, 60, 4, 13, 25),
(1572, 2, '2023-06-18', '18:00:00.000000', 96, 56, 2, 8, 16),
(1573, 3, '2023-06-18', '18:00:00.000000', 91, 65, 3, 10, 23),
(1574, 4, '2023-06-18', '18:00:00.000000', 98, 59, 4, 12, 25),
(1575, 5, '2023-06-18', '18:00:00.000000', 25, 45, 2, 9, 17),
(1576, 6, '2023-06-18', '18:00:00.000000', 91, 56, 3, 11, 22),
(1577, 7, '2023-06-18', '18:00:00.000000', 98, 70, 4, 13, 25),
(1578, 8, '2023-06-18', '18:00:00.000000', 95, 57, 2, 8, 16),
(1579, 9, '2023-06-18', '18:00:00.000000', 98, 76, 3, 10, 23),
(1580, 10, '2023-06-19', '00:00:00.000000', 84, 45, 4, 12, 25),
(1581, 1, '2023-06-19', '00:00:00.000000', 99, 59, 2, 9, 17),
(1582, 2, '2023-06-19', '00:00:00.000000', 97, 55, 3, 11, 22),
(1583, 3, '2023-06-19', '00:00:00.000000', 91, 65, 4, 13, 25),
(1584, 4, '2023-06-19', '00:00:00.000000', 88, 58, 2, 8, 16),
(1585, 5, '2023-06-19', '00:00:00.000000', 84, 44, 3, 10, 23),
(1586, 6, '2023-06-19', '00:00:00.000000', 91, 56, 4, 12, 25),
(1587, 7, '2023-06-19', '00:00:00.000000', 99, 70, 2, 9, 17),
(1588, 8, '2023-06-19', '00:00:00.000000', 95, 56, 3, 11, 22),
(1589, 9, '2023-06-19', '00:00:00.000000', 99, 75, 4, 13, 25),
(1590, 10, '2023-06-19', '00:00:00.000000', 73, 44, 2, 8, 16),
(1591, 1, '2023-06-19', '06:00:00.000000', 100, 59, 3, 10, 22),
(1592, 2, '2023-06-19', '06:00:00.000000', 97, 55, 4, 12, 25),
(1593, 3, '2023-06-19', '06:00:00.000000', 91, 64, 2, 9, 17),
(1594, 4, '2023-06-19', '06:00:00.000000', 79, 58, 3, 11, 22),
(1595, 5, '2023-06-19', '06:00:00.000000', 72, 43, 4, 13, 25),
(1596, 6, '2023-06-19', '06:00:00.000000', 81, 56, 2, 8, 16),
(1597, 7, '2023-06-19', '06:00:00.000000', 79, 69, 3, 10, 22),
(1598, 8, '2023-06-19', '06:00:00.000000', 76, 56, 4, 12, 24),
(1599, 9, '2023-06-19', '06:00:00.000000', 89, 75, 2, 9, 17),
(1600, 10, '2023-06-19', '06:00:00.000000', 72, 43, 3, 11, 22),
(1601, 1, '2023-06-19', '12:00:00.000000', 100, 58, 4, 13, 25),
(1602, 2, '2023-06-19', '12:00:00.000000', 97, 55, 2, 8, 15),
(1603, 3, '2023-06-19', '12:00:00.000000', 91, 63, 3, 10, 22),
(1604, 4, '2023-06-19', '12:00:00.000000', 99, 58, 4, 12, 24),
(1605, 5, '2023-06-19', '12:00:00.000000', 71, 42, 2, 9, 17),
(1606, 6, '2023-06-19', '12:00:00.000000', 82, 55, 3, 11, 21),
(1607, 7, '2023-06-19', '12:00:00.000000', 79, 69, 4, 13, 25),
(1608, 8, '2023-06-19', '12:00:00.000000', 86, 56, 2, 8, 15),
(1609, 9, '2023-06-19', '12:00:00.000000', 89, 74, 3, 10, 22),
(1610, 10, '2023-06-19', '12:00:00.000000', 70, 42, 4, 12, 24),
(1611, 1, '2023-06-19', '18:00:00.000000', 80, 58, 2, 9, 16),
(1612, 2, '2023-06-19', '18:00:00.000000', 98, 54, 3, 11, 21),
(1613, 3, '2023-06-19', '18:00:00.000000', 92, 63, 4, 13, 25),
(1614, 4, '2023-06-19', '18:00:00.000000', 79, 57, 2, 8, 15),
(1615, 5, '2023-06-19', '18:00:00.000000', 90, 41, 3, 10, 22),
(1616, 6, '2023-06-19', '18:00:00.000000', 92, 55, 4, 12, 24),
(1617, 7, '2023-06-19', '18:00:00.000000', 98, 68, 2, 9, 16),
(1618, 8, '2023-06-19', '18:00:00.000000', 75, 55, 3, 11, 21),
(1619, 9, '2023-06-19', '18:00:00.000000', 90, 74, 4, 13, 25),
(1620, 10, '2023-06-20', '00:00:00.000000', 79, 41, 2, 8, 14),
(1621, 1, '2023-06-20', '00:00:00.000000', 90, 57, 3, 10, 21),
(1622, 2, '2023-06-20', '00:00:00.000000', 98, 54, 4, 12, 24),
(1623, 3, '2023-06-20', '00:00:00.000000', 92, 62, 2, 9, 16),
(1624, 4, '2023-06-20', '00:00:00.000000', 90, 57, 3, 11, 21),
(1625, 5, '2023-06-20', '00:00:00.000000', 78, 40, 4, 13, 25),
(1626, 6, '2023-06-20', '00:00:00.000000', 92, 55, 2, 8, 14),
(1627, 7, '2023-06-20', '00:00:00.000000', 90, 68, 3, 10, 21),
(1628, 8, '2023-06-20', '00:00:00.000000', 87, 55, 4, 12, 24),
(1629, 9, '2023-06-20', '00:00:00.000000', 90, 73, 2, 9, 16),
(1630, 10, '2023-06-20', '00:00:00.000000', 88, 40, 3, 11, 21),
(1631, 1, '2023-06-20', '06:00:00.000000', 91, 57, 4, 13, 25),
(1632, 2, '2023-06-20', '06:00:00.000000', 98, 54, 2, 8, 14),
(1633, 3, '2023-06-20', '06:00:00.000000', 92, 61, 3, 10, 20),
(1634, 4, '2023-06-20', '06:00:00.000000', 90, 57, 4, 12, 24),
(1635, 5, '2023-06-20', '06:00:00.000000', 77, 39, 2, 9, 15),
(1636, 6, '2023-06-20', '06:00:00.000000', 82, 54, 3, 11, 20),
(1637, 7, '2023-06-20', '06:00:00.000000', 70, 67, 4, 13, 25),
(1638, 8, '2023-06-20', '06:00:00.000000', 97, 55, 2, 8, 14),
(1639, 9, '2023-06-20', '06:00:00.000000', 80, 73, 3, 10, 20),
(1640, 10, '2023-06-20', '06:00:00.000000', 76, 39, 4, 12, 24),
(1641, 1, '2023-06-20', '12:00:00.000000', 91, 56, 2, 9, 15),
(1642, 2, '2023-06-20', '12:00:00.000000', 99, 53, 3, 11, 20),
(1643, 3, '2023-06-20', '12:00:00.000000', 92, 61, 4, 13, 25),
(1644, 4, '2023-06-20', '12:00:00.000000', 80, 57, 2, 8, 14),
(1645, 5, '2023-06-20', '12:00:00.000000', 76, 38, 3, 10, 20),
(1646, 6, '2023-06-20', '12:00:00.000000', 83, 54, 4, 12, 24),
(1647, 7, '2023-06-20', '12:00:00.000000', 80, 67, 2, 9, 15),
(1648, 8, '2023-06-20', '12:00:00.000000', 97, 54, 3, 11, 20),
(1649, 9, '2023-06-20', '12:00:00.000000', 78, 72, 4, 13, 25),
(1650, 10, '2023-06-20', '12:00:00.000000', 95, 38, 2, 8, 14),
(1651, 1, '2023-06-20', '18:00:00.000000', 81, 56, 3, 10, 19),
(1652, 2, '2023-06-20', '18:00:00.000000', 99, 53, 4, 12, 24),
(1653, 3, '2023-06-20', '18:00:00.000000', 92, 60, 2, 9, 15),
(1654, 4, '2023-06-20', '18:00:00.000000', 91, 56, 3, 11, 19),
(1655, 5, '2023-06-20', '18:00:00.000000', 84, 37, 4, 13, 25),
(1656, 6, '2023-06-20', '18:00:00.000000', 93, 54, 2, 8, 14),
(1657, 7, '2023-06-20', '18:00:00.000000', 81, 66, 3, 10, 19),
(1658, 8, '2023-06-20', '18:00:00.000000', 98, 54, 4, 12, 24),
(1659, 9, '2023-06-20', '18:00:00.000000', 71, 72, 2, 9, 15),
(1660, 10, '2023-06-20', '18:00:00.000000', 94, 37, 3, 11, 19),
(1661, 1, '2023-06-21', '00:00:00.000000', 81, 87, 3, 11, 22),
(1662, 2, '2023-06-21', '00:00:00.000000', 95, 73, 4, 9, 26),
(1663, 3, '2023-06-21', '00:00:00.000000', 78, 89, 2, 10, 18),
(1664, 4, '2023-06-21', '00:00:00.000000', 89, 74, 3, 12, 24),
(1665, 5, '2023-06-21', '00:00:00.000000', 72, 77, 4, 8, 21),
(1666, 6, '2023-06-21', '00:00:00.000000', 94, 83, 2, 9, 19),
(1667, 7, '2023-06-21', '00:00:00.000000', 80, 79, 3, 10, 23),
(1668, 8, '2023-06-21', '00:00:00.000000', 86, 95, 4, 11, 27),
(1669, 9, '2023-06-21', '00:00:00.000000', 76, 72, 2, 12, 17),
(1670, 10, '2023-06-21', '00:00:00.000000', 91, 86, 3, 8, 20),
(1671, 1, '2023-06-21', '06:00:00.000000', 79, 92, 4, 9, 25),
(1672, 2, '2023-06-21', '06:00:00.000000', 84, 74, 2, 10, 23),
(1673, 3, '2023-06-21', '06:00:00.000000', 76, 89, 3, 11, 21),
(1674, 4, '2023-06-21', '06:00:00.000000', 87, 76, 4, 12, 26),
(1675, 5, '2023-06-21', '06:00:00.000000', 72, 79, 2, 8, 19),
(1676, 6, '2023-06-21', '06:00:00.000000', 93, 82, 3, 9, 24),
(1677, 7, '2023-06-21', '06:00:00.000000', 78, 78, 4, 10, 22),
(1678, 8, '2023-06-21', '06:00:00.000000', 86, 95, 2, 11, 28),
(1679, 9, '2023-06-21', '06:00:00.000000', 75, 70, 3, 12, 16),
(1680, 10, '2023-06-21', '06:00:00.000000', 90, 88, 4, 8, 21),
(1681, 1, '2023-06-21', '12:00:00.000000', 78, 92, 2, 9, 24),
(1682, 2, '2023-06-21', '12:00:00.000000', 82, 75, 3, 10, 22),
(1683, 3, '2023-06-21', '12:00:00.000000', 75, 88, 4, 11, 20),
(1684, 4, '2023-06-21', '12:00:00.000000', 86, 77, 2, 12, 25),
(1685, 5, '2023-06-21', '12:00:00.000000', 71, 81, 3, 8, 18),
(1686, 6, '2023-06-21', '12:00:00.000000', 92, 84, 4, 9, 23),
(1687, 7, '2023-06-21', '12:00:00.000000', 77, 76, 2, 10, 21),
(1688, 8, '2023-06-21', '12:00:00.000000', 84, 96, 3, 11, 27),
(1689, 9, '2023-06-21', '12:00:00.000000', 75, 69, 4, 12, 16),
(1690, 10, '2023-06-21', '12:00:00.000000', 89, 90, 2, 8, 22),
(1691, 1, '2023-06-21', '18:00:00.000000', 76, 90, 3, 9, 23),
(1692, 2, '2023-06-21', '18:00:00.000000', 81, 77, 4, 10, 21),
(1693, 3, '2023-06-21', '18:00:00.000000', 74, 87, 2, 11, 19),
(1694, 4, '2023-06-21', '18:00:00.000000', 85, 78, 3, 12, 25),
(1695, 5, '2023-06-21', '18:00:00.000000', 69, 83, 4, 8, 17),
(1696, 6, '2023-06-21', '18:00:00.000000', 91, 86, 2, 9, 22),
(1697, 7, '2023-06-21', '18:00:00.000000', 76, 76, 3, 10, 20),
(1698, 8, '2023-06-21', '18:00:00.000000', 84, 97, 4, 11, 26),
(1699, 9, '2023-06-21', '18:00:00.000000', 74, 69, 2, 12, 15),
(1700, 10, '2023-06-21', '18:00:00.000000', 88, 91, 3, 8, 21),
(1701, 1, '2023-06-22', '00:00:00.000000', 75, 89, 4, 9, 22),
(1702, 2, '2023-06-22', '00:00:00.000000', 80, 78, 2, 10, 20),
(1703, 3, '2023-06-22', '00:00:00.000000', 73, 87, 3, 11, 18),
(1704, 4, '2023-06-22', '00:00:00.000000', 84, 80, 4, 12, 24),
(1705, 5, '2023-06-22', '00:00:00.000000', 68, 84, 2, 8, 16),
(1706, 6, '2023-06-22', '00:00:00.000000', 90, 88, 3, 9, 21),
(1707, 7, '2023-06-22', '00:00:00.000000', 76, 75, 4, 10, 19),
(1708, 8, '2023-06-22', '00:00:00.000000', 83, 98, 2, 11, 25),
(1709, 9, '2023-06-22', '00:00:00.000000', 73, 68, 3, 12, 15),
(1710, 10, '2023-06-22', '00:00:00.000000', 88, 93, 4, 8, 20),
(1711, 1, '2023-06-22', '06:00:00.000000', 74, 89, 2, 9, 21),
(1712, 2, '2023-06-22', '06:00:00.000000', 80, 79, 3, 10, 19),
(1713, 3, '2023-06-22', '06:00:00.000000', 72, 86, 4, 11, 17),
(1714, 4, '2023-06-22', '06:00:00.000000', 83, 81, 2, 12, 23),
(1715, 5, '2023-06-22', '06:00:00.000000', 68, 85, 3, 8, 15),
(1716, 6, '2023-06-22', '06:00:00.000000', 89, 90, 4, 9, 20),
(1717, 7, '2023-06-22', '06:00:00.000000', 75, 74, 2, 10, 18),
(1718, 8, '2023-06-22', '06:00:00.000000', 82, 98, 3, 11, 24),
(1719, 9, '2023-06-22', '06:00:00.000000', 72, 67, 4, 12, 14),
(1720, 10, '2023-06-22', '06:00:00.000000', 87, 94, 2, 8, 19),
(1721, 1, '2023-06-22', '12:00:00.000000', 74, 88, 3, 9, 20),
(1722, 2, '2023-06-22', '12:00:00.000000', 79, 80, 4, 10, 18),
(1723, 3, '2023-06-22', '12:00:00.000000', 71, 85, 2, 11, 16),
(1724, 4, '2023-06-22', '12:00:00.000000', 82, 82, 3, 12, 22),
(1725, 5, '2023-06-22', '12:00:00.000000', 67, 87, 4, 8, 14),
(1726, 6, '2023-06-22', '12:00:00.000000', 88, 92, 2, 9, 19),
(1727, 7, '2023-06-22', '12:00:00.000000', 74, 74, 3, 10, 17),
(1728, 8, '2023-06-22', '12:00:00.000000', 82, 99, 4, 11, 23),
(1729, 9, '2023-06-22', '12:00:00.000000', 72, 66, 2, 12, 13),
(1730, 10, '2023-06-22', '12:00:00.000000', 86, 94, 3, 8, 18),
(1731, 1, '2023-06-22', '18:00:00.000000', 73, 86, 4, 9, 19),
(1732, 2, '2023-06-22', '18:00:00.000000', 78, 80, 2, 10, 17),
(1733, 3, '2023-06-22', '18:00:00.000000', 71, 84, 3, 11, 15),
(1734, 4, '2023-06-22', '18:00:00.000000', 81, 83, 4, 12, 21),
(1735, 5, '2023-06-22', '18:00:00.000000', 67, 88, 2, 8, 13),
(1736, 6, '2023-06-22', '18:00:00.000000', 87, 94, 3, 9, 18),
(1737, 7, '2023-06-22', '18:00:00.000000', 73, 73, 4, 10, 16),
(1738, 8, '2023-06-22', '18:00:00.000000', 81, 100, 2, 11, 22),
(1739, 9, '2023-06-22', '18:00:00.000000', 71, 65, 3, 12, 12),
(1740, 10, '2023-06-22', '18:00:00.000000', 86, 95, 4, 8, 17),
(1741, 1, '2023-06-23', '00:00:00.000000', 86, 89, 3, 11, 22),
(1742, 2, '2023-06-23', '00:00:00.000000', 79, 74, 4, 9, 26),
(1743, 3, '2023-06-23', '00:00:00.000000', 92, 82, 2, 10, 18),
(1744, 4, '2023-06-23', '00:00:00.000000', 78, 93, 3, 12, 24),
(1745, 5, '2023-06-23', '00:00:00.000000', 88, 77, 4, 8, 21),
(1746, 6, '2023-06-23', '00:00:00.000000', 72, 85, 2, 9, 19),
(1747, 7, '2023-06-23', '00:00:00.000000', 94, 73, 3, 10, 23),
(1748, 8, '2023-06-23', '00:00:00.000000', 80, 89, 4, 11, 27),
(1749, 9, '2023-06-23', '00:00:00.000000', 86, 75, 2, 12, 17),
(1750, 10, '2023-06-23', '00:00:00.000000', 75, 94, 3, 8, 20),
(1751, 1, '2023-06-23', '06:00:00.000000', 79, 72, 4, 9, 25),
(1752, 2, '2023-06-23', '06:00:00.000000', 83, 88, 2, 10, 29),
(1753, 3, '2023-06-23', '06:00:00.000000', 92, 75, 3, 11, 19),
(1754, 4, '2023-06-23', '06:00:00.000000', 76, 93, 4, 12, 23),
(1755, 5, '2023-06-23', '06:00:00.000000', 90, 84, 2, 8, 26),
(1756, 6, '2023-06-23', '06:00:00.000000', 71, 71, 3, 9, 21),
(1757, 7, '2023-06-23', '06:00:00.000000', 94, 87, 4, 10, 28),
(1758, 8, '2023-06-23', '06:00:00.000000', 82, 74, 2, 11, 20),
(1759, 9, '2023-06-23', '06:00:00.000000', 88, 88, 3, 12, 24),
(1760, 10, '2023-06-23', '06:00:00.000000', 75, 76, 4, 8, 18),
(1761, 1, '2023-06-23', '12:00:00.000000', 85, 95, 2, 9, 22),
(1762, 2, '2023-06-23', '12:00:00.000000', 80, 72, 3, 10, 26),
(1763, 3, '2023-06-23', '12:00:00.000000', 92, 87, 4, 11, 19),
(1764, 4, '2023-06-23', '12:00:00.000000', 78, 75, 2, 12, 23);
INSERT INTO `mediciones` (`id_medicion`, `id_sonda`, `fecha_medicion`, `hora_medicion`, `medicion_salinidad`, `medicion_humedad`, `medicion_luminosidad`, `medicion_ph`, `medicion_temperatura`) VALUES
(1765, 5, '2023-06-23', '12:00:00.000000', 89, 90, 3, 8, 26),
(1766, 6, '2023-06-23', '12:00:00.000000', 71, 73, 4, 9, 20),
(1767, 7, '2023-06-23', '12:00:00.000000', 94, 92, 2, 10, 24),
(1768, 8, '2023-06-23', '12:00:00.000000', 80, 84, 3, 11, 27),
(1769, 9, '2023-06-23', '12:00:00.000000', 87, 78, 4, 12, 17),
(1770, 10, '2023-06-23', '12:00:00.000000', 74, 91, 2, 8, 21),
(1771, 1, '2023-06-23', '18:00:00.000000', 87, 74, 3, 9, 25),
(1772, 2, '2023-06-23', '18:00:00.000000', 81, 88, 4, 10, 29),
(1773, 3, '2023-06-23', '18:00:00.000000', 93, 83, 2, 11, 19),
(1774, 4, '2023-06-23', '18:00:00.000000', 78, 73, 3, 12, 23),
(1775, 5, '2023-06-23', '18:00:00.000000', 90, 94, 4, 8, 26),
(1776, 6, '2023-06-23', '18:00:00.000000', 71, 77, 2, 9, 20),
(1777, 7, '2023-06-23', '18:00:00.000000', 95, 87, 3, 10, 28),
(1778, 8, '2023-06-23', '18:00:00.000000', 82, 71, 4, 11, 20),
(1779, 9, '2023-06-23', '18:00:00.000000', 89, 85, 2, 12, 24),
(1780, 10, '2023-06-23', '18:00:00.000000', 76, 76, 3, 8, 18),
(1781, 1, '2023-06-24', '00:00:00.000000', 87, 93, 4, 9, 22),
(1782, 2, '2023-06-24', '00:00:00.000000', 81, 76, 2, 10, 26),
(1783, 3, '2023-06-24', '00:00:00.000000', 94, 88, 3, 11, 19),
(1784, 4, '2023-06-24', '00:00:00.000000', 79, 74, 4, 12, 23),
(1785, 5, '2023-06-24', '00:00:00.000000', 90, 89, 2, 8, 26),
(1786, 6, '2023-06-24', '00:00:00.000000', 72, 82, 3, 9, 20),
(1787, 7, '2023-06-24', '00:00:00.000000', 95, 75, 4, 10, 28),
(1788, 8, '2023-06-24', '00:00:00.000000', 84, 92, 2, 11, 20),
(1789, 9, '2023-06-24', '00:00:00.000000', 89, 80, 3, 12, 24),
(1790, 10, '2023-06-24', '00:00:00.000000', 76, 92, 4, 8, 18),
(1791, 1, '2023-06-24', '06:00:00.000000', 88, 75, 2, 9, 25),
(1792, 2, '2023-06-24', '06:00:00.000000', 82, 86, 3, 10, 29),
(1793, 3, '2023-06-24', '06:00:00.000000', 94, 78, 4, 11, 19),
(1794, 4, '2023-06-24', '06:00:00.000000', 79, 95, 2, 12, 23),
(1795, 5, '2023-06-24', '06:00:00.000000', 91, 82, 3, 8, 26),
(1796, 6, '2023-06-24', '06:00:00.000000', 72, 71, 4, 9, 20),
(1797, 7, '2023-06-24', '06:00:00.000000', 96, 85, 2, 10, 24),
(1798, 8, '2023-06-24', '06:00:00.000000', 84, 73, 3, 11, 27),
(1799, 9, '2023-06-24', '06:00:00.000000', 89, 89, 4, 12, 17),
(1800, 10, '2023-06-24', '06:00:00.000000', 77, 75, 2, 8, 21),
(1801, 1, '2023-06-24', '12:00:00.000000', 74, 78, 3, 9, 22),
(1802, 2, '2023-06-24', '12:00:00.000000', 87, 93, 4, 10, 26),
(1803, 3, '2023-06-24', '12:00:00.000000', 77, 84, 2, 11, 18),
(1804, 4, '2023-06-24', '12:00:00.000000', 83, 76, 3, 12, 24),
(1805, 5, '2023-06-24', '12:00:00.000000', 71, 89, 4, 8, 21),
(1806, 6, '2023-06-24', '12:00:00.000000', 90, 72, 2, 9, 19),
(1807, 7, '2023-06-24', '12:00:00.000000', 77, 84, 3, 10, 23),
(1808, 8, '2023-06-24', '12:00:00.000000', 85, 79, 4, 11, 27),
(1809, 9, '2023-06-24', '12:00:00.000000', 75, 93, 2, 12, 17),
(1810, 10, '2023-06-24', '12:00:00.000000', 86, 76, 3, 8, 20),
(1811, 1, '2023-06-24', '18:00:00.000000', 79, 90, 4, 9, 25),
(1812, 2, '2023-06-24', '18:00:00.000000', 81, 83, 2, 10, 28),
(1813, 3, '2023-06-24', '18:00:00.000000', 76, 78, 3, 11, 19),
(1814, 4, '2023-06-24', '18:00:00.000000', 85, 88, 4, 12, 22),
(1815, 5, '2023-06-24', '18:00:00.000000', 78, 75, 2, 8, 24),
(1816, 6, '2023-06-24', '18:00:00.000000', 83, 92, 3, 9, 20),
(1817, 7, '2023-06-24', '18:00:00.000000', 72, 77, 4, 10, 26),
(1818, 8, '2023-06-24', '18:00:00.000000', 88, 85, 2, 11, 18),
(1819, 9, '2023-06-24', '18:00:00.000000', 77, 79, 3, 12, 23),
(1820, 10, '2023-06-24', '18:00:00.000000', 84, 92, 4, 8, 27),
(1821, 1, '2023-06-25', '00:00:00.000000', 78, 85, 2, 9, 21),
(1822, 2, '2023-06-25', '00:00:00.000000', 88, 77, 3, 10, 25),
(1823, 3, '2023-06-25', '00:00:00.000000', 74, 88, 4, 11, 19),
(1824, 4, '2023-06-25', '00:00:00.000000', 82, 73, 2, 12, 23),
(1825, 5, '2023-06-25', '00:00:00.000000', 89, 84, 3, 8, 26),
(1826, 6, '2023-06-25', '00:00:00.000000', 77, 76, 4, 9, 18),
(1827, 7, '2023-06-25', '00:00:00.000000', 84, 90, 2, 10, 22),
(1828, 8, '2023-06-25', '00:00:00.000000', 73, 76, 3, 11, 27),
(1829, 9, '2023-06-25', '00:00:00.000000', 89, 86, 4, 12, 20),
(1830, 10, '2023-06-25', '00:00:00.000000', 78, 80, 2, 8, 24),
(1831, 1, '2023-06-25', '06:00:00.000000', 83, 74, 3, 9, 22),
(1832, 2, '2023-06-25', '06:00:00.000000', 75, 87, 4, 10, 25),
(1833, 3, '2023-06-25', '06:00:00.000000', 87, 81, 2, 11, 19),
(1834, 4, '2023-06-25', '06:00:00.000000', 78, 85, 3, 12, 23),
(1835, 5, '2023-06-25', '06:00:00.000000', 92, 77, 4, 8, 26),
(1836, 6, '2023-06-25', '06:00:00.000000', 84, 72, 2, 9, 20),
(1837, 7, '2023-06-25', '06:00:00.000000', 76, 89, 3, 10, 24),
(1838, 8, '2023-06-25', '06:00:00.000000', 85, 78, 4, 11, 28),
(1839, 9, '2023-06-25', '06:00:00.000000', 76, 83, 2, 12, 21),
(1840, 10, '2023-06-25', '06:00:00.000000', 87, 71, 3, 8, 25),
(1841, 1, '2023-06-25', '12:00:00.000000', 80, 89, 4, 9, 22),
(1842, 2, '2023-06-25', '12:00:00.000000', 83, 75, 2, 10, 26),
(1843, 3, '2023-06-25', '12:00:00.000000', 74, 83, 3, 11, 20),
(1844, 4, '2023-06-25', '12:00:00.000000', 86, 74, 4, 12, 24),
(1845, 5, '2023-06-25', '12:00:00.000000', 79, 90, 2, 8, 27),
(1846, 6, '2023-06-25', '12:00:00.000000', 84, 78, 3, 9, 21),
(1847, 7, '2023-06-25', '12:00:00.000000', 73, 86, 4, 10, 25),
(1848, 8, '2023-06-25', '12:00:00.000000', 88, 78, 2, 11, 19),
(1849, 9, '2023-06-25', '12:00:00.000000', 76, 82, 3, 12, 23),
(1850, 10, '2023-06-25', '12:00:00.000000', 87, 75, 4, 8, 27),
(1851, 1, '2023-06-25', '18:00:00.000000', 79, 90, 2, 9, 21),
(1852, 2, '2023-06-25', '18:00:00.000000', 82, 76, 3, 10, 24),
(1853, 3, '2023-06-25', '18:00:00.000000', 75, 82, 4, 11, 19),
(1854, 4, '2023-06-25', '18:00:00.000000', 88, 73, 2, 12, 23),
(1855, 5, '2023-06-25', '18:00:00.000000', 77, 90, 3, 8, 26),
(1856, 6, '2023-06-25', '18:00:00.000000', 85, 79, 4, 9, 20),
(1857, 7, '2023-06-25', '18:00:00.000000', 73, 87, 2, 10, 24),
(1858, 8, '2023-06-25', '18:00:00.000000', 89, 76, 3, 11, 28),
(1859, 9, '2023-06-25', '18:00:00.000000', 77, 83, 4, 12, 21),
(1860, 10, '2023-06-25', '18:00:00.000000', 85, 74, 2, 8, 25),
(1861, 1, '2023-06-26', '00:00:00.000000', 79, 88, 3, 9, 22),
(1862, 2, '2023-06-26', '00:00:00.000000', 84, 77, 4, 10, 26),
(1863, 3, '2023-06-26', '00:00:00.000000', 73, 84, 2, 11, 20),
(1864, 4, '2023-06-26', '00:00:00.000000', 86, 74, 3, 12, 24),
(1865, 5, '2023-06-26', '00:00:00.000000', 80, 90, 4, 8, 27),
(1866, 6, '2023-06-26', '00:00:00.000000', 82, 78, 2, 9, 21),
(1867, 7, '2023-06-26', '00:00:00.000000', 74, 85, 3, 10, 25),
(1868, 8, '2023-06-26', '00:00:00.000000', 87, 76, 4, 11, 19),
(1869, 9, '2023-06-26', '00:00:00.000000', 77, 82, 2, 12, 23),
(1870, 10, '2023-06-26', '00:00:00.000000', 85, 73, 3, 8, 26),
(1871, 1, '2023-06-26', '06:00:00.000000', 78, 90, 4, 9, 20),
(1872, 2, '2023-06-26', '06:00:00.000000', 84, 76, 2, 10, 24),
(1873, 3, '2023-06-26', '06:00:00.000000', 73, 83, 3, 11, 19),
(1874, 4, '2023-06-26', '06:00:00.000000', 86, 74, 4, 12, 23),
(1875, 5, '2023-06-26', '06:00:00.000000', 78, 89, 2, 8, 26),
(1876, 6, '2023-06-26', '06:00:00.000000', 83, 78, 3, 9, 20),
(1877, 7, '2023-06-26', '06:00:00.000000', 75, 84, 4, 10, 24),
(1878, 8, '2023-06-26', '06:00:00.000000', 88, 76, 2, 11, 28),
(1879, 9, '2023-06-26', '06:00:00.000000', 76, 83, 3, 12, 21),
(1880, 10, '2023-06-26', '06:00:00.000000', 85, 74, 4, 8, 25),
(1881, 1, '2023-06-26', '12:00:00.000000', 79, 89, 2, 9, 22),
(1882, 2, '2023-06-26', '12:00:00.000000', 84, 77, 3, 10, 26),
(1883, 3, '2023-06-26', '12:00:00.000000', 73, 84, 4, 11, 20),
(1884, 4, '2023-06-26', '12:00:00.000000', 86, 73, 2, 12, 24),
(1885, 5, '2023-06-26', '12:00:00.000000', 79, 89, 3, 8, 27),
(1886, 6, '2023-06-26', '12:00:00.000000', 83, 77, 4, 9, 21),
(1887, 7, '2023-06-26', '12:00:00.000000', 75, 84, 2, 10, 25),
(1888, 8, '2023-06-26', '12:00:00.000000', 88, 76, 3, 11, 19),
(1889, 9, '2023-06-26', '12:00:00.000000', 76, 83, 4, 12, 23),
(1890, 10, '2023-06-26', '12:00:00.000000', 86, 74, 2, 8, 26),
(1891, 1, '2023-06-26', '18:00:00.000000', 79, 89, 3, 9, 21),
(1892, 2, '2023-06-26', '18:00:00.000000', 85, 76, 4, 10, 24),
(1893, 3, '2023-06-26', '18:00:00.000000', 73, 84, 2, 11, 19),
(1894, 4, '2023-06-26', '18:00:00.000000', 86, 74, 3, 12, 23),
(1895, 5, '2023-06-26', '18:00:00.000000', 80, 89, 4, 8, 27),
(1896, 6, '2023-06-26', '18:00:00.000000', 83, 77, 2, 9, 20),
(1897, 7, '2023-06-26', '18:00:00.000000', 75, 85, 3, 10, 24),
(1898, 8, '2023-06-26', '18:00:00.000000', 88, 76, 4, 11, 28),
(1899, 9, '2023-06-26', '18:00:00.000000', 77, 83, 2, 12, 21),
(1900, 10, '2023-06-26', '18:00:00.000000', 86, 74, 3, 8, 25),
(1901, 1, '2023-06-27', '00:00:00.000000', 79, 88, 4, 9, 22),
(1902, 2, '2023-06-27', '00:00:00.000000', 85, 77, 2, 10, 26),
(1903, 3, '2023-06-27', '00:00:00.000000', 73, 83, 3, 11, 20),
(1904, 4, '2023-06-27', '00:00:00.000000', 86, 73, 4, 12, 24),
(1905, 5, '2023-06-27', '00:00:00.000000', 80, 90, 2, 8, 27),
(1906, 6, '2023-06-27', '00:00:00.000000', 83, 77, 3, 9, 21),
(1907, 7, '2023-06-27', '00:00:00.000000', 76, 85, 4, 10, 25),
(1908, 8, '2023-06-27', '00:00:00.000000', 87, 76, 2, 11, 19),
(1909, 9, '2023-06-27', '00:00:00.000000', 77, 82, 3, 12, 23),
(1910, 10, '2023-06-27', '00:00:00.000000', 86, 74, 4, 8, 26),
(1911, 1, '2023-06-27', '06:00:00.000000', 79, 88, 2, 9, 21),
(1912, 2, '2023-06-27', '06:00:00.000000', 85, 76, 3, 10, 24),
(1913, 3, '2023-06-27', '06:00:00.000000', 73, 83, 4, 11, 19),
(1914, 4, '2023-06-27', '06:00:00.000000', 87, 73, 2, 12, 23),
(1915, 5, '2023-06-27', '06:00:00.000000', 80, 90, 3, 8, 26),
(1916, 6, '2023-06-27', '06:00:00.000000', 84, 78, 4, 9, 20),
(1917, 7, '2023-06-27', '06:00:00.000000', 76, 84, 2, 10, 24),
(1918, 8, '2023-06-27', '06:00:00.000000', 87, 75, 3, 11, 28),
(1919, 9, '2023-06-27', '06:00:00.000000', 77, 83, 4, 12, 21),
(1920, 10, '2023-06-27', '06:00:00.000000', 87, 74, 2, 8, 25),
(1921, 1, '2023-06-27', '12:00:00.000000', 80, 89, 3, 9, 22),
(1922, 2, '2023-06-27', '12:00:00.000000', 85, 77, 4, 10, 26),
(1923, 3, '2023-06-27', '12:00:00.000000', 74, 84, 2, 11, 20),
(1924, 4, '2023-06-27', '12:00:00.000000', 87, 74, 3, 12, 24),
(1925, 5, '2023-06-27', '12:00:00.000000', 80, 89, 4, 8, 27),
(1926, 6, '2023-06-27', '12:00:00.000000', 84, 77, 2, 9, 21),
(1927, 7, '2023-06-27', '12:00:00.000000', 76, 85, 3, 10, 25),
(1928, 8, '2023-06-27', '12:00:00.000000', 88, 76, 4, 11, 19),
(1929, 9, '2023-06-27', '12:00:00.000000', 78, 83, 2, 12, 23),
(1930, 10, '2023-06-27', '12:00:00.000000', 87, 74, 3, 8, 26),
(1931, 1, '2023-06-27', '18:00:00.000000', 80, 89, 4, 9, 20),
(1932, 2, '2023-06-27', '18:00:00.000000', 86, 77, 2, 10, 24),
(1933, 3, '2023-06-27', '18:00:00.000000', 74, 83, 3, 11, 19),
(1934, 4, '2023-06-27', '18:00:00.000000', 88, 74, 4, 12, 23),
(1935, 5, '2023-06-27', '18:00:00.000000', 81, 89, 2, 8, 27),
(1936, 6, '2023-06-27', '18:00:00.000000', 84, 78, 3, 9, 21),
(1937, 7, '2023-06-27', '18:00:00.000000', 76, 85, 4, 10, 25),
(1938, 8, '2023-06-27', '18:00:00.000000', 88, 75, 2, 11, 28),
(1939, 9, '2023-06-27', '18:00:00.000000', 78, 83, 3, 12, 21),
(1940, 10, '2023-06-27', '18:00:00.000000', 87, 74, 4, 8, 25),
(1941, 1, '2023-06-28', '00:00:00.000000', 80, 89, 2, 9, 19),
(1942, 2, '2023-06-28', '00:00:00.000000', 86, 77, 3, 10, 23),
(1943, 3, '2023-06-28', '00:00:00.000000', 74, 83, 4, 11, 27),
(1944, 4, '2023-06-28', '00:00:00.000000', 88, 74, 2, 12, 20),
(1945, 5, '2023-06-28', '00:00:00.000000', 81, 90, 3, 8, 24),
(1946, 6, '2023-06-28', '00:00:00.000000', 85, 78, 4, 9, 28),
(1947, 7, '2023-06-28', '00:00:00.000000', 77, 84, 2, 10, 21),
(1948, 8, '2023-06-28', '00:00:00.000000', 88, 75, 3, 11, 25),
(1949, 9, '2023-06-28', '00:00:00.000000', 78, 83, 4, 12, 19),
(1950, 10, '2023-06-28', '00:00:00.000000', 87, 75, 2, 8, 23),
(1951, 1, '2023-06-28', '06:00:00.000000', 81, 88, 3, 9, 27),
(1952, 2, '2023-06-28', '06:00:00.000000', 86, 77, 4, 10, 20),
(1953, 3, '2023-06-28', '06:00:00.000000', 74, 83, 2, 11, 24),
(1954, 4, '2023-06-28', '06:00:00.000000', 88, 74, 3, 12, 28),
(1955, 5, '2023-06-28', '06:00:00.000000', 81, 90, 4, 8, 21),
(1956, 6, '2023-06-28', '06:00:00.000000', 85, 78, 2, 9, 25),
(1957, 7, '2023-06-28', '06:00:00.000000', 77, 84, 3, 10, 19),
(1958, 8, '2023-06-28', '06:00:00.000000', 88, 76, 4, 11, 23),
(1959, 9, '2023-06-28', '06:00:00.000000', 78, 83, 2, 12, 27),
(1960, 10, '2023-06-28', '06:00:00.000000', 87, 75, 3, 8, 20),
(1961, 1, '2023-06-28', '12:00:00.000000', 81, 89, 4, 9, 24),
(1962, 2, '2023-06-28', '12:00:00.000000', 87, 77, 2, 10, 28),
(1963, 3, '2023-06-28', '12:00:00.000000', 75, 84, 3, 11, 21),
(1964, 4, '2023-06-28', '12:00:00.000000', 88, 74, 4, 12, 25),
(1965, 5, '2023-06-28', '12:00:00.000000', 82, 89, 2, 8, 19),
(1966, 6, '2023-06-28', '12:00:00.000000', 85, 78, 3, 9, 23),
(1967, 7, '2023-06-28', '12:00:00.000000', 77, 85, 4, 10, 27),
(1968, 8, '2023-06-28', '12:00:00.000000', 89, 76, 2, 11, 20),
(1969, 9, '2023-06-28', '12:00:00.000000', 79, 82, 3, 12, 24),
(1970, 10, '2023-06-28', '12:00:00.000000', 88, 75, 4, 8, 28),
(1971, 1, '2023-06-28', '18:00:00.000000', 81, 89, 2, 9, 21),
(1972, 2, '2023-06-28', '18:00:00.000000', 87, 77, 3, 10, 25),
(1973, 3, '2023-06-28', '18:00:00.000000', 75, 83, 4, 11, 19),
(1974, 4, '2023-06-28', '18:00:00.000000', 89, 74, 2, 12, 23),
(1975, 5, '2023-06-28', '18:00:00.000000', 82, 90, 3, 8, 27),
(1976, 6, '2023-06-28', '18:00:00.000000', 85, 78, 4, 9, 21),
(1977, 7, '2023-06-28', '18:00:00.000000', 78, 84, 2, 10, 25),
(1978, 8, '2023-06-28', '18:00:00.000000', 89, 75, 3, 11, 28),
(1979, 9, '2023-06-28', '18:00:00.000000', 79, 83, 4, 12, 22),
(1980, 10, '2023-06-29', '00:00:00.000000', 88, 75, 2, 8, 26),
(1981, 1, '2023-06-29', '00:00:00.000000', 81, 88, 3, 9, 20),
(1982, 2, '2023-06-29', '00:00:00.000000', 87, 77, 4, 10, 24),
(1983, 3, '2023-06-29', '00:00:00.000000', 75, 84, 2, 11, 28),
(1984, 4, '2023-06-29', '00:00:00.000000', 89, 75, 3, 12, 22),
(1985, 5, '2023-06-29', '00:00:00.000000', 82, 90, 4, 8, 26),
(1986, 6, '2023-06-29', '00:00:00.000000', 86, 78, 2, 9, 20),
(1987, 7, '2023-06-29', '00:00:00.000000', 78, 85, 3, 10, 24),
(1988, 8, '2023-06-29', '00:00:00.000000', 89, 76, 4, 11, 28),
(1989, 9, '2023-06-29', '00:00:00.000000', 79, 83, 2, 12, 22),
(1990, 10, '2023-06-29', '00:00:00.000000', 88, 76, 3, 8, 26),
(1991, 1, '2023-06-29', '06:00:00.000000', 82, 88, 4, 9, 20),
(1992, 2, '2023-06-29', '06:00:00.000000', 88, 78, 2, 10, 24),
(1993, 3, '2023-06-29', '06:00:00.000000', 75, 84, 3, 11, 28),
(1994, 4, '2023-06-29', '06:00:00.000000', 89, 75, 4, 12, 22),
(1995, 5, '2023-06-29', '06:00:00.000000', 82, 89, 2, 8, 26),
(1996, 6, '2023-06-29', '06:00:00.000000', 86, 78, 3, 9, 20),
(1997, 7, '2023-06-29', '06:00:00.000000', 78, 85, 4, 10, 24),
(1998, 8, '2023-06-29', '06:00:00.000000', 90, 76, 2, 11, 28),
(1999, 9, '2023-06-29', '06:00:00.000000', 79, 83, 3, 12, 22),
(2000, 10, '2023-06-29', '06:00:00.000000', 88, 76, 4, 8, 26),
(2001, 1, '2023-06-29', '12:00:00.000000', 82, 88, 2, 9, 20),
(2002, 2, '2023-06-29', '12:00:00.000000', 88, 78, 3, 10, 24),
(2003, 3, '2023-06-29', '12:00:00.000000', 76, 84, 4, 11, 28),
(2004, 4, '2023-06-29', '12:00:00.000000', 90, 75, 2, 12, 22),
(2005, 5, '2023-06-29', '12:00:00.000000', 83, 89, 3, 8, 26),
(2006, 6, '2023-06-29', '12:00:00.000000', 86, 79, 4, 9, 20),
(2007, 7, '2023-06-29', '12:00:00.000000', 78, 85, 2, 10, 24),
(2008, 8, '2023-06-29', '12:00:00.000000', 90, 76, 3, 11, 28),
(2009, 9, '2023-06-29', '12:00:00.000000', 79, 83, 4, 12, 22),
(2010, 10, '2023-06-29', '12:00:00.000000', 88, 76, 2, 8, 26),
(2011, 1, '2023-06-29', '18:00:00.000000', 82, 89, 3, 9, 20),
(2012, 2, '2023-06-29', '18:00:00.000000', 88, 78, 4, 10, 24),
(2013, 3, '2023-06-29', '18:00:00.000000', 76, 84, 2, 11, 28),
(2014, 4, '2023-06-29', '18:00:00.000000', 90, 75, 3, 12, 22),
(2015, 5, '2023-06-29', '18:00:00.000000', 83, 90, 4, 8, 26),
(2016, 6, '2023-06-29', '18:00:00.000000', 86, 79, 2, 9, 20),
(2017, 7, '2023-06-29', '18:00:00.000000', 79, 85, 3, 10, 24),
(2018, 8, '2023-06-29', '18:00:00.000000', 90, 76, 4, 11, 28),
(2019, 9, '2023-06-29', '18:00:00.000000', 80, 84, 2, 12, 22),
(2020, 10, '2023-06-30', '00:00:00.000000', 89, 76, 3, 8, 26),
(2021, 1, '2023-06-30', '00:00:00.000000', 83, 89, 4, 9, 20),
(2022, 2, '2023-06-30', '00:00:00.000000', 88, 78, 2, 10, 24),
(2023, 3, '2023-06-30', '00:00:00.000000', 76, 85, 3, 11, 28),
(2024, 4, '2023-06-30', '00:00:00.000000', 90, 76, 4, 12, 22),
(2025, 5, '2023-06-30', '00:00:00.000000', 83, 90, 2, 8, 26),
(2026, 6, '2023-06-30', '00:00:00.000000', 87, 79, 3, 9, 20),
(2027, 7, '2023-06-30', '00:00:00.000000', 79, 86, 4, 10, 24),
(2028, 8, '2023-06-30', '00:00:00.000000', 90, 76, 2, 11, 28),
(2029, 9, '2023-06-30', '00:00:00.000000', 80, 84, 3, 12, 22),
(2030, 10, '2023-06-30', '00:00:00.000000', 89, 76, 4, 8, 26),
(2031, 1, '2023-06-30', '06:00:00.000000', 83, 89, 2, 9, 20),
(2032, 2, '2023-06-30', '06:00:00.000000', 89, 78, 3, 10, 24),
(2033, 3, '2023-06-30', '06:00:00.000000', 76, 85, 4, 11, 28),
(2034, 4, '2023-06-30', '06:00:00.000000', 91, 76, 2, 12, 22),
(2035, 5, '2023-06-30', '06:00:00.000000', 83, 90, 3, 8, 26),
(2036, 6, '2023-06-30', '06:00:00.000000', 87, 79, 4, 9, 20),
(2037, 7, '2023-06-30', '06:00:00.000000', 79, 86, 2, 10, 24),
(2038, 8, '2023-06-30', '06:00:00.000000', 91, 77, 3, 11, 28),
(2039, 9, '2023-06-30', '06:00:00.000000', 80, 84, 4, 12, 22),
(2040, 10, '2023-06-30', '06:00:00.000000', 89, 76, 2, 8, 26),
(2041, 1, '2023-06-30', '12:00:00.000000', 83, 89, 3, 9, 20),
(2042, 2, '2023-06-30', '12:00:00.000000', 89, 79, 4, 10, 24),
(2043, 3, '2023-06-30', '12:00:00.000000', 76, 85, 2, 11, 28),
(2044, 4, '2023-06-30', '12:00:00.000000', 91, 76, 3, 12, 22),
(2045, 5, '2023-06-30', '12:00:00.000000', 83, 90, 4, 8, 26),
(2046, 6, '2023-06-30', '12:00:00.000000', 87, 79, 2, 9, 20),
(2047, 7, '2023-06-30', '12:00:00.000000', 79, 86, 3, 10, 24),
(2048, 8, '2023-06-30', '12:00:00.000000', 91, 77, 4, 11, 28),
(2049, 9, '2023-06-30', '12:00:00.000000', 80, 84, 2, 12, 22),
(2050, 10, '2023-06-30', '12:00:00.000000', 89, 77, 3, 8, 26),
(2051, 1, '2023-06-30', '18:00:00.000000', 83, 89, 4, 9, 20),
(2052, 2, '2023-06-30', '18:00:00.000000', 89, 79, 2, 10, 24),
(2053, 3, '2023-06-30', '18:00:00.000000', 77, 85, 3, 11, 28),
(2054, 4, '2023-06-30', '18:00:00.000000', 91, 76, 4, 12, 22),
(2055, 5, '2023-06-30', '18:00:00.000000', 84, 90, 2, 8, 26),
(2056, 6, '2023-06-30', '18:00:00.000000', 87, 80, 3, 9, 20),
(2057, 7, '2023-06-30', '18:00:00.000000', 79, 86, 4, 10, 24),
(2058, 8, '2023-06-30', '18:00:00.000000', 91, 77, 2, 11, 28),
(2059, 9, '2023-06-30', '18:00:00.000000', 80, 84, 3, 12, 22),
(2060, 10, '2023-07-01', '00:00:00.000000', 89, 77, 4, 8, 26),
(2061, 1, '2023-07-01', '00:00:00.000000', 83, 90, 2, 9, 20),
(2062, 2, '2023-07-01', '00:00:00.000000', 89, 79, 3, 10, 24),
(2063, 3, '2023-07-01', '00:00:00.000000', 77, 86, 4, 11, 28),
(2064, 4, '2023-07-01', '00:00:00.000000', 91, 76, 2, 12, 22),
(2065, 5, '2023-07-01', '00:00:00.000000', 84, 91, 3, 8, 26),
(2066, 6, '2023-07-01', '00:00:00.000000', 87, 80, 4, 9, 20),
(2067, 7, '2023-07-01', '00:00:00.000000', 80, 86, 2, 10, 24),
(2068, 8, '2023-07-01', '00:00:00.000000', 92, 77, 3, 11, 28),
(2069, 9, '2023-07-01', '00:00:00.000000', 81, 85, 4, 12, 22),
(2070, 10, '2023-07-01', '00:00:00.000000', 90, 77, 2, 8, 26),
(2071, 1, '2023-07-01', '06:00:00.000000', 84, 90, 3, 9, 20),
(2072, 2, '2023-07-01', '06:00:00.000000', 90, 79, 4, 10, 24),
(2073, 3, '2023-07-01', '06:00:00.000000', 77, 86, 2, 11, 28),
(2074, 4, '2023-07-01', '06:00:00.000000', 92, 77, 3, 12, 22),
(2075, 5, '2023-07-01', '06:00:00.000000', 84, 91, 4, 8, 26),
(2076, 6, '2023-07-01', '06:00:00.000000', 88, 80, 2, 9, 20),
(2077, 7, '2023-07-01', '06:00:00.000000', 80, 87, 3, 10, 24),
(2078, 8, '2023-07-01', '06:00:00.000000', 92, 77, 4, 11, 28),
(2079, 9, '2023-07-01', '06:00:00.000000', 81, 85, 2, 12, 22),
(2080, 10, '2023-07-01', '06:00:00.000000', 90, 77, 3, 8, 26),
(2081, 1, '2023-07-01', '12:00:00.000000', 84, 90, 4, 9, 20),
(2082, 2, '2023-07-01', '12:00:00.000000', 90, 79, 2, 10, 24),
(2083, 3, '2023-07-01', '12:00:00.000000', 77, 86, 3, 11, 28),
(2084, 4, '2023-07-01', '12:00:00.000000', 92, 77, 4, 12, 22),
(2085, 5, '2023-07-01', '12:00:00.000000', 84, 91, 2, 8, 26),
(2086, 6, '2023-07-01', '12:00:00.000000', 88, 80, 3, 9, 20),
(2087, 7, '2023-07-01', '12:00:00.000000', 80, 87, 4, 10, 24),
(2088, 8, '2023-07-01', '12:00:00.000000', 92, 78, 2, 11, 28),
(2089, 9, '2023-07-01', '12:00:00.000000', 81, 85, 3, 12, 22),
(2090, 10, '2023-07-01', '12:00:00.000000', 90, 78, 4, 8, 26),
(2091, 1, '2023-07-01', '18:00:00.000000', 84, 90, 2, 9, 20),
(2092, 2, '2023-07-01', '18:00:00.000000', 90, 80, 3, 10, 24),
(2093, 3, '2023-07-01', '18:00:00.000000', 77, 86, 4, 11, 28),
(2094, 4, '2023-07-01', '18:00:00.000000', 92, 77, 2, 12, 22),
(2095, 5, '2023-07-01', '18:00:00.000000', 84, 91, 3, 8, 26),
(2096, 6, '2023-07-01', '18:00:00.000000', 88, 80, 4, 9, 20),
(2097, 7, '2023-07-01', '18:00:00.000000', 80, 87, 2, 10, 24),
(2098, 8, '2023-07-01', '18:00:00.000000', 93, 78, 3, 11, 28),
(2099, 9, '2023-07-01', '18:00:00.000000', 81, 85, 4, 12, 22),
(2100, 10, '2023-07-02', '00:00:00.000000', 90, 78, 2, 8, 26),
(2101, 1, '2023-07-02', '00:00:00.000000', 82, 79, 2, 9, 22),
(2102, 2, '2023-07-02', '00:00:00.000000', 74, 92, 3, 10, 27),
(2103, 3, '2023-07-02', '00:00:00.000000', 77, 75, 4, 11, 14),
(2104, 4, '2023-07-02', '00:00:00.000000', 90, 86, 2, 8, 19),
(2105, 5, '2023-07-02', '00:00:00.000000', 88, 78, 3, 12, 16),
(2106, 6, '2023-07-02', '00:00:00.000000', 73, 93, 4, 9, 26),
(2107, 7, '2023-07-02', '00:00:00.000000', 76, 71, 2, 10, 15),
(2108, 8, '2023-07-02', '00:00:00.000000', 85, 77, 3, 11, 21),
(2109, 9, '2023-07-02', '00:00:00.000000', 91, 84, 4, 13, 33),
(2110, 10, '2023-07-02', '00:00:00.000000', 80, 73, 2, 8, 28),
(2111, 1, '2023-07-02', '06:00:00.000000', 77, 81, 3, 11, 28),
(2112, 2, '2023-07-02', '06:00:00.000000', 82, 74, 4, 10, 27),
(2113, 3, '2023-07-02', '06:00:00.000000', 79, 91, 2, 12, 22),
(2114, 4, '2023-07-02', '06:00:00.000000', 86, 87, 3, 9, 31),
(2115, 5, '2023-07-02', '06:00:00.000000', 72, 95, 4, 10, 29),
(2116, 6, '2023-07-02', '06:00:00.000000', 78, 80, 2, 8, 33),
(2117, 7, '2023-07-02', '06:00:00.000000', 83, 78, 3, 11, 23),
(2118, 8, '2023-07-02', '06:00:00.000000', 71, 73, 4, 13, 14),
(2119, 9, '2023-07-02', '06:00:00.000000', 89, 79, 2, 9, 30),
(2120, 10, '2023-07-02', '06:00:00.000000', 76, 84, 3, 12, 17),
(2121, 1, '2023-07-02', '12:00:00.000000', 73, 92, 4, 8, 26),
(2122, 2, '2023-07-02', '12:00:00.000000', 80, 71, 2, 9, 32),
(2123, 3, '2023-07-02', '12:00:00.000000', 75, 96, 3, 13, 18),
(2124, 4, '2023-07-02', '12:00:00.000000', 87, 75, 4, 11, 20),
(2125, 5, '2023-07-02', '12:00:00.000000', 74, 88, 2, 12, 21),
(2126, 6, '2023-07-02', '12:00:00.000000', 81, 76, 3, 8, 34),
(2127, 7, '2023-07-02', '12:00:00.000000', 70, 90, 4, 10, 19),
(2128, 8, '2023-07-02', '12:00:00.000000', 90, 72, 2, 13, 16),
(2129, 9, '2023-07-02', '12:00:00.000000', 77, 82, 3, 9, 24),
(2130, 10, '2023-07-02', '12:00:00.000000', 89, 79, 4, 10, 25),
(2131, 1, '2023-07-02', '18:00:00.000000', 76, 85, 2, 11, 15),
(2132, 2, '2023-07-02', '18:00:00.000000', 83, 77, 3, 12, 27),
(2133, 3, '2023-07-02', '18:00:00.000000', 78, 93, 4, 9, 21),
(2134, 4, '2023-07-02', '18:00:00.000000', 88, 74, 2, 10, 30),
(2135, 5, '2023-07-02', '18:00:00.000000', 75, 89, 3, 13, 19),
(2136, 6, '2023-07-02', '18:00:00.000000', 82, 77, 4, 11, 16),
(2137, 7, '2023-07-02', '18:00:00.000000', 69, 91, 2, 8, 32),
(2138, 8, '2023-07-02', '18:00:00.000000', 91, 71, 3, 12, 18),
(2139, 9, '2023-07-02', '18:00:00.000000', 78, 80, 4, 10, 23),
(2140, 10, '2023-07-02', '18:00:00.000000', 85, 83, 2, 9, 28),
(2141, 1, '2023-07-03', '00:00:00.000000', 72, 94, 3, 8, 31),
(2142, 2, '2023-07-03', '00:00:00.000000', 79, 75, 4, 11, 29),
(2143, 3, '2023-07-03', '00:00:00.000000', 76, 87, 2, 12, 24),
(2144, 4, '2023-07-03', '00:00:00.000000', 85, 73, 3, 9, 33),
(2145, 5, '2023-07-03', '00:00:00.000000', 71, 90, 4, 10, 32),
(2146, 6, '2023-07-03', '00:00:00.000000', 77, 79, 2, 8, 35),
(2147, 7, '2023-07-03', '00:00:00.000000', 82, 76, 3, 11, 25),
(2148, 8, '2023-07-03', '00:00:00.000000', 70, 93, 4, 13, 15),
(2149, 9, '2023-07-03', '00:00:00.000000', 88, 75, 2, 9, 31),
(2150, 10, '2023-07-03', '00:00:00.000000', 75, 81, 3, 12, 18),
(2151, 1, '2023-07-03', '06:00:00.000000', 72, 92, 4, 8, 26),
(2152, 2, '2023-07-03', '06:00:00.000000', 80, 71, 2, 9, 32),
(2153, 3, '2023-07-03', '06:00:00.000000', 75, 95, 3, 13, 18),
(2154, 4, '2023-07-03', '06:00:00.000000', 87, 74, 4, 11, 20),
(2155, 5, '2023-07-03', '06:00:00.000000', 74, 89, 2, 12, 21),
(2156, 6, '2023-07-03', '06:00:00.000000', 81, 76, 3, 8, 34),
(2157, 7, '2023-07-03', '06:00:00.000000', 70, 90, 4, 10, 19),
(2158, 8, '2023-07-03', '06:00:00.000000', 90, 72, 2, 13, 16),
(2159, 9, '2023-07-03', '06:00:00.000000', 77, 82, 3, 9, 24),
(2160, 10, '2023-07-03', '06:00:00.000000', 89, 79, 4, 10, 25),
(2161, 1, '2023-07-03', '12:00:00.000000', 76, 85, 2, 11, 15),
(2162, 2, '2023-07-03', '12:00:00.000000', 83, 77, 3, 12, 27),
(2163, 3, '2023-07-03', '12:00:00.000000', 78, 93, 4, 9, 21),
(2164, 4, '2023-07-03', '12:00:00.000000', 88, 74, 2, 10, 30),
(2165, 5, '2023-07-03', '12:00:00.000000', 75, 89, 3, 13, 19),
(2166, 6, '2023-07-03', '12:00:00.000000', 82, 77, 4, 11, 16),
(2167, 7, '2023-07-03', '12:00:00.000000', 69, 91, 2, 8, 32),
(2168, 8, '2023-07-03', '12:00:00.000000', 91, 71, 3, 12, 18),
(2169, 9, '2023-07-03', '12:00:00.000000', 78, 80, 4, 10, 23),
(2170, 10, '2023-07-03', '12:00:00.000000', 85, 83, 2, 9, 28),
(2171, 1, '2023-07-03', '18:00:00.000000', 72, 94, 3, 8, 31),
(2172, 2, '2023-07-03', '18:00:00.000000', 79, 75, 4, 11, 29),
(2173, 3, '2023-07-03', '18:00:00.000000', 76, 87, 2, 12, 24),
(2174, 4, '2023-07-03', '18:00:00.000000', 85, 73, 3, 9, 33),
(2175, 5, '2023-07-03', '18:00:00.000000', 71, 90, 4, 10, 32),
(2176, 6, '2023-07-03', '18:00:00.000000', 77, 79, 2, 8, 35),
(2177, 7, '2023-07-03', '18:00:00.000000', 82, 76, 3, 11, 25),
(2178, 8, '2023-07-03', '18:00:00.000000', 70, 93, 4, 9, 30),
(2179, 9, '2023-07-03', '18:00:00.000000', 88, 75, 2, 13, 15),
(2180, 10, '2023-07-03', '18:00:00.000000', 75, 81, 3, 12, 28),
(2181, 1, '2023-07-04', '00:00:00.000000', 72, 92, 4, 8, 26),
(2182, 2, '2023-07-04', '00:00:00.000000', 80, 71, 2, 9, 32),
(2183, 3, '2023-07-04', '00:00:00.000000', 75, 95, 3, 13, 18),
(2184, 4, '2023-07-04', '00:00:00.000000', 87, 74, 4, 11, 20),
(2185, 5, '2023-07-04', '00:00:00.000000', 74, 89, 2, 12, 21),
(2186, 6, '2023-07-04', '00:00:00.000000', 81, 76, 3, 8, 34),
(2187, 7, '2023-07-04', '00:00:00.000000', 70, 90, 4, 10, 19),
(2188, 8, '2023-07-04', '00:00:00.000000', 90, 72, 2, 13, 16),
(2189, 9, '2023-07-04', '00:00:00.000000', 77, 82, 3, 9, 24),
(2190, 10, '2023-07-04', '00:00:00.000000', 89, 79, 4, 10, 25),
(2191, 1, '2023-07-04', '06:00:00.000000', 76, 85, 2, 11, 15),
(2192, 2, '2023-07-04', '06:00:00.000000', 83, 77, 3, 12, 27),
(2193, 3, '2023-07-04', '06:00:00.000000', 78, 93, 4, 9, 21),
(2194, 4, '2023-07-04', '06:00:00.000000', 88, 74, 2, 10, 30),
(2195, 5, '2023-07-04', '06:00:00.000000', 75, 89, 3, 13, 19),
(2196, 6, '2023-07-04', '06:00:00.000000', 82, 77, 4, 11, 16),
(2197, 7, '2023-07-04', '06:00:00.000000', 69, 91, 2, 8, 32),
(2198, 8, '2023-07-04', '06:00:00.000000', 91, 71, 3, 12, 18),
(2199, 9, '2023-07-04', '06:00:00.000000', 78, 80, 4, 10, 23),
(2200, 10, '2023-07-04', '06:00:00.000000', 85, 83, 2, 9, 28),
(2201, 1, '2023-07-04', '12:00:00.000000', 72, 94, 3, 8, 31),
(2202, 2, '2023-07-04', '12:00:00.000000', 79, 75, 4, 11, 29),
(2203, 3, '2023-07-04', '12:00:00.000000', 76, 87, 2, 12, 24),
(2204, 4, '2023-07-04', '12:00:00.000000', 85, 73, 3, 9, 33),
(2205, 5, '2023-07-04', '12:00:00.000000', 71, 90, 4, 10, 32),
(2206, 6, '2023-07-04', '12:00:00.000000', 77, 79, 2, 8, 35),
(2207, 7, '2023-07-04', '12:00:00.000000', 82, 76, 3, 11, 25),
(2208, 8, '2023-07-04', '12:00:00.000000', 70, 93, 4, 9, 30),
(2209, 9, '2023-07-04', '12:00:00.000000', 88, 75, 2, 13, 15),
(2210, 10, '2023-07-04', '12:00:00.000000', 75, 81, 3, 12, 28),
(2211, 1, '2023-07-04', '18:00:00.000000', 72, 92, 4, 8, 26),
(2212, 2, '2023-07-04', '18:00:00.000000', 80, 71, 2, 9, 32),
(2213, 3, '2023-07-04', '18:00:00.000000', 75, 95, 3, 13, 18),
(2214, 4, '2023-07-04', '18:00:00.000000', 87, 74, 4, 11, 20),
(2215, 5, '2023-07-04', '18:00:00.000000', 74, 89, 2, 12, 21),
(2216, 6, '2023-07-04', '18:00:00.000000', 81, 76, 3, 8, 34),
(2217, 7, '2023-07-04', '18:00:00.000000', 70, 90, 4, 10, 19),
(2218, 8, '2023-07-04', '18:00:00.000000', 90, 72, 2, 13, 16),
(2219, 9, '2023-07-04', '18:00:00.000000', 77, 82, 3, 9, 24),
(2220, 10, '2023-07-04', '18:00:00.000000', 89, 79, 4, 10, 25),
(2221, 1, '2023-07-05', '00:00:00.000000', 76, 85, 2, 11, 15),
(2222, 2, '2023-07-05', '00:00:00.000000', 83, 77, 3, 12, 27),
(2223, 3, '2023-07-05', '00:00:00.000000', 78, 93, 4, 9, 21),
(2224, 4, '2023-07-05', '00:00:00.000000', 88, 74, 2, 10, 30),
(2225, 5, '2023-07-05', '00:00:00.000000', 75, 89, 3, 13, 19),
(2226, 6, '2023-07-05', '00:00:00.000000', 82, 77, 4, 11, 16),
(2227, 7, '2023-07-05', '00:00:00.000000', 69, 91, 2, 8, 32),
(2228, 8, '2023-07-05', '00:00:00.000000', 91, 71, 3, 12, 18),
(2229, 9, '2023-07-05', '00:00:00.000000', 78, 80, 4, 10, 23),
(2230, 10, '2023-07-05', '00:00:00.000000', 85, 83, 2, 9, 28),
(2231, 1, '2023-07-05', '06:00:00.000000', 72, 94, 3, 8, 31),
(2232, 2, '2023-07-05', '06:00:00.000000', 79, 75, 4, 11, 29),
(2233, 3, '2023-07-05', '06:00:00.000000', 76, 87, 2, 12, 24),
(2234, 4, '2023-07-05', '06:00:00.000000', 85, 73, 3, 9, 33),
(2235, 5, '2023-07-05', '06:00:00.000000', 71, 90, 4, 10, 32),
(2236, 6, '2023-07-05', '06:00:00.000000', 77, 79, 2, 8, 35),
(2237, 7, '2023-07-05', '06:00:00.000000', 82, 76, 3, 11, 25),
(2238, 8, '2023-07-05', '06:00:00.000000', 70, 93, 4, 9, 30),
(2239, 9, '2023-07-05', '06:00:00.000000', 88, 75, 2, 13, 15),
(2240, 10, '2023-07-05', '06:00:00.000000', 75, 81, 3, 12, 28),
(2241, 1, '2023-07-05', '12:00:00.000000', 72, 92, 4, 8, 26),
(2242, 2, '2023-07-05', '12:00:00.000000', 80, 71, 2, 9, 32),
(2243, 3, '2023-07-05', '12:00:00.000000', 75, 95, 3, 13, 18),
(2244, 4, '2023-07-05', '12:00:00.000000', 87, 74, 4, 11, 20),
(2245, 5, '2023-07-05', '12:00:00.000000', 74, 89, 2, 12, 21),
(2246, 6, '2023-07-05', '12:00:00.000000', 81, 76, 3, 8, 34),
(2247, 7, '2023-07-05', '12:00:00.000000', 70, 90, 4, 10, 19),
(2248, 8, '2023-07-05', '12:00:00.000000', 90, 72, 2, 13, 16),
(2249, 9, '2023-07-05', '12:00:00.000000', 77, 82, 3, 9, 24),
(2250, 10, '2023-07-05', '12:00:00.000000', 89, 79, 4, 10, 25),
(2251, 1, '2023-07-05', '18:00:00.000000', 76, 85, 2, 11, 15),
(2252, 2, '2023-07-05', '18:00:00.000000', 83, 77, 3, 12, 27),
(2253, 3, '2023-07-05', '18:00:00.000000', 78, 93, 4, 9, 21),
(2254, 4, '2023-07-05', '18:00:00.000000', 88, 74, 2, 10, 30),
(2255, 5, '2023-07-05', '18:00:00.000000', 75, 89, 3, 13, 19),
(2256, 6, '2023-07-05', '18:00:00.000000', 82, 77, 4, 11, 16),
(2257, 7, '2023-07-05', '18:00:00.000000', 69, 91, 2, 8, 32),
(2258, 8, '2023-07-05', '18:00:00.000000', 91, 71, 3, 12, 18),
(2259, 9, '2023-07-05', '18:00:00.000000', 78, 80, 4, 10, 23),
(2260, 10, '2023-07-05', '18:00:00.000000', 85, 83, 2, 9, 28),
(2261, 1, '2023-07-06', '00:00:00.000000', 72, 94, 3, 8, 31),
(2262, 2, '2023-07-06', '00:00:00.000000', 79, 75, 4, 11, 29),
(2263, 3, '2023-07-06', '00:00:00.000000', 76, 87, 2, 12, 24),
(2264, 4, '2023-07-06', '00:00:00.000000', 85, 73, 3, 9, 33),
(2265, 5, '2023-07-06', '00:00:00.000000', 71, 90, 4, 10, 32),
(2266, 6, '2023-07-06', '00:00:00.000000', 77, 79, 2, 8, 35),
(2267, 7, '2023-07-06', '00:00:00.000000', 82, 76, 3, 11, 25),
(2268, 8, '2023-07-06', '00:00:00.000000', 70, 93, 4, 9, 30),
(2269, 9, '2023-07-06', '00:00:00.000000', 88, 75, 2, 13, 15),
(2270, 10, '2023-07-06', '00:00:00.000000', 75, 81, 3, 12, 28),
(2271, 1, '2023-07-06', '06:00:00.000000', 72, 92, 4, 8, 26),
(2272, 2, '2023-07-06', '06:00:00.000000', 80, 71, 2, 9, 32),
(2273, 3, '2023-07-06', '06:00:00.000000', 75, 95, 3, 13, 18),
(2274, 4, '2023-07-06', '06:00:00.000000', 87, 74, 4, 11, 20),
(2275, 5, '2023-07-06', '06:00:00.000000', 74, 89, 2, 12, 21),
(2276, 6, '2023-07-06', '06:00:00.000000', 81, 76, 3, 8, 34),
(2277, 7, '2023-07-06', '06:00:00.000000', 70, 90, 4, 10, 19),
(2278, 8, '2023-07-06', '06:00:00.000000', 90, 72, 2, 13, 16),
(2279, 9, '2023-07-06', '06:00:00.000000', 77, 82, 3, 9, 24),
(2280, 10, '2023-07-06', '06:00:00.000000', 89, 79, 4, 10, 25),
(2281, 1, '2023-07-06', '12:00:00.000000', 76, 85, 2, 11, 15),
(2282, 2, '2023-07-06', '12:00:00.000000', 83, 77, 3, 12, 27),
(2283, 3, '2023-07-06', '12:00:00.000000', 78, 93, 4, 9, 21),
(2284, 4, '2023-07-06', '12:00:00.000000', 88, 74, 2, 10, 30),
(2285, 5, '2023-07-06', '12:00:00.000000', 75, 89, 3, 13, 19),
(2286, 6, '2023-07-06', '12:00:00.000000', 82, 77, 4, 11, 16),
(2287, 7, '2023-07-06', '12:00:00.000000', 69, 91, 2, 8, 32),
(2288, 8, '2023-07-06', '12:00:00.000000', 91, 71, 3, 12, 18),
(2289, 9, '2023-07-06', '12:00:00.000000', 78, 80, 4, 10, 23),
(2290, 10, '2023-07-06', '12:00:00.000000', 85, 83, 2, 9, 28),
(2291, 1, '2023-07-06', '18:00:00.000000', 72, 94, 3, 8, 31),
(2292, 2, '2023-07-06', '18:00:00.000000', 79, 75, 4, 11, 29),
(2293, 3, '2023-07-06', '18:00:00.000000', 76, 87, 2, 12, 24),
(2294, 4, '2023-07-06', '18:00:00.000000', 85, 73, 3, 9, 33),
(2295, 5, '2023-07-06', '18:00:00.000000', 71, 90, 4, 10, 32),
(2296, 6, '2023-07-06', '18:00:00.000000', 77, 79, 2, 8, 35),
(2297, 7, '2023-07-06', '18:00:00.000000', 82, 76, 3, 11, 25),
(2298, 8, '2023-07-06', '18:00:00.000000', 70, 93, 4, 9, 30),
(2299, 9, '2023-07-06', '18:00:00.000000', 88, 75, 2, 13, 15),
(2300, 10, '2023-07-06', '18:00:00.000000', 75, 81, 3, 12, 28),
(2301, 1, '2023-07-07', '00:00:00.000000', 72, 92, 4, 8, 26),
(2302, 2, '2023-07-07', '00:00:00.000000', 80, 71, 2, 9, 32),
(2303, 3, '2023-07-07', '00:00:00.000000', 75, 95, 3, 13, 18),
(2304, 4, '2023-07-07', '00:00:00.000000', 87, 74, 4, 11, 20),
(2305, 5, '2023-07-07', '00:00:00.000000', 74, 89, 2, 12, 21),
(2306, 6, '2023-07-07', '00:00:00.000000', 81, 76, 3, 8, 34),
(2307, 7, '2023-07-07', '00:00:00.000000', 70, 90, 4, 10, 19),
(2308, 8, '2023-07-07', '00:00:00.000000', 90, 72, 2, 13, 16),
(2309, 9, '2023-07-07', '00:00:00.000000', 77, 82, 3, 9, 24),
(2310, 10, '2023-07-07', '00:00:00.000000', 89, 79, 4, 10, 25),
(2311, 1, '2023-07-07', '06:00:00.000000', 76, 85, 2, 11, 15),
(2312, 2, '2023-07-07', '06:00:00.000000', 83, 77, 3, 12, 27),
(2313, 3, '2023-07-07', '06:00:00.000000', 78, 93, 4, 9, 21),
(2314, 4, '2023-07-07', '06:00:00.000000', 88, 74, 2, 10, 30),
(2315, 5, '2023-07-07', '06:00:00.000000', 75, 89, 3, 13, 19),
(2316, 6, '2023-07-07', '06:00:00.000000', 82, 77, 4, 11, 16),
(2317, 7, '2023-07-07', '06:00:00.000000', 69, 91, 2, 8, 32),
(2318, 8, '2023-07-07', '06:00:00.000000', 91, 71, 3, 12, 18),
(2319, 9, '2023-07-07', '06:00:00.000000', 78, 80, 4, 10, 23),
(2320, 10, '2023-07-07', '06:00:00.000000', 85, 83, 2, 9, 28),
(2321, 1, '2023-07-07', '12:00:00.000000', 72, 94, 3, 8, 31),
(2322, 2, '2023-07-07', '12:00:00.000000', 79, 75, 4, 11, 29),
(2323, 3, '2023-07-07', '12:00:00.000000', 76, 87, 2, 12, 24),
(2324, 4, '2023-07-07', '12:00:00.000000', 85, 73, 3, 9, 33),
(2325, 5, '2023-07-07', '12:00:00.000000', 71, 90, 4, 10, 32),
(2326, 6, '2023-07-07', '12:00:00.000000', 77, 79, 2, 8, 35),
(2327, 7, '2023-07-07', '12:00:00.000000', 82, 76, 3, 11, 25),
(2328, 8, '2023-07-07', '12:00:00.000000', 70, 93, 4, 9, 30),
(2329, 9, '2023-07-07', '12:00:00.000000', 88, 75, 2, 13, 15),
(2330, 10, '2023-07-07', '12:00:00.000000', 75, 81, 3, 12, 28),
(2331, 1, '2023-07-07', '18:00:00.000000', 72, 92, 4, 8, 26),
(2332, 2, '2023-07-07', '18:00:00.000000', 80, 71, 2, 9, 32),
(2333, 3, '2023-07-07', '18:00:00.000000', 75, 95, 3, 13, 18),
(2334, 4, '2023-07-07', '18:00:00.000000', 87, 74, 4, 11, 20),
(2335, 5, '2023-07-07', '18:00:00.000000', 74, 89, 2, 12, 21),
(2336, 6, '2023-07-07', '18:00:00.000000', 81, 76, 3, 8, 34),
(2337, 7, '2023-07-07', '18:00:00.000000', 70, 90, 4, 10, 19),
(2338, 8, '2023-07-07', '18:00:00.000000', 90, 72, 2, 13, 16),
(2339, 9, '2023-07-07', '18:00:00.000000', 77, 82, 3, 9, 24),
(2340, 10, '2023-07-07', '18:00:00.000000', 89, 79, 4, 10, 25),
(2341, 1, '2023-07-08', '00:00:00.000000', 76, 85, 2, 11, 15),
(2342, 2, '2023-07-08', '00:00:00.000000', 83, 77, 3, 12, 27),
(2343, 3, '2023-07-08', '00:00:00.000000', 78, 93, 4, 9, 21),
(2344, 4, '2023-07-08', '00:00:00.000000', 88, 74, 2, 10, 30),
(2345, 5, '2023-07-08', '00:00:00.000000', 75, 89, 3, 13, 19),
(2346, 6, '2023-07-08', '00:00:00.000000', 82, 77, 4, 11, 16),
(2347, 7, '2023-07-08', '00:00:00.000000', 69, 91, 2, 8, 32),
(2348, 8, '2023-07-08', '00:00:00.000000', 91, 71, 3, 12, 18),
(2349, 9, '2023-07-08', '00:00:00.000000', 78, 80, 4, 10, 23),
(2350, 10, '2023-07-08', '00:00:00.000000', 85, 83, 2, 9, 28),
(2351, 1, '2023-07-08', '06:00:00.000000', 72, 94, 3, 8, 31),
(2352, 2, '2023-07-08', '06:00:00.000000', 79, 75, 4, 11, 29),
(2353, 3, '2023-07-08', '06:00:00.000000', 76, 87, 2, 12, 24),
(2354, 4, '2023-07-08', '06:00:00.000000', 85, 73, 3, 9, 33),
(2355, 5, '2023-07-08', '06:00:00.000000', 71, 90, 4, 10, 32),
(2356, 6, '2023-07-08', '06:00:00.000000', 77, 79, 2, 8, 35),
(2357, 7, '2023-07-08', '06:00:00.000000', 82, 76, 3, 11, 25),
(2358, 8, '2023-07-08', '06:00:00.000000', 70, 93, 4, 9, 30),
(2359, 9, '2023-07-08', '06:00:00.000000', 88, 75, 2, 13, 15),
(2360, 10, '2023-07-08', '06:00:00.000000', 75, 81, 3, 12, 28),
(2361, 1, '2023-07-08', '12:00:00.000000', 72, 92, 4, 8, 26),
(2362, 2, '2023-07-08', '12:00:00.000000', 80, 71, 2, 9, 32),
(2363, 3, '2023-07-08', '12:00:00.000000', 75, 95, 3, 13, 18),
(2364, 4, '2023-07-08', '12:00:00.000000', 87, 74, 4, 11, 20),
(2365, 5, '2023-07-08', '12:00:00.000000', 74, 89, 2, 12, 21),
(2366, 6, '2023-07-08', '12:00:00.000000', 81, 76, 3, 8, 34),
(2367, 7, '2023-07-08', '12:00:00.000000', 70, 90, 4, 10, 19),
(2368, 8, '2023-07-08', '12:00:00.000000', 90, 72, 2, 13, 16),
(2369, 9, '2023-07-08', '12:00:00.000000', 77, 82, 3, 9, 24),
(2370, 10, '2023-07-08', '12:00:00.000000', 89, 79, 4, 10, 25),
(2371, 1, '2023-07-08', '18:00:00.000000', 76, 85, 2, 11, 15),
(2372, 2, '2023-07-08', '18:00:00.000000', 83, 77, 3, 12, 27),
(2373, 3, '2023-07-08', '18:00:00.000000', 78, 93, 4, 9, 21),
(2374, 4, '2023-07-08', '18:00:00.000000', 88, 74, 2, 10, 30),
(2375, 5, '2023-07-08', '18:00:00.000000', 75, 89, 3, 13, 19),
(2376, 6, '2023-07-08', '18:00:00.000000', 82, 77, 4, 11, 16),
(2377, 7, '2023-07-08', '18:00:00.000000', 69, 91, 2, 8, 32),
(2378, 8, '2023-07-08', '18:00:00.000000', 91, 71, 3, 12, 18),
(2379, 9, '2023-07-08', '18:00:00.000000', 78, 80, 4, 10, 23),
(2380, 10, '2023-07-08', '18:00:00.000000', 85, 83, 2, 9, 28),
(2381, 1, '2023-07-09', '00:00:00.000000', 72, 94, 3, 8, 31),
(2382, 2, '2023-07-09', '00:00:00.000000', 79, 75, 4, 11, 29),
(2383, 3, '2023-07-09', '00:00:00.000000', 76, 87, 2, 12, 24),
(2384, 4, '2023-07-09', '00:00:00.000000', 85, 73, 3, 9, 33),
(2385, 5, '2023-07-09', '00:00:00.000000', 71, 90, 4, 10, 32),
(2386, 6, '2023-07-09', '00:00:00.000000', 77, 79, 2, 8, 35),
(2387, 7, '2023-07-09', '00:00:00.000000', 82, 76, 3, 11, 25),
(2388, 8, '2023-07-09', '00:00:00.000000', 70, 93, 4, 9, 30),
(2389, 9, '2023-07-09', '00:00:00.000000', 88, 75, 2, 13, 15),
(2390, 10, '2023-07-09', '00:00:00.000000', 75, 81, 3, 12, 28),
(2391, 1, '2023-07-09', '06:00:00.000000', 72, 92, 4, 8, 26),
(2392, 2, '2023-07-09', '06:00:00.000000', 80, 71, 2, 9, 32),
(2393, 3, '2023-07-09', '06:00:00.000000', 75, 95, 3, 13, 18),
(2394, 4, '2023-07-09', '06:00:00.000000', 87, 74, 4, 11, 20),
(2395, 5, '2023-07-09', '06:00:00.000000', 74, 89, 2, 12, 21),
(2396, 6, '2023-07-09', '06:00:00.000000', 81, 76, 3, 8, 34),
(2397, 7, '2023-07-09', '06:00:00.000000', 70, 90, 4, 10, 19),
(2398, 8, '2023-07-09', '06:00:00.000000', 90, 72, 2, 13, 16),
(2399, 9, '2023-07-09', '06:00:00.000000', 77, 82, 3, 9, 24),
(2400, 10, '2023-07-09', '06:00:00.000000', 89, 79, 4, 10, 25),
(2401, 1, '2023-07-09', '12:00:00.000000', 76, 85, 2, 11, 15),
(2402, 2, '2023-07-09', '12:00:00.000000', 83, 77, 3, 12, 27),
(2403, 3, '2023-07-09', '12:00:00.000000', 78, 93, 4, 9, 21),
(2404, 4, '2023-07-09', '12:00:00.000000', 88, 74, 2, 10, 30),
(2405, 5, '2023-07-09', '12:00:00.000000', 75, 89, 3, 13, 19),
(2406, 6, '2023-07-09', '12:00:00.000000', 82, 77, 4, 11, 16),
(2407, 7, '2023-07-09', '12:00:00.000000', 69, 91, 2, 8, 32),
(2408, 8, '2023-07-09', '12:00:00.000000', 91, 71, 3, 12, 18),
(2409, 9, '2023-07-09', '12:00:00.000000', 78, 80, 4, 10, 23),
(2410, 10, '2023-07-09', '12:00:00.000000', 85, 83, 2, 9, 28),
(2411, 1, '2023-07-09', '18:00:00.000000', 72, 94, 3, 8, 31),
(2412, 2, '2023-07-09', '18:00:00.000000', 79, 75, 4, 11, 29),
(2413, 3, '2023-07-09', '18:00:00.000000', 76, 87, 2, 12, 24),
(2414, 4, '2023-07-09', '18:00:00.000000', 85, 73, 3, 9, 33),
(2415, 5, '2023-07-09', '18:00:00.000000', 71, 90, 4, 10, 32),
(2416, 6, '2023-07-09', '18:00:00.000000', 77, 79, 2, 8, 35),
(2417, 7, '2023-07-09', '18:00:00.000000', 82, 76, 3, 11, 25),
(2418, 8, '2023-07-09', '18:00:00.000000', 70, 93, 4, 9, 30),
(2419, 9, '2023-07-09', '18:00:00.000000', 88, 75, 2, 13, 15),
(2420, 10, '2023-07-09', '18:00:00.000000', 75, 81, 3, 12, 28),
(2421, 1, '2023-07-10', '00:00:00.000000', 72, 92, 4, 8, 26),
(2422, 2, '2023-07-10', '00:00:00.000000', 80, 71, 2, 9, 32),
(2423, 3, '2023-07-10', '00:00:00.000000', 75, 95, 3, 13, 18),
(2424, 4, '2023-07-10', '00:00:00.000000', 87, 74, 4, 11, 20),
(2425, 5, '2023-07-10', '00:00:00.000000', 74, 89, 2, 12, 21),
(2426, 6, '2023-07-10', '00:00:00.000000', 81, 76, 3, 8, 34),
(2427, 7, '2023-07-10', '00:00:00.000000', 70, 90, 4, 10, 19),
(2428, 8, '2023-07-10', '00:00:00.000000', 90, 72, 2, 13, 16),
(2429, 9, '2023-07-10', '00:00:00.000000', 77, 82, 3, 9, 24),
(2430, 10, '2023-07-10', '00:00:00.000000', 89, 79, 4, 10, 25),
(2431, 1, '2023-07-10', '06:00:00.000000', 76, 85, 2, 11, 15),
(2432, 2, '2023-07-10', '06:00:00.000000', 83, 77, 3, 12, 27),
(2433, 3, '2023-07-10', '06:00:00.000000', 78, 93, 4, 9, 21),
(2434, 4, '2023-07-10', '06:00:00.000000', 88, 74, 2, 10, 30),
(2435, 5, '2023-07-10', '06:00:00.000000', 75, 89, 3, 13, 19),
(2436, 6, '2023-07-10', '06:00:00.000000', 82, 77, 4, 11, 16),
(2437, 7, '2023-07-10', '06:00:00.000000', 69, 91, 2, 8, 32),
(2438, 8, '2023-07-10', '06:00:00.000000', 91, 71, 3, 12, 18),
(2439, 9, '2023-07-10', '06:00:00.000000', 78, 80, 4, 10, 23),
(2440, 10, '2023-07-10', '06:00:00.000000', 85, 83, 2, 9, 28),
(2441, 1, '2023-07-10', '12:00:00.000000', 72, 94, 3, 8, 31),
(2442, 2, '2023-07-10', '12:00:00.000000', 79, 75, 4, 11, 29),
(2443, 3, '2023-07-10', '12:00:00.000000', 76, 87, 2, 12, 24),
(2444, 4, '2023-07-10', '12:00:00.000000', 85, 73, 3, 9, 33),
(2445, 5, '2023-07-10', '12:00:00.000000', 71, 90, 4, 10, 32),
(2446, 6, '2023-07-10', '12:00:00.000000', 77, 79, 2, 8, 35),
(2447, 7, '2023-07-10', '12:00:00.000000', 82, 76, 3, 11, 25),
(2448, 8, '2023-07-10', '12:00:00.000000', 70, 93, 4, 9, 30),
(2449, 9, '2023-07-10', '12:00:00.000000', 88, 75, 2, 13, 15),
(2450, 10, '2023-07-10', '12:00:00.000000', 75, 81, 3, 12, 28),
(2451, 1, '2023-07-10', '18:00:00.000000', 76, 85, 2, 11, 15),
(2452, 2, '2023-07-10', '18:00:00.000000', 83, 77, 3, 12, 27),
(2453, 3, '2023-07-10', '18:00:00.000000', 78, 93, 4, 9, 21),
(2454, 4, '2023-07-10', '18:00:00.000000', 88, 74, 2, 10, 30),
(2455, 5, '2023-07-10', '18:00:00.000000', 75, 89, 3, 13, 19),
(2456, 6, '2023-07-10', '18:00:00.000000', 82, 77, 4, 11, 16),
(2457, 7, '2023-07-10', '18:00:00.000000', 69, 91, 2, 8, 32),
(2458, 8, '2023-07-10', '18:00:00.000000', 91, 71, 3, 12, 18),
(2459, 9, '2023-07-10', '18:00:00.000000', 78, 80, 4, 10, 23),
(2460, 10, '2023-07-11', '00:00:00.000000', 85, 83, 2, 9, 28),
(2461, 1, '2023-07-11', '00:00:00.000000', 72, 94, 3, 8, 31),
(2462, 2, '2023-07-11', '00:00:00.000000', 79, 75, 4, 11, 29),
(2463, 3, '2023-07-11', '00:00:00.000000', 76, 87, 2, 12, 24),
(2464, 4, '2023-07-11', '00:00:00.000000', 85, 73, 3, 9, 33),
(2465, 5, '2023-07-11', '00:00:00.000000', 71, 90, 4, 10, 32),
(2466, 6, '2023-07-11', '00:00:00.000000', 77, 79, 2, 8, 35),
(2467, 7, '2023-07-11', '00:00:00.000000', 82, 76, 3, 11, 25),
(2468, 8, '2023-07-11', '00:00:00.000000', 70, 93, 4, 9, 30),
(2469, 9, '2023-07-11', '00:00:00.000000', 88, 75, 2, 13, 15),
(2470, 10, '2023-07-11', '00:00:00.000000', 75, 81, 3, 12, 28),
(2471, 1, '2023-07-11', '06:00:00.000000', 76, 85, 2, 11, 15),
(2472, 2, '2023-07-11', '06:00:00.000000', 83, 77, 3, 12, 27),
(2473, 3, '2023-07-11', '06:00:00.000000', 78, 93, 4, 9, 21),
(2474, 4, '2023-07-11', '06:00:00.000000', 88, 74, 2, 10, 30),
(2475, 5, '2023-07-11', '06:00:00.000000', 75, 89, 3, 13, 19),
(2476, 6, '2023-07-11', '06:00:00.000000', 82, 77, 4, 11, 16),
(2477, 7, '2023-07-11', '06:00:00.000000', 69, 91, 2, 8, 32),
(2478, 8, '2023-07-11', '06:00:00.000000', 91, 71, 3, 12, 18),
(2479, 9, '2023-07-11', '06:00:00.000000', 78, 80, 4, 10, 23),
(2480, 10, '2023-07-11', '06:00:00.000000', 85, 83, 2, 9, 28),
(2481, 1, '2023-07-11', '12:00:00.000000', 72, 94, 3, 8, 31),
(2482, 2, '2023-07-11', '12:00:00.000000', 79, 75, 4, 11, 29),
(2483, 3, '2023-07-11', '12:00:00.000000', 76, 87, 2, 12, 24),
(2484, 4, '2023-07-11', '12:00:00.000000', 85, 73, 3, 9, 33),
(2485, 5, '2023-07-11', '12:00:00.000000', 71, 90, 4, 10, 32),
(2486, 6, '2023-07-11', '12:00:00.000000', 77, 79, 2, 8, 35),
(2487, 7, '2023-07-11', '12:00:00.000000', 82, 76, 3, 11, 25),
(2488, 8, '2023-07-11', '12:00:00.000000', 70, 93, 4, 9, 30),
(2489, 9, '2023-07-11', '12:00:00.000000', 88, 75, 2, 13, 15),
(2490, 10, '2023-07-11', '12:00:00.000000', 75, 81, 3, 12, 28),
(2491, 1, '2023-07-11', '18:00:00.000000', 76, 85, 2, 11, 15),
(2492, 2, '2023-07-11', '18:00:00.000000', 83, 77, 3, 12, 27),
(2493, 3, '2023-07-11', '18:00:00.000000', 78, 93, 4, 9, 21),
(2494, 4, '2023-07-11', '18:00:00.000000', 88, 74, 2, 10, 30),
(2495, 5, '2023-07-11', '18:00:00.000000', 75, 89, 3, 13, 19),
(2496, 6, '2023-07-11', '18:00:00.000000', 82, 77, 4, 11, 16),
(2497, 7, '2023-07-11', '18:00:00.000000', 69, 91, 2, 8, 32),
(2498, 8, '2023-07-11', '18:00:00.000000', 91, 71, 3, 12, 18),
(2499, 9, '2023-07-11', '18:00:00.000000', 78, 80, 4, 10, 23),
(2500, 10, '2023-07-12', '00:00:00.000000', 85, 83, 2, 9, 28),
(2501, 1, '2023-07-12', '00:00:00.000000', 72, 94, 3, 8, 31),
(2502, 2, '2023-07-12', '00:00:00.000000', 79, 75, 4, 11, 29),
(2503, 3, '2023-07-12', '00:00:00.000000', 76, 87, 2, 12, 24),
(2504, 4, '2023-07-12', '00:00:00.000000', 85, 73, 3, 9, 33),
(2505, 5, '2023-07-12', '00:00:00.000000', 71, 90, 4, 10, 32),
(2506, 6, '2023-07-12', '00:00:00.000000', 77, 79, 2, 8, 35),
(2507, 7, '2023-07-12', '00:00:00.000000', 82, 76, 3, 11, 25),
(2508, 8, '2023-07-12', '00:00:00.000000', 70, 93, 4, 9, 30),
(2509, 9, '2023-07-12', '00:00:00.000000', 88, 75, 2, 13, 15),
(2510, 10, '2023-07-12', '00:00:00.000000', 75, 81, 3, 12, 28),
(2511, 1, '2023-07-12', '06:00:00.000000', 76, 85, 2, 11, 15),
(2512, 2, '2023-07-12', '06:00:00.000000', 78, 87, 2, 12, 32),
(2513, 3, '2023-07-12', '06:00:00.000000', 94, 73, 4, 9, 15),
(2514, 4, '2023-07-12', '06:00:00.000000', 72, 79, 3, 11, 26),
(2515, 5, '2023-07-12', '06:00:00.000000', 86, 76, 4, 8, 23),
(2516, 6, '2023-07-12', '06:00:00.000000', 71, 93, 2, 10, 20),
(2517, 7, '2023-07-12', '06:00:00.000000', 90, 71, 3, 13, 29),
(2518, 8, '2023-07-12', '06:00:00.000000', 77, 81, 4, 9, 18),
(2519, 9, '2023-07-12', '06:00:00.000000', 81, 92, 3, 12, 31),
(2520, 10, '2023-07-12', '06:00:00.000000', 93, 74, 2, 11, 25),
(2521, 1, '2023-07-12', '12:00:00.000000', 89, 88, 3, 10, 30),
(2522, 2, '2023-07-12', '12:00:00.000000', 75, 93, 4, 9, 17),
(2523, 3, '2023-07-12', '12:00:00.000000', 91, 77, 2, 11, 27),
(2524, 4, '2023-07-12', '12:00:00.000000', 73, 85, 3, 8, 24),
(2525, 5, '2023-07-12', '12:00:00.000000', 87, 70, 4, 13, 19),
(2526, 6, '2023-07-12', '12:00:00.000000', 70, 96, 2, 12, 33),
(2527, 7, '2023-07-12', '12:00:00.000000', 96, 75, 3, 9, 22),
(2528, 8, '2023-07-12', '12:00:00.000000', 74, 90, 4, 10, 21),
(2529, 9, '2023-07-12', '12:00:00.000000', 88, 79, 3, 11, 26),
(2530, 10, '2023-07-12', '12:00:00.000000', 76, 83, 2, 13, 28),
(2531, 1, '2023-07-12', '18:00:00.000000', 92, 78, 4, 12, 16),
(2532, 2, '2023-07-12', '18:00:00.000000', 82, 87, 2, 10, 20),
(2533, 3, '2023-07-12', '18:00:00.000000', 76, 92, 3, 9, 15),
(2534, 4, '2023-07-12', '18:00:00.000000', 89, 76, 4, 13, 31),
(2535, 5, '2023-07-12', '18:00:00.000000', 77, 88, 2, 11, 23),
(2536, 6, '2023-07-12', '18:00:00.000000', 94, 71, 3, 8, 14),
(2537, 7, '2023-07-12', '18:00:00.000000', 81, 94, 4, 10, 29),
(2538, 8, '2023-07-12', '18:00:00.000000', 73, 80, 2, 12, 18),
(2539, 9, '2023-07-12', '18:00:00.000000', 85, 83, 3, 13, 34),
(2540, 10, '2023-07-12', '18:00:00.000000', 79, 79, 4, 9, 25),
(2541, 1, '2023-07-13', '00:00:00.000000', 90, 75, 2, 13, 17),
(2542, 2, '2023-07-13', '00:00:00.000000', 73, 86, 3, 8, 16),
(2543, 3, '2023-07-13', '00:00:00.000000', 88, 78, 4, 11, 28),
(2544, 4, '2023-07-13', '00:00:00.000000', 76, 92, 2, 9, 19),
(2545, 5, '2023-07-13', '00:00:00.000000', 92, 77, 3, 13, 22),
(2546, 6, '2023-07-13', '00:00:00.000000', 81, 85, 4, 10, 32),
(2547, 7, '2023-07-13', '00:00:00.000000', 75, 88, 2, 12, 21),
(2548, 8, '2023-07-13', '00:00:00.000000', 89, 73, 3, 11, 14),
(2549, 9, '2023-07-13', '00:00:00.000000', 77, 90, 4, 8, 27),
(2550, 10, '2023-07-13', '00:00:00.000000', 93, 76, 2, 13, 33),
(2551, 1, '2023-07-13', '06:00:00.000000', 83, 85, 3, 9, 16),
(2552, 2, '2023-07-13', '06:00:00.000000', 78, 74, 4, 12, 21),
(2553, 3, '2023-07-13', '06:00:00.000000', 91, 86, 2, 8, 18),
(2554, 4, '2023-07-13', '06:00:00.000000', 72, 92, 3, 11, 30),
(2555, 5, '2023-07-13', '06:00:00.000000', 86, 79, 4, 13, 24),
(2556, 6, '2023-07-13', '06:00:00.000000', 74, 91, 2, 10, 17),
(2557, 7, '2023-07-13', '06:00:00.000000', 94, 77, 3, 12, 29),
(2558, 8, '2023-07-13', '06:00:00.000000', 81, 83, 4, 9, 15),
(2559, 9, '2023-07-13', '06:00:00.000000', 77, 75, 2, 13, 31),
(2560, 10, '2023-07-13', '06:00:00.000000', 90, 88, 3, 8, 23),
(2561, 1, '2023-07-13', '12:00:00.000000', 75, 86, 4, 12, 19),
(2562, 2, '2023-07-13', '12:00:00.000000', 93, 79, 2, 10, 14),
(2563, 3, '2023-07-13', '12:00:00.000000', 78, 92, 3, 9, 20),
(2564, 4, '2023-07-13', '12:00:00.000000', 87, 77, 4, 13, 27),
(2565, 5, '2023-07-13', '12:00:00.000000', 74, 84, 2, 11, 16),
(2566, 6, '2023-07-13', '12:00:00.000000', 91, 75, 3, 8, 29),
(2567, 7, '2023-07-13', '12:00:00.000000', 75, 91, 4, 12, 22),
(2568, 8, '2023-07-13', '12:00:00.000000', 88, 78, 2, 10, 18),
(2569, 9, '2023-07-13', '12:00:00.000000', 77, 86, 3, 9, 32),
(2570, 10, '2023-07-13', '12:00:00.000000', 92, 74, 4, 13, 25),
(2571, 1, '2023-07-13', '18:00:00.000000', 86, 79, 2, 11, 20),
(2572, 2, '2023-07-13', '18:00:00.000000', 75, 92, 3, 8, 17),
(2573, 3, '2023-07-13', '18:00:00.000000', 89, 76, 4, 12, 28),
(2574, 4, '2023-07-13', '18:00:00.000000', 78, 87, 2, 10, 19),
(2575, 5, '2023-07-13', '18:00:00.000000', 93, 75, 3, 9, 21),
(2576, 6, '2023-07-13', '18:00:00.000000', 74, 90, 4, 13, 33),
(2577, 7, '2023-07-13', '18:00:00.000000', 87, 74, 2, 8, 16),
(2578, 8, '2023-07-13', '18:00:00.000000', 76, 89, 3, 11, 29),
(2579, 9, '2023-07-13', '18:00:00.000000', 82, 77, 4, 12, 15),
(2580, 10, '2023-07-13', '18:00:00.000000', 75, 84, 2, 9, 27),
(2581, 1, '2023-07-14', '00:00:00.000000', 90, 86, 3, 10, 22),
(2582, 2, '2023-07-14', '00:00:00.000000', 76, 93, 4, 13, 16),
(2583, 3, '2023-07-14', '00:00:00.000000', 87, 75, 2, 8, 30),
(2584, 4, '2023-07-14', '00:00:00.000000', 75, 90, 3, 12, 18);
INSERT INTO `mediciones` (`id_medicion`, `id_sonda`, `fecha_medicion`, `hora_medicion`, `medicion_salinidad`, `medicion_humedad`, `medicion_luminosidad`, `medicion_ph`, `medicion_temperatura`) VALUES
(2585, 5, '2023-07-14', '00:00:00.000000', 92, 76, 4, 9, 23),
(2586, 6, '2023-07-14', '00:00:00.000000', 79, 87, 2, 11, 31),
(2587, 7, '2023-07-14', '00:00:00.000000', 76, 74, 3, 8, 20),
(2588, 8, '2023-07-14', '00:00:00.000000', 89, 89, 4, 13, 28),
(2589, 9, '2023-07-14', '00:00:00.000000', 75, 82, 2, 10, 17),
(2590, 10, '2023-07-14', '00:00:00.000000', 91, 75, 3, 9, 25),
(2591, 1, '2023-07-14', '06:00:00.000000', 77, 92, 4, 8, 21),
(2592, 2, '2023-07-14', '06:00:00.000000', 83, 75, 2, 13, 29),
(2593, 3, '2023-07-14', '06:00:00.000000', 76, 88, 3, 10, 19),
(2594, 4, '2023-07-14', '06:00:00.000000', 90, 76, 4, 12, 24),
(2595, 5, '2023-07-14', '06:00:00.000000', 75, 91, 2, 9, 16),
(2596, 6, '2023-07-14', '06:00:00.000000', 86, 75, 3, 13, 27),
(2597, 7, '2023-07-14', '06:00:00.000000', 75, 89, 4, 8, 22),
(2598, 8, '2023-07-14', '06:00:00.000000', 92, 75, 2, 11, 30),
(2599, 9, '2023-07-14', '06:00:00.000000', 78, 91, 3, 10, 18),
(2600, 10, '2023-07-14', '06:00:00.000000', 75, 77, 4, 13, 23),
(2601, 1, '2023-07-14', '12:00:00.000000', 88, 92, 3, 10, 27),
(2602, 2, '2023-07-14', '12:00:00.000000', 76, 82, 4, 9, 14),
(2603, 3, '2023-07-14', '12:00:00.000000', 79, 76, 2, 11, 21),
(2604, 4, '2023-07-14', '12:00:00.000000', 93, 78, 4, 13, 26),
(2605, 5, '2023-07-14', '12:00:00.000000', 71, 91, 3, 8, 20),
(2606, 6, '2023-07-14', '12:00:00.000000', 86, 75, 2, 12, 15),
(2607, 7, '2023-07-14', '12:00:00.000000', 73, 94, 4, 10, 28),
(2608, 8, '2023-07-14', '12:00:00.000000', 78, 80, 3, 9, 19),
(2609, 9, '2023-07-14', '12:00:00.000000', 81, 73, 2, 8, 16),
(2610, 10, '2023-07-14', '12:00:00.000000', 90, 87, 4, 12, 25),
(2611, 1, '2023-07-14', '18:00:00.000000', 77, 75, 2, 10, 22),
(2612, 2, '2023-07-14', '18:00:00.000000', 83, 89, 3, 11, 15),
(2613, 3, '2023-07-14', '18:00:00.000000', 75, 79, 4, 12, 18),
(2614, 4, '2023-07-14', '18:00:00.000000', 92, 76, 2, 9, 23),
(2615, 5, '2023-07-14', '18:00:00.000000', 72, 84, 3, 10, 17),
(2616, 6, '2023-07-14', '18:00:00.000000', 87, 77, 4, 13, 26),
(2617, 7, '2023-07-14', '18:00:00.000000', 76, 92, 2, 8, 21),
(2618, 8, '2023-07-14', '18:00:00.000000', 79, 81, 3, 11, 19),
(2619, 9, '2023-07-14', '18:00:00.000000', 83, 76, 4, 12, 15),
(2620, 10, '2023-07-14', '18:00:00.000000', 88, 85, 2, 10, 25),
(2621, 1, '2023-07-15', '00:00:00.000000', 72, 73, 3, 9, 14),
(2622, 2, '2023-07-15', '00:00:00.000000', 77, 78, 4, 10, 21),
(2623, 3, '2023-07-15', '00:00:00.000000', 85, 71, 2, 11, 17),
(2624, 4, '2023-07-15', '00:00:00.000000', 79, 75, 3, 12, 16),
(2625, 5, '2023-07-15', '00:00:00.000000', 71, 82, 4, 13, 20),
(2626, 6, '2023-07-15', '00:00:00.000000', 76, 77, 2, 8, 19),
(2627, 7, '2023-07-15', '00:00:00.000000', 84, 74, 3, 9, 15),
(2628, 8, '2023-07-15', '00:00:00.000000', 73, 76, 4, 10, 22),
(2629, 9, '2023-07-15', '00:00:00.000000', 78, 79, 2, 11, 18),
(2630, 10, '2023-07-15', '00:00:00.000000', 81, 83, 3, 12, 17),
(2631, 1, '2023-07-15', '06:00:00.000000', 74, 80, 4, 13, 21),
(2632, 2, '2023-07-15', '06:00:00.000000', 83, 72, 2, 9, 16),
(2633, 3, '2023-07-15', '06:00:00.000000', 77, 76, 3, 10, 19),
(2634, 4, '2023-07-15', '06:00:00.000000', 75, 81, 4, 11, 15),
(2635, 5, '2023-07-15', '06:00:00.000000', 82, 74, 2, 12, 23),
(2636, 6, '2023-07-15', '06:00:00.000000', 76, 79, 3, 8, 17),
(2637, 7, '2023-07-15', '06:00:00.000000', 73, 83, 4, 9, 20),
(2638, 8, '2023-07-15', '06:00:00.000000', 79, 75, 2, 10, 16),
(2639, 9, '2023-07-15', '06:00:00.000000', 74, 82, 3, 11, 19),
(2640, 10, '2023-07-15', '06:00:00.000000', 81, 76, 4, 12, 15),
(2641, 1, '2023-07-15', '12:00:00.000000', 76, 77, 2, 8, 19),
(2642, 2, '2023-07-15', '12:00:00.000000', 83, 73, 3, 9, 15),
(2643, 3, '2023-07-15', '12:00:00.000000', 77, 82, 4, 10, 22),
(2644, 4, '2023-07-15', '12:00:00.000000', 75, 74, 2, 11, 18),
(2645, 5, '2023-07-15', '12:00:00.000000', 82, 80, 3, 12, 17),
(2646, 6, '2023-07-15', '12:00:00.000000', 76, 77, 4, 13, 21),
(2647, 7, '2023-07-15', '12:00:00.000000', 73, 81, 2, 9, 16),
(2648, 8, '2023-07-15', '12:00:00.000000', 79, 75, 3, 10, 19),
(2649, 9, '2023-07-15', '12:00:00.000000', 74, 78, 4, 11, 15),
(2650, 10, '2023-07-15', '12:00:00.000000', 81, 76, 2, 12, 23),
(2651, 1, '2023-07-15', '18:00:00.000000', 76, 83, 3, 8, 17),
(2652, 2, '2023-07-15', '18:00:00.000000', 83, 75, 4, 9, 20),
(2653, 3, '2023-07-15', '18:00:00.000000', 77, 74, 2, 10, 16),
(2654, 4, '2023-07-15', '18:00:00.000000', 75, 82, 3, 11, 19),
(2655, 5, '2023-07-15', '18:00:00.000000', 82, 76, 4, 12, 15),
(2656, 6, '2023-07-15', '18:00:00.000000', 76, 77, 2, 8, 19),
(2657, 7, '2023-07-15', '18:00:00.000000', 73, 83, 3, 9, 15),
(2658, 8, '2023-07-15', '18:00:00.000000', 79, 75, 4, 10, 22),
(2659, 9, '2023-07-15', '18:00:00.000000', 74, 82, 2, 11, 18),
(2660, 10, '2023-07-15', '18:00:00.000000', 81, 76, 3, 12, 17),
(2661, 1, '2023-07-15', '18:00:00.000000', 86, 79, 2, 11, 22),
(2662, 2, '2023-07-15', '18:00:00.000000', 75, 73, 3, 10, 19),
(2663, 3, '2023-07-15', '18:00:00.000000', 92, 76, 4, 13, 29),
(2664, 4, '2023-07-15', '18:00:00.000000', 78, 83, 2, 12, 23),
(2665, 5, '2023-07-15', '18:00:00.000000', 88, 77, 3, 8, 18),
(2666, 6, '2023-07-15', '18:00:00.000000', 80, 92, 4, 9, 21),
(2667, 7, '2023-07-15', '18:00:00.000000', 79, 75, 2, 10, 16),
(2668, 8, '2023-07-15', '18:00:00.000000', 71, 86, 3, 11, 26),
(2669, 9, '2023-07-15', '18:00:00.000000', 87, 79, 4, 13, 31),
(2670, 10, '2023-07-15', '18:00:00.000000', 74, 88, 2, 8, 14),
(2671, 1, '2023-07-15', '00:00:00.000000', 91, 71, 3, 12, 20),
(2672, 2, '2023-07-15', '00:00:00.000000', 77, 94, 4, 9, 30),
(2673, 3, '2023-07-15', '00:00:00.000000', 81, 75, 2, 10, 16),
(2674, 4, '2023-07-15', '00:00:00.000000', 84, 89, 3, 11, 27),
(2675, 5, '2023-07-15', '00:00:00.000000', 72, 72, 4, 12, 22),
(2676, 6, '2023-07-15', '00:00:00.000000', 93, 73, 2, 8, 15),
(2677, 7, '2023-07-15', '00:00:00.000000', 76, 92, 3, 9, 19),
(2678, 8, '2023-07-15', '00:00:00.000000', 85, 81, 4, 13, 32),
(2679, 9, '2023-07-15', '00:00:00.000000', 73, 75, 2, 10, 18),
(2680, 10, '2023-07-15', '00:00:00.000000', 89, 88, 3, 11, 26),
(2681, 1, '2023-07-15', '06:00:00.000000', 75, 79, 4, 12, 23),
(2682, 2, '2023-07-15', '06:00:00.000000', 90, 73, 2, 10, 16),
(2683, 3, '2023-07-15', '06:00:00.000000', 76, 85, 3, 11, 25),
(2684, 4, '2023-07-15', '06:00:00.000000', 88, 79, 4, 13, 31),
(2685, 5, '2023-07-15', '06:00:00.000000', 77, 72, 2, 8, 15),
(2686, 6, '2023-07-15', '06:00:00.000000', 92, 90, 3, 9, 20),
(2687, 7, '2023-07-15', '06:00:00.000000', 73, 77, 4, 12, 21),
(2688, 8, '2023-07-15', '06:00:00.000000', 83, 82, 2, 10, 17),
(2689, 9, '2023-07-15', '06:00:00.000000', 78, 88, 3, 11, 26),
(2690, 10, '2023-07-15', '06:00:00.000000', 87, 76, 4, 9, 30),
(2691, 1, '2023-07-15', '12:00:00.000000', 74, 82, 2, 8, 14),
(2692, 2, '2023-07-15', '12:00:00.000000', 91, 75, 3, 9, 19),
(2693, 3, '2023-07-15', '12:00:00.000000', 75, 77, 4, 12, 21),
(2694, 4, '2023-07-15', '12:00:00.000000', 85, 92, 2, 10, 16),
(2695, 5, '2023-07-15', '12:00:00.000000', 79, 74, 3, 11, 25),
(2696, 6, '2023-07-15', '12:00:00.000000', 90, 86, 4, 13, 32),
(2697, 7, '2023-07-15', '12:00:00.000000', 71, 80, 2, 8, 15),
(2698, 8, '2023-07-15', '12:00:00.000000', 88, 78, 3, 9, 18),
(2699, 9, '2023-07-15', '12:00:00.000000', 76, 83, 4, 12, 24),
(2700, 10, '2023-07-15', '12:00:00.000000', 83, 79, 2, 10, 16),
(2701, 1, '2023-07-15', '18:00:00.000000', 92, 75, 3, 11, 27),
(2702, 2, '2023-07-15', '18:00:00.000000', 77, 86, 4, 13, 33),
(2703, 3, '2023-07-15', '18:00:00.000000', 81, 77, 2, 8, 14),
(2704, 4, '2023-07-15', '18:00:00.000000', 83, 94, 3, 9, 19),
(2705, 5, '2023-07-15', '18:00:00.000000', 75, 71, 4, 12, 20),
(2706, 6, '2023-07-15', '18:00:00.000000', 94, 78, 2, 10, 16),
(2707, 7, '2023-07-15', '18:00:00.000000', 77, 89, 3, 11, 25),
(2708, 8, '2023-07-15', '18:00:00.000000', 84, 75, 4, 9, 31),
(2709, 9, '2023-07-15', '18:00:00.000000', 73, 83, 2, 8, 15),
(2710, 10, '2023-07-15', '18:00:00.000000', 88, 77, 3, 9, 18),
(2711, 1, '2023-07-16', '00:00:00.000000', 76, 85, 4, 12, 23),
(2712, 2, '2023-07-16', '00:00:00.000000', 89, 73, 2, 10, 17),
(2713, 3, '2023-07-16', '00:00:00.000000', 78, 79, 3, 11, 26),
(2714, 4, '2023-07-16', '00:00:00.000000', 86, 82, 4, 13, 30),
(2715, 5, '2023-07-16', '00:00:00.000000', 77, 72, 2, 8, 14),
(2716, 6, '2023-07-16', '00:00:00.000000', 93, 91, 3, 9, 20),
(2717, 7, '2023-07-16', '00:00:00.000000', 74, 77, 4, 12, 22),
(2718, 8, '2023-07-16', '00:00:00.000000', 82, 84, 2, 10, 16),
(2719, 9, '2023-07-16', '00:00:00.000000', 79, 88, 3, 11, 25),
(2720, 10, '2023-07-16', '00:00:00.000000', 87, 73, 4, 9, 30),
(2721, 1, '2023-07-16', '06:00:00.000000', 71, 75, 2, 8, 14),
(2722, 2, '2023-07-16', '06:00:00.000000', 92, 77, 3, 9, 18),
(2723, 3, '2023-07-16', '06:00:00.000000', 75, 92, 4, 12, 23),
(2724, 4, '2023-07-16', '06:00:00.000000', 83, 76, 2, 10, 17),
(2725, 5, '2023-07-16', '06:00:00.000000', 88, 79, 3, 11, 21),
(2726, 6, '2023-07-16', '06:00:00.000000', 73, 86, 4, 13, 29),
(2727, 7, '2023-07-16', '06:00:00.000000', 81, 71, 2, 8, 15),
(2728, 8, '2023-07-16', '06:00:00.000000', 94, 82, 3, 9, 19),
(2729, 9, '2023-07-16', '06:00:00.000000', 75, 77, 4, 12, 24),
(2730, 10, '2023-07-16', '06:00:00.000000', 82, 88, 2, 10, 16),
(2831, 1, '2023-07-17', '18:00:00.000000', 73, 83, 4, 13, 33),
(2832, 2, '2023-07-17', '18:00:00.000000', 87, 75, 2, 8, 14),
(2833, 3, '2023-07-17', '18:00:00.000000', 75, 86, 3, 11, 26),
(2834, 4, '2023-07-17', '18:00:00.000000', 89, 72, 4, 12, 21),
(2835, 5, '2023-07-17', '18:00:00.000000', 74, 78, 2, 9, 17),
(2836, 6, '2023-07-17', '18:00:00.000000', 92, 81, 3, 10, 19),
(2837, 7, '2023-07-17', '18:00:00.000000', 77, 90, 4, 13, 30),
(2838, 8, '2023-07-17', '18:00:00.000000', 81, 73, 2, 8, 15),
(2839, 9, '2023-07-17', '18:00:00.000000', 88, 79, 3, 9, 18),
(2840, 10, '2023-07-17', '18:00:00.000000', 75, 87, 4, 12, 23),
(2841, 1, '2023-07-18', '00:00:00.000000', 82, 72, 2, 10, 16),
(2842, 2, '2023-07-18', '00:00:00.000000', 93, 83, 3, 11, 25),
(2843, 3, '2023-07-18', '00:00:00.000000', 74, 75, 4, 13, 32),
(2844, 4, '2023-07-18', '00:00:00.000000', 79, 90, 2, 8, 14),
(2845, 5, '2023-07-18', '00:00:00.000000', 86, 77, 3, 9, 20),
(2846, 6, '2023-07-18', '00:00:00.000000', 72, 88, 4, 12, 22),
(2847, 7, '2023-07-18', '00:00:00.000000', 81, 73, 2, 10, 16),
(2848, 8, '2023-07-18', '00:00:00.000000', 94, 79, 3, 11, 25),
(2849, 9, '2023-07-18', '00:00:00.000000', 73, 86, 4, 13, 31),
(2850, 10, '2023-07-18', '00:00:00.000000', 83, 74, 2, 8, 15),
(2851, 1, '2023-07-18', '12:00:00.000000', 92, 76, 4, 9, 24),
(2852, 2, '2023-07-18', '12:00:00.000000', 71, 87, 2, 11, 23),
(2853, 3, '2023-07-18', '12:00:00.000000', 79, 75, 4, 10, 20),
(2854, 4, '2023-07-18', '12:00:00.000000', 86, 71, 3, 8, 15),
(2855, 5, '2023-07-18', '12:00:00.000000', 74, 83, 4, 12, 27),
(2856, 6, '2023-07-18', '12:00:00.000000', 78, 76, 2, 9, 22),
(2857, 7, '2023-07-18', '12:00:00.000000', 83, 73, 3, 11, 19),
(2858, 8, '2023-07-18', '12:00:00.000000', 91, 70, 2, 10, 21),
(2859, 9, '2023-07-18', '12:00:00.000000', 75, 89, 3, 12, 29),
(2860, 10, '2023-07-18', '12:00:00.000000', 78, 76, 2, 9, 22),
(2861, 1, '2023-07-18', '18:00:00.000000', 81, 73, 4, 11, 23),
(2862, 2, '2023-07-18', '18:00:00.000000', 77, 76, 3, 10, 19),
(2863, 3, '2023-07-18', '18:00:00.000000', 85, 78, 2, 8, 17),
(2864, 4, '2023-07-18', '18:00:00.000000', 92, 70, 4, 13, 30),
(2865, 5, '2023-07-18', '18:00:00.000000', 73, 82, 3, 12, 26),
(2866, 6, '2023-07-18', '18:00:00.000000', 79, 77, 2, 9, 21),
(2867, 7, '2023-07-18', '18:00:00.000000', 87, 75, 4, 8, 18),
(2868, 8, '2023-07-18', '18:00:00.000000', 74, 81, 3, 11, 27),
(2869, 9, '2023-07-18', '18:00:00.000000', 72, 79, 2, 10, 20),
(2870, 10, '2023-07-18', '18:00:00.000000', 89, 74, 4, 9, 25),
(2871, 1, '2023-07-19', '00:00:00.000000', 79, 75, 3, 8, 14),
(2872, 2, '2023-07-19', '00:00:00.000000', 88, 77, 2, 13, 32),
(2873, 3, '2023-07-19', '00:00:00.000000', 76, 80, 4, 9, 24),
(2874, 4, '2023-07-19', '00:00:00.000000', 83, 73, 3, 10, 18),
(2875, 5, '2023-07-19', '00:00:00.000000', 75, 78, 2, 11, 22),
(2876, 6, '2023-07-19', '00:00:00.000000', 91, 71, 4, 12, 30),
(2877, 7, '2023-07-19', '00:00:00.000000', 78, 76, 3, 13, 28),
(2878, 8, '2023-07-19', '00:00:00.000000', 84, 79, 2, 8, 16),
(2879, 9, '2023-07-19', '00:00:00.000000', 73, 81, 4, 9, 26),
(2880, 10, '2023-07-19', '00:00:00.000000', 82, 74, 3, 10, 20),
(2881, 1, '2023-07-19', '06:00:00.000000', 76, 77, 4, 11, 27),
(2882, 2, '2023-07-19', '06:00:00.000000', 80, 76, 3, 12, 21),
(2883, 3, '2023-07-19', '06:00:00.000000', 87, 72, 2, 13, 19),
(2884, 4, '2023-07-19', '06:00:00.000000', 79, 79, 4, 8, 15),
(2885, 5, '2023-07-19', '06:00:00.000000', 72, 81, 3, 9, 25),
(2886, 6, '2023-07-19', '06:00:00.000000', 86, 75, 2, 10, 17),
(2887, 7, '2023-07-19', '06:00:00.000000', 75, 78, 4, 11, 23),
(2888, 8, '2023-07-19', '06:00:00.000000', 81, 73, 3, 12, 29),
(2889, 9, '2023-07-19', '06:00:00.000000', 74, 80, 2, 13, 31),
(2890, 10, '2023-07-19', '06:00:00.000000', 83, 77, 4, 8, 33),
(2891, 1, '2023-07-19', '12:00:00.000000', 78, 75, 3, 9, 22),
(2892, 2, '2023-07-19', '12:00:00.000000', 88, 76, 2, 10, 19),
(2893, 3, '2023-07-19', '12:00:00.000000', 76, 80, 4, 11, 25),
(2894, 4, '2023-07-19', '12:00:00.000000', 83, 73, 3, 12, 21),
(2895, 5, '2023-07-19', '12:00:00.000000', 75, 79, 2, 13, 18),
(2896, 6, '2023-07-19', '12:00:00.000000', 91, 71, 4, 8, 26),
(2897, 7, '2023-07-19', '12:00:00.000000', 78, 76, 3, 9, 28),
(2898, 8, '2023-07-19', '12:00:00.000000', 84, 78, 2, 10, 16),
(2899, 9, '2023-07-19', '12:00:00.000000', 73, 82, 4, 11, 24),
(2900, 10, '2023-07-19', '12:00:00.000000', 82, 74, 3, 12, 20),
(2901, 1, '2023-07-19', '18:00:00.000000', 76, 77, 4, 13, 27),
(2902, 2, '2023-07-19', '18:00:00.000000', 80, 75, 3, 8, 21),
(2903, 3, '2023-07-19', '18:00:00.000000', 87, 73, 2, 9, 19),
(2904, 4, '2023-07-19', '18:00:00.000000', 79, 78, 4, 10, 15),
(2905, 5, '2023-07-19', '18:00:00.000000', 72, 80, 3, 11, 25),
(2906, 6, '2023-07-19', '18:00:00.000000', 86, 74, 2, 12, 17),
(2907, 7, '2023-07-19', '18:00:00.000000', 75, 79, 4, 13, 23),
(2908, 8, '2023-07-19', '18:00:00.000000', 81, 72, 3, 8, 29),
(2909, 9, '2023-07-19', '18:00:00.000000', 74, 81, 2, 9, 31),
(2910, 10, '2023-07-19', '18:00:00.000000', 83, 77, 4, 10, 33),
(2911, 1, '2023-07-20', '00:00:00.000000', 78, 76, 3, 11, 22),
(2912, 2, '2023-07-20', '00:00:00.000000', 88, 75, 2, 12, 19),
(2913, 3, '2023-07-20', '00:00:00.000000', 76, 79, 4, 13, 25),
(2914, 4, '2023-07-20', '00:00:00.000000', 83, 72, 3, 8, 21),
(2915, 5, '2023-07-20', '00:00:00.000000', 75, 81, 2, 9, 18),
(2916, 6, '2023-07-20', '00:00:00.000000', 91, 73, 4, 10, 26),
(2917, 7, '2023-07-20', '00:00:00.000000', 78, 78, 3, 11, 28),
(2918, 8, '2023-07-20', '00:00:00.000000', 84, 74, 2, 12, 16),
(2919, 9, '2023-07-20', '00:00:00.000000', 73, 80, 4, 13, 24),
(2920, 10, '2023-07-20', '00:00:00.000000', 82, 76, 3, 8, 20),
(2921, 1, '2023-07-20', '06:00:00.000000', 76, 77, 2, 9, 27),
(2922, 2, '2023-07-20', '06:00:00.000000', 80, 76, 4, 10, 21),
(2923, 3, '2023-07-20', '06:00:00.000000', 87, 72, 3, 11, 19),
(2924, 4, '2023-07-20', '06:00:00.000000', 79, 79, 2, 12, 15),
(2925, 5, '2023-07-20', '06:00:00.000000', 72, 81, 4, 13, 25),
(2926, 6, '2023-07-20', '06:00:00.000000', 86, 75, 3, 8, 17),
(2927, 7, '2023-07-20', '06:00:00.000000', 75, 78, 2, 9, 23),
(2928, 8, '2023-07-20', '06:00:00.000000', 81, 73, 4, 10, 29),
(2929, 9, '2023-07-20', '06:00:00.000000', 74, 80, 3, 11, 31),
(2930, 10, '2023-07-20', '06:00:00.000000', 83, 77, 2, 12, 33),
(2931, 1, '2023-07-20', '12:00:00.000000', 78, 75, 4, 13, 22),
(2932, 2, '2023-07-20', '12:00:00.000000', 88, 76, 3, 8, 19),
(2933, 3, '2023-07-20', '12:00:00.000000', 76, 80, 2, 9, 25),
(2934, 4, '2023-07-20', '12:00:00.000000', 83, 73, 4, 10, 21),
(2935, 5, '2023-07-20', '12:00:00.000000', 75, 79, 3, 11, 18),
(2936, 6, '2023-07-20', '12:00:00.000000', 91, 71, 2, 12, 26),
(2937, 7, '2023-07-20', '12:00:00.000000', 78, 76, 4, 13, 28),
(2938, 8, '2023-07-20', '12:00:00.000000', 84, 78, 3, 8, 16),
(2939, 9, '2023-07-20', '12:00:00.000000', 73, 82, 2, 9, 24),
(2940, 10, '2023-07-20', '12:00:00.000000', 82, 74, 4, 10, 20),
(2941, 1, '2023-07-20', '18:00:00.000000', 76, 77, 3, 11, 27),
(2942, 2, '2023-07-20', '18:00:00.000000', 80, 75, 2, 12, 21),
(2943, 3, '2023-07-20', '18:00:00.000000', 87, 73, 4, 13, 19),
(2944, 4, '2023-07-20', '18:00:00.000000', 79, 78, 3, 8, 15),
(2945, 5, '2023-07-20', '18:00:00.000000', 72, 80, 2, 9, 25),
(2946, 6, '2023-07-20', '18:00:00.000000', 86, 74, 4, 10, 17),
(2947, 7, '2023-07-20', '18:00:00.000000', 75, 79, 3, 11, 23),
(2948, 8, '2023-07-20', '18:00:00.000000', 81, 72, 2, 12, 29),
(2949, 9, '2023-07-20', '18:00:00.000000', 74, 81, 4, 13, 31),
(2950, 10, '2023-07-20', '18:00:00.000000', 83, 77, 3, 8, 33),
(2951, 1, '2023-07-21', '00:00:00.000000', 78, 76, 2, 9, 22),
(2952, 2, '2023-07-21', '00:00:00.000000', 88, 75, 4, 10, 19),
(2953, 3, '2023-07-21', '00:00:00.000000', 76, 79, 3, 11, 25),
(2954, 4, '2023-07-21', '00:00:00.000000', 83, 72, 2, 12, 21),
(2955, 5, '2023-07-21', '00:00:00.000000', 75, 81, 4, 13, 18),
(2956, 6, '2023-07-21', '00:00:00.000000', 91, 73, 3, 8, 26),
(2957, 7, '2023-07-21', '00:00:00.000000', 78, 78, 2, 9, 28),
(2958, 8, '2023-07-21', '00:00:00.000000', 84, 74, 4, 10, 16),
(2959, 9, '2023-07-21', '00:00:00.000000', 73, 80, 3, 11, 24),
(2960, 10, '2023-07-21', '00:00:00.000000', 82, 76, 2, 12, 20),
(2961, 1, '2023-07-21', '06:00:00.000000', 76, 77, 4, 13, 27),
(2962, 2, '2023-07-21', '06:00:00.000000', 80, 76, 3, 8, 21),
(2963, 3, '2023-07-21', '06:00:00.000000', 87, 72, 2, 9, 19),
(2964, 4, '2023-07-21', '06:00:00.000000', 79, 79, 4, 10, 15),
(2965, 5, '2023-07-21', '06:00:00.000000', 72, 81, 3, 11, 25),
(2966, 6, '2023-07-21', '06:00:00.000000', 86, 75, 2, 12, 17),
(2967, 7, '2023-07-21', '06:00:00.000000', 75, 78, 4, 13, 23),
(2968, 8, '2023-07-21', '06:00:00.000000', 81, 73, 3, 8, 29),
(2969, 9, '2023-07-21', '06:00:00.000000', 74, 80, 2, 9, 31),
(2970, 10, '2023-07-21', '06:00:00.000000', 83, 77, 4, 10, 33),
(2971, 1, '2023-07-21', '12:00:00.000000', 78, 75, 3, 11, 22),
(2972, 2, '2023-07-21', '12:00:00.000000', 88, 76, 2, 12, 19),
(2973, 3, '2023-07-21', '12:00:00.000000', 76, 80, 4, 13, 25),
(2974, 4, '2023-07-21', '12:00:00.000000', 83, 73, 3, 8, 21),
(2975, 5, '2023-07-21', '12:00:00.000000', 75, 79, 2, 9, 18),
(2976, 6, '2023-07-21', '12:00:00.000000', 91, 71, 4, 10, 26),
(2977, 7, '2023-07-21', '12:00:00.000000', 78, 76, 3, 11, 28),
(2978, 8, '2023-07-21', '12:00:00.000000', 84, 78, 2, 12, 16),
(2979, 9, '2023-07-21', '12:00:00.000000', 73, 82, 4, 13, 24),
(2980, 10, '2023-07-21', '12:00:00.000000', 82, 74, 3, 8, 20),
(2981, 1, '2023-07-21', '18:00:00.000000', 76, 77, 2, 9, 27),
(2982, 2, '2023-07-21', '18:00:00.000000', 80, 75, 4, 10, 21),
(2983, 3, '2023-07-21', '18:00:00.000000', 87, 73, 3, 11, 19),
(2984, 4, '2023-07-21', '18:00:00.000000', 79, 78, 2, 12, 15),
(2985, 5, '2023-07-21', '18:00:00.000000', 72, 80, 4, 13, 25),
(2986, 6, '2023-07-21', '18:00:00.000000', 86, 74, 3, 8, 17),
(2987, 7, '2023-07-21', '18:00:00.000000', 75, 79, 2, 9, 23),
(2988, 8, '2023-07-21', '18:00:00.000000', 81, 72, 4, 10, 29),
(2989, 9, '2023-07-21', '18:00:00.000000', 74, 81, 3, 11, 31),
(2990, 10, '2023-07-21', '18:00:00.000000', 83, 77, 2, 12, 33),
(2991, 1, '2023-07-22', '00:00:00.000000', 78, 76, 4, 13, 22),
(2992, 2, '2023-07-22', '00:00:00.000000', 88, 75, 3, 8, 19),
(2993, 3, '2023-07-22', '00:00:00.000000', 76, 79, 2, 9, 25),
(2994, 4, '2023-07-22', '00:00:00.000000', 83, 72, 4, 10, 21),
(2995, 5, '2023-07-22', '00:00:00.000000', 75, 81, 3, 11, 18),
(2996, 6, '2023-07-22', '00:00:00.000000', 91, 73, 2, 12, 26),
(2997, 7, '2023-07-22', '00:00:00.000000', 78, 78, 4, 13, 28),
(2998, 8, '2023-07-22', '00:00:00.000000', 84, 74, 3, 8, 16),
(2999, 9, '2023-07-22', '00:00:00.000000', 73, 80, 2, 9, 24),
(3000, 10, '2023-07-22', '00:00:00.000000', 82, 76, 4, 10, 20),
(3001, 1, '2023-07-22', '06:00:00.000000', 76, 77, 3, 11, 27),
(3002, 2, '2023-07-22', '06:00:00.000000', 80, 76, 2, 12, 21),
(3003, 3, '2023-07-22', '06:00:00.000000', 87, 72, 4, 13, 19),
(3004, 4, '2023-07-22', '06:00:00.000000', 79, 79, 3, 8, 15),
(3005, 5, '2023-07-22', '06:00:00.000000', 72, 80, 2, 9, 25),
(3006, 6, '2023-07-22', '06:00:00.000000', 86, 74, 4, 10, 17),
(3007, 7, '2023-07-22', '06:00:00.000000', 75, 79, 3, 11, 23),
(3008, 8, '2023-07-22', '06:00:00.000000', 81, 72, 2, 12, 29),
(3009, 9, '2023-07-22', '06:00:00.000000', 74, 81, 4, 13, 31),
(3010, 10, '2023-07-22', '06:00:00.000000', 83, 77, 3, 8, 33),
(3011, 1, '2023-07-22', '12:00:00.000000', 78, 76, 2, 9, 22),
(3012, 2, '2023-07-22', '12:00:00.000000', 88, 75, 4, 10, 19),
(3013, 3, '2023-07-22', '12:00:00.000000', 76, 79, 3, 11, 25),
(3014, 4, '2023-07-22', '12:00:00.000000', 83, 72, 2, 12, 21),
(3015, 5, '2023-07-22', '12:00:00.000000', 75, 81, 4, 13, 18),
(3016, 6, '2023-07-22', '12:00:00.000000', 91, 73, 3, 8, 26),
(3017, 7, '2023-07-22', '12:00:00.000000', 78, 78, 2, 9, 28),
(3018, 8, '2023-07-22', '12:00:00.000000', 84, 74, 4, 10, 16),
(3019, 9, '2023-07-22', '12:00:00.000000', 73, 80, 3, 11, 24),
(3020, 10, '2023-07-22', '12:00:00.000000', 82, 76, 2, 12, 20),
(3021, 1, '2023-07-22', '18:00:00.000000', 76, 77, 4, 13, 27),
(3022, 2, '2023-07-22', '18:00:00.000000', 80, 76, 3, 8, 21),
(3023, 3, '2023-07-22', '18:00:00.000000', 87, 72, 2, 9, 19),
(3024, 4, '2023-07-22', '18:00:00.000000', 79, 79, 4, 10, 15),
(3025, 5, '2023-07-22', '18:00:00.000000', 72, 80, 3, 11, 25),
(3026, 6, '2023-07-22', '18:00:00.000000', 86, 74, 2, 12, 17),
(3027, 7, '2023-07-22', '18:00:00.000000', 75, 79, 4, 13, 23),
(3028, 8, '2023-07-22', '18:00:00.000000', 81, 72, 3, 8, 29),
(3029, 9, '2023-07-22', '18:00:00.000000', 74, 81, 2, 9, 31),
(3030, 10, '2023-07-22', '18:00:00.000000', 83, 77, 4, 10, 33),
(3031, 1, '2023-07-23', '00:00:00.000000', 78, 76, 3, 11, 22),
(3032, 2, '2023-07-23', '00:00:00.000000', 88, 75, 2, 12, 19),
(3033, 3, '2023-07-23', '00:00:00.000000', 76, 79, 4, 13, 25),
(3034, 4, '2023-07-23', '00:00:00.000000', 83, 72, 3, 8, 21),
(3035, 5, '2023-07-23', '00:00:00.000000', 75, 81, 2, 9, 18),
(3036, 6, '2023-07-23', '00:00:00.000000', 91, 73, 4, 10, 26),
(3037, 7, '2023-07-23', '00:00:00.000000', 78, 78, 3, 11, 28),
(3038, 8, '2023-07-23', '00:00:00.000000', 84, 74, 2, 12, 16),
(3039, 9, '2023-07-23', '00:00:00.000000', 73, 80, 4, 13, 24),
(3040, 10, '2023-07-23', '00:00:00.000000', 82, 76, 3, 8, 20),
(3041, 1, '2023-07-23', '06:00:00.000000', 76, 77, 2, 9, 27),
(3042, 2, '2023-07-23', '06:00:00.000000', 80, 76, 4, 10, 21),
(3043, 3, '2023-07-23', '06:00:00.000000', 87, 72, 3, 11, 19),
(3044, 4, '2023-07-23', '06:00:00.000000', 79, 79, 2, 12, 15),
(3045, 5, '2023-07-23', '06:00:00.000000', 72, 80, 4, 13, 25),
(3046, 6, '2023-07-23', '06:00:00.000000', 86, 74, 3, 8, 17),
(3047, 7, '2023-07-23', '06:00:00.000000', 75, 79, 2, 9, 23),
(3048, 8, '2023-07-23', '06:00:00.000000', 81, 72, 4, 10, 29),
(3049, 9, '2023-07-23', '06:00:00.000000', 74, 81, 3, 11, 31),
(3050, 10, '2023-07-23', '06:00:00.000000', 83, 77, 2, 12, 33),
(3051, 1, '2023-07-23', '12:00:00.000000', 78, 76, 4, 13, 22),
(3052, 2, '2023-07-23', '12:00:00.000000', 88, 75, 3, 8, 19),
(3053, 3, '2023-07-23', '12:00:00.000000', 76, 79, 2, 9, 25),
(3054, 4, '2023-07-23', '12:00:00.000000', 83, 72, 4, 10, 21),
(3055, 5, '2023-07-23', '12:00:00.000000', 75, 81, 3, 11, 18),
(3056, 6, '2023-07-23', '12:00:00.000000', 91, 73, 2, 12, 26),
(3057, 7, '2023-07-23', '12:00:00.000000', 78, 78, 4, 13, 28),
(3058, 8, '2023-07-23', '12:00:00.000000', 84, 74, 3, 8, 16),
(3059, 9, '2023-07-23', '12:00:00.000000', 73, 80, 2, 9, 24),
(3060, 10, '2023-07-23', '12:00:00.000000', 82, 76, 4, 10, 20),
(3061, 1, '2023-07-23', '18:00:00.000000', 76, 77, 3, 11, 27),
(3062, 2, '2023-07-23', '18:00:00.000000', 80, 76, 2, 12, 21),
(3063, 3, '2023-07-23', '18:00:00.000000', 87, 72, 4, 13, 19),
(3064, 4, '2023-07-23', '18:00:00.000000', 79, 79, 3, 8, 15),
(3065, 5, '2023-07-23', '18:00:00.000000', 72, 80, 2, 9, 25),
(3066, 6, '2023-07-23', '18:00:00.000000', 86, 74, 4, 10, 17),
(3067, 7, '2023-07-23', '18:00:00.000000', 75, 79, 3, 11, 23),
(3068, 8, '2023-07-23', '18:00:00.000000', 81, 72, 2, 12, 29),
(3069, 9, '2023-07-23', '18:00:00.000000', 74, 81, 4, 13, 31),
(3070, 10, '2023-07-23', '18:00:00.000000', 83, 77, 3, 8, 33),
(3071, 1, '2023-07-24', '00:00:00.000000', 78, 76, 2, 9, 22),
(3072, 2, '2023-07-24', '00:00:00.000000', 88, 75, 4, 10, 19),
(3073, 3, '2023-07-24', '00:00:00.000000', 76, 79, 3, 11, 25),
(3074, 4, '2023-07-24', '00:00:00.000000', 83, 72, 2, 12, 21),
(3075, 5, '2023-07-24', '00:00:00.000000', 75, 81, 4, 13, 18),
(3076, 6, '2023-07-24', '00:00:00.000000', 91, 73, 3, 8, 26),
(3077, 7, '2023-07-24', '00:00:00.000000', 78, 78, 2, 9, 28),
(3078, 8, '2023-07-24', '00:00:00.000000', 84, 74, 4, 10, 16),
(3079, 9, '2023-07-24', '00:00:00.000000', 73, 80, 3, 11, 24),
(3080, 10, '2023-07-24', '00:00:00.000000', 82, 76, 2, 12, 20),
(3081, 1, '2023-07-24', '06:00:00.000000', 76, 77, 4, 13, 27),
(3082, 2, '2023-07-24', '06:00:00.000000', 80, 76, 3, 8, 21),
(3083, 3, '2023-07-24', '06:00:00.000000', 87, 72, 2, 9, 19),
(3084, 4, '2023-07-24', '06:00:00.000000', 79, 79, 4, 10, 15),
(3085, 5, '2023-07-24', '06:00:00.000000', 72, 80, 3, 11, 25),
(3086, 6, '2023-07-24', '06:00:00.000000', 86, 74, 2, 12, 17),
(3087, 7, '2023-07-24', '06:00:00.000000', 75, 79, 4, 13, 23),
(3088, 8, '2023-07-24', '06:00:00.000000', 81, 72, 3, 8, 29),
(3089, 9, '2023-07-24', '06:00:00.000000', 74, 81, 2, 9, 31),
(3090, 10, '2023-07-24', '06:00:00.000000', 83, 77, 4, 10, 33),
(3091, 1, '2023-07-24', '12:00:00.000000', 78, 76, 3, 11, 22),
(3092, 2, '2023-07-24', '12:00:00.000000', 88, 75, 2, 12, 19),
(3093, 3, '2023-07-24', '12:00:00.000000', 76, 79, 4, 13, 25),
(3094, 4, '2023-07-24', '12:00:00.000000', 83, 72, 3, 8, 21),
(3095, 5, '2023-07-24', '12:00:00.000000', 75, 81, 2, 9, 18),
(3096, 6, '2023-07-24', '12:00:00.000000', 91, 73, 4, 10, 26),
(3097, 7, '2023-07-24', '12:00:00.000000', 78, 78, 3, 11, 28),
(3098, 8, '2023-07-24', '12:00:00.000000', 84, 74, 2, 12, 16),
(3099, 9, '2023-07-24', '12:00:00.000000', 73, 80, 4, 13, 24),
(3100, 10, '2023-07-24', '12:00:00.000000', 82, 76, 3, 8, 20),
(3101, 1, '2023-07-24', '18:00:00.000000', 76, 77, 2, 9, 27),
(3102, 2, '2023-07-24', '18:00:00.000000', 80, 76, 4, 10, 21),
(3103, 3, '2023-07-24', '18:00:00.000000', 87, 72, 3, 11, 19),
(3104, 4, '2023-07-24', '18:00:00.000000', 79, 79, 2, 12, 15),
(3105, 5, '2023-07-24', '18:00:00.000000', 72, 80, 4, 13, 25),
(3106, 6, '2023-07-24', '18:00:00.000000', 86, 74, 3, 8, 17),
(3107, 7, '2023-07-24', '18:00:00.000000', 75, 79, 2, 9, 23),
(3108, 8, '2023-07-24', '18:00:00.000000', 81, 72, 4, 10, 29),
(3109, 9, '2023-07-24', '18:00:00.000000', 74, 81, 3, 11, 31),
(3110, 10, '2023-07-24', '18:00:00.000000', 83, 77, 2, 12, 33),
(3111, 1, '2023-07-25', '00:00:00.000000', 78, 76, 4, 13, 22),
(3112, 2, '2023-07-25', '00:00:00.000000', 88, 75, 3, 8, 19),
(3113, 3, '2023-07-25', '00:00:00.000000', 76, 79, 2, 9, 25),
(3114, 4, '2023-07-25', '00:00:00.000000', 83, 72, 4, 10, 21),
(3115, 5, '2023-07-25', '00:00:00.000000', 75, 81, 3, 11, 18),
(3116, 6, '2023-07-25', '00:00:00.000000', 91, 73, 2, 12, 26),
(3117, 7, '2023-07-25', '00:00:00.000000', 78, 78, 4, 13, 28),
(3118, 8, '2023-07-25', '00:00:00.000000', 84, 74, 3, 8, 16),
(3119, 9, '2023-07-25', '00:00:00.000000', 73, 80, 2, 9, 24),
(3120, 10, '2023-07-25', '00:00:00.000000', 82, 76, 4, 10, 20),
(3121, 1, '2023-07-25', '06:00:00.000000', 76, 77, 3, 11, 27),
(3122, 2, '2023-07-25', '06:00:00.000000', 80, 76, 2, 12, 21),
(3123, 3, '2023-07-25', '06:00:00.000000', 87, 72, 4, 13, 19),
(3124, 4, '2023-07-25', '06:00:00.000000', 79, 79, 3, 8, 15),
(3125, 5, '2023-07-25', '06:00:00.000000', 72, 80, 2, 9, 25),
(3126, 6, '2023-07-25', '06:00:00.000000', 86, 74, 4, 10, 17),
(3127, 7, '2023-07-25', '06:00:00.000000', 75, 79, 3, 11, 23),
(3128, 8, '2023-07-25', '06:00:00.000000', 81, 72, 2, 12, 29),
(3129, 9, '2023-07-25', '06:00:00.000000', 74, 81, 4, 13, 31),
(3130, 10, '2023-07-25', '06:00:00.000000', 83, 77, 3, 8, 33),
(3131, 1, '2023-07-25', '12:00:00.000000', 78, 76, 2, 9, 22),
(3132, 2, '2023-07-25', '12:00:00.000000', 88, 75, 4, 10, 19),
(3133, 3, '2023-07-25', '12:00:00.000000', 76, 79, 3, 11, 25),
(3134, 4, '2023-07-25', '12:00:00.000000', 83, 72, 2, 12, 21),
(3135, 5, '2023-07-25', '12:00:00.000000', 75, 81, 4, 13, 18),
(3136, 6, '2023-07-25', '12:00:00.000000', 91, 73, 3, 8, 26),
(3137, 7, '2023-07-25', '12:00:00.000000', 78, 78, 2, 9, 28),
(3138, 8, '2023-07-25', '12:00:00.000000', 84, 74, 4, 10, 16),
(3139, 9, '2023-07-25', '12:00:00.000000', 73, 80, 3, 11, 24),
(3140, 10, '2023-07-25', '12:00:00.000000', 82, 76, 2, 12, 20),
(3141, 1, '2023-07-25', '18:00:00.000000', 76, 77, 4, 13, 27),
(3142, 2, '2023-07-25', '18:00:00.000000', 80, 76, 3, 8, 21),
(3143, 3, '2023-07-25', '18:00:00.000000', 87, 72, 2, 9, 19),
(3144, 4, '2023-07-25', '18:00:00.000000', 79, 79, 4, 10, 15),
(3145, 5, '2023-07-25', '18:00:00.000000', 72, 80, 3, 11, 25),
(3146, 6, '2023-07-25', '18:00:00.000000', 86, 74, 2, 12, 17),
(3147, 7, '2023-07-25', '18:00:00.000000', 75, 79, 4, 13, 23),
(3148, 8, '2023-07-25', '18:00:00.000000', 81, 72, 3, 8, 29),
(3149, 9, '2023-07-25', '18:00:00.000000', 74, 81, 2, 9, 31),
(3150, 10, '2023-07-25', '18:00:00.000000', 83, 77, 4, 10, 33),
(3151, 1, '2023-07-26', '00:00:00.000000', 78, 76, 3, 11, 22),
(3152, 2, '2023-07-26', '00:00:00.000000', 88, 75, 2, 12, 19),
(3153, 3, '2023-07-26', '00:00:00.000000', 76, 79, 4, 13, 25),
(3154, 4, '2023-07-26', '00:00:00.000000', 83, 72, 3, 8, 21),
(3155, 5, '2023-07-26', '00:00:00.000000', 75, 81, 2, 9, 18),
(3156, 6, '2023-07-26', '00:00:00.000000', 91, 73, 4, 10, 26),
(3157, 7, '2023-07-26', '00:00:00.000000', 78, 78, 3, 11, 28),
(3158, 8, '2023-07-26', '00:00:00.000000', 84, 74, 2, 12, 16),
(3159, 9, '2023-07-26', '00:00:00.000000', 73, 80, 4, 13, 24),
(3160, 10, '2023-07-26', '00:00:00.000000', 82, 76, 3, 8, 20),
(3161, 1, '2023-07-26', '06:00:00.000000', 85, 73, 2, 9, 27),
(3162, 2, '2023-07-26', '06:00:00.000000', 79, 75, 4, 10, 16),
(3163, 3, '2023-07-26', '06:00:00.000000', 87, 76, 3, 11, 22),
(3164, 4, '2023-07-26', '06:00:00.000000', 76, 80, 2, 12, 31),
(3165, 5, '2023-07-26', '06:00:00.000000', 84, 77, 4, 13, 28),
(3166, 6, '2023-07-26', '06:00:00.000000', 75, 79, 3, 8, 25),
(3167, 7, '2023-07-26', '06:00:00.000000', 81, 72, 2, 9, 17),
(3168, 8, '2023-07-26', '06:00:00.000000', 73, 81, 4, 10, 19),
(3169, 9, '2023-07-26', '06:00:00.000000', 90, 74, 3, 11, 33),
(3170, 10, '2023-07-26', '06:00:00.000000', 77, 78, 2, 12, 30),
(3171, 1, '2023-07-26', '12:00:00.000000', 89, 73, 4, 13, 23),
(3172, 2, '2023-07-26', '12:00:00.000000', 76, 75, 3, 8, 20),
(3173, 3, '2023-07-26', '12:00:00.000000', 82, 76, 2, 9, 29),
(3174, 4, '2023-07-26', '12:00:00.000000', 74, 80, 4, 10, 26),
(3175, 5, '2023-07-26', '12:00:00.000000', 91, 77, 3, 11, 18),
(3176, 6, '2023-07-26', '12:00:00.000000', 77, 79, 2, 12, 24),
(3177, 7, '2023-07-26', '12:00:00.000000', 85, 72, 4, 13, 21),
(3178, 8, '2023-07-26', '12:00:00.000000', 78, 81, 3, 8, 29),
(3179, 9, '2023-07-26', '12:00:00.000000', 83, 74, 2, 9, 31),
(3180, 10, '2023-07-26', '12:00:00.000000', 72, 78, 4, 10, 33),
(3181, 1, '2023-07-26', '18:00:00.000000', 86, 73, 3, 11, 21),
(3182, 2, '2023-07-26', '18:00:00.000000', 75, 75, 2, 12, 17),
(3183, 3, '2023-07-26', '18:00:00.000000', 80, 76, 4, 13, 22),
(3184, 4, '2023-07-26', '18:00:00.000000', 73, 80, 3, 8, 15),
(3185, 5, '2023-07-26', '18:00:00.000000', 90, 77, 2, 9, 25),
(3186, 6, '2023-07-26', '18:00:00.000000', 79, 79, 4, 10, 19),
(3187, 7, '2023-07-26', '18:00:00.000000', 82, 72, 3, 11, 23),
(3188, 8, '2023-07-26', '18:00:00.000000', 74, 81, 2, 12, 31),
(3189, 9, '2023-07-26', '18:00:00.000000', 87, 74, 4, 13, 28),
(3190, 10, '2023-07-27', '00:00:00.000000', 76, 78, 3, 8, 26),
(3191, 1, '2023-07-27', '00:00:00.000000', 83, 73, 2, 9, 18),
(3192, 2, '2023-07-27', '00:00:00.000000', 72, 75, 4, 10, 25),
(3193, 3, '2023-07-27', '00:00:00.000000', 89, 76, 3, 11, 19),
(3194, 4, '2023-07-27', '00:00:00.000000', 75, 80, 2, 12, 21),
(3195, 5, '2023-07-27', '00:00:00.000000', 81, 77, 4, 13, 33),
(3196, 6, '2023-07-27', '00:00:00.000000', 73, 79, 3, 8, 30),
(3197, 7, '2023-07-27', '00:00:00.000000', 88, 72, 2, 9, 22),
(3198, 8, '2023-07-27', '00:00:00.000000', 77, 81, 4, 10, 20),
(3199, 9, '2023-07-27', '00:00:00.000000', 84, 74, 3, 11, 16),
(3200, 10, '2023-07-27', '00:00:00.000000', 76, 78, 2, 12, 24),
(3201, 1, '2023-07-27', '06:00:00.000000', 90, 73, 4, 13, 27),
(3202, 2, '2023-07-27', '06:00:00.000000', 77, 75, 3, 8, 19),
(3203, 3, '2023-07-27', '06:00:00.000000', 81, 76, 2, 9, 32),
(3204, 4, '2023-07-27', '06:00:00.000000', 74, 80, 4, 10, 14),
(3205, 5, '2023-07-27', '06:00:00.000000', 92, 77, 3, 11, 23),
(3206, 6, '2023-07-27', '06:00:00.000000', 78, 79, 2, 12, 17),
(3207, 7, '2023-07-27', '06:00:00.000000', 86, 72, 4, 13, 29),
(3208, 8, '2023-07-27', '06:00:00.000000', 79, 81, 3, 8, 27),
(3209, 9, '2023-07-27', '06:00:00.000000', 85, 74, 2, 9, 31),
(3210, 10, '2023-07-27', '06:00:00.000000', 77, 78, 4, 10, 33),
(3211, 1, '2023-07-27', '12:00:00.000000', 88, 73, 3, 11, 19),
(3212, 2, '2023-07-27', '12:00:00.000000', 75, 75, 2, 12, 24),
(3213, 3, '2023-07-27', '12:00:00.000000', 83, 76, 4, 13, 21),
(3214, 4, '2023-07-27', '12:00:00.000000', 73, 80, 3, 8, 16),
(3215, 5, '2023-07-27', '12:00:00.000000', 89, 77, 2, 9, 32),
(3216, 6, '2023-07-27', '12:00:00.000000', 80, 79, 4, 10, 20),
(3217, 7, '2023-07-27', '12:00:00.000000', 81, 72, 3, 11, 22),
(3218, 8, '2023-07-27', '12:00:00.000000', 75, 81, 2, 12, 19),
(3219, 9, '2023-07-27', '12:00:00.000000', 86, 74, 4, 13, 30),
(3220, 10, '2023-07-27', '12:00:00.000000', 78, 78, 3, 8, 28),
(3221, 1, '2023-07-27', '18:00:00.000000', 85, 73, 2, 9, 20),
(3222, 2, '2023-07-27', '18:00:00.000000', 76, 75, 4, 10, 18),
(3223, 3, '2023-07-27', '18:00:00.000000', 82, 76, 3, 11, 26),
(3224, 4, '2023-07-27', '18:00:00.000000', 74, 80, 2, 12, 31),
(3225, 5, '2023-07-27', '18:00:00.000000', 91, 77, 4, 13, 23),
(3226, 6, '2023-07-27', '18:00:00.000000', 77, 79, 3, 8, 29),
(3227, 7, '2023-07-27', '18:00:00.000000', 83, 72, 2, 9, 16),
(3228, 8, '2023-07-27', '18:00:00.000000', 76, 81, 4, 10, 33),
(3229, 9, '2023-07-27', '18:00:00.000000', 84, 74, 3, 11, 27),
(3230, 10, '2023-07-28', '00:00:00.000000', 75, 78, 2, 12, 22),
(3231, 1, '2023-07-28', '00:00:00.000000', 87, 73, 4, 13, 31),
(3232, 2, '2023-07-28', '00:00:00.000000', 78, 75, 3, 8, 18),
(3233, 3, '2023-07-28', '00:00:00.000000', 80, 76, 2, 9, 25),
(3234, 4, '2023-07-28', '00:00:00.000000', 73, 80, 4, 10, 16),
(3235, 5, '2023-07-28', '00:00:00.000000', 88, 77, 3, 11, 23),
(3236, 6, '2023-07-28', '00:00:00.000000', 79, 79, 2, 12, 27),
(3237, 7, '2023-07-28', '00:00:00.000000', 81, 72, 4, 13, 30),
(3238, 8, '2023-07-28', '00:00:00.000000', 73, 81, 3, 8, 19),
(3239, 9, '2023-07-28', '00:00:00.000000', 85, 74, 2, 9, 22),
(3240, 10, '2023-07-28', '00:00:00.000000', 76, 78, 4, 10, 21),
(3241, 1, '2023-07-28', '06:00:00.000000', 89, 73, 3, 11, 29),
(3242, 2, '2023-07-28', '06:00:00.000000', 77, 75, 2, 12, 17),
(3243, 3, '2023-07-28', '06:00:00.000000', 81, 76, 4, 13, 22),
(3244, 4, '2023-07-28', '06:00:00.000000', 74, 80, 3, 8, 31),
(3245, 5, '2023-07-28', '06:00:00.000000', 90, 77, 2, 9, 28),
(3246, 6, '2023-07-28', '06:00:00.000000', 78, 79, 4, 10, 25),
(3247, 7, '2023-07-28', '06:00:00.000000', 86, 72, 3, 11, 17),
(3248, 8, '2023-07-28', '06:00:00.000000', 79, 81, 2, 12, 29),
(3249, 9, '2023-07-28', '06:00:00.000000', 85, 74, 4, 13, 31),
(3250, 10, '2023-07-28', '06:00:00.000000', 76, 78, 3, 8, 33),
(3251, 1, '2023-07-28', '12:00:00.000000', 88, 73, 2, 9, 23),
(3252, 2, '2023-07-28', '12:00:00.000000', 75, 75, 4, 10, 20),
(3253, 3, '2023-07-28', '12:00:00.000000', 83, 76, 3, 11, 29),
(3254, 4, '2023-07-28', '12:00:00.000000', 73, 80, 2, 12, 26),
(3255, 5, '2023-07-28', '12:00:00.000000', 89, 77, 4, 13, 18),
(3256, 6, '2023-07-28', '12:00:00.000000', 80, 79, 3, 8, 25),
(3257, 7, '2023-07-28', '12:00:00.000000', 81, 72, 2, 9, 21),
(3258, 8, '2023-07-28', '12:00:00.000000', 75, 81, 4, 10, 19),
(3259, 9, '2023-07-28', '12:00:00.000000', 86, 74, 3, 11, 33),
(3260, 10, '2023-07-28', '12:00:00.000000', 78, 78, 2, 12, 30),
(3261, 1, '2023-07-28', '18:00:00.000000', 85, 73, 4, 13, 21),
(3262, 2, '2023-07-28', '18:00:00.000000', 76, 75, 3, 8, 29),
(3263, 3, '2023-07-28', '18:00:00.000000', 82, 76, 2, 9, 17),
(3264, 4, '2023-07-28', '18:00:00.000000', 74, 80, 4, 10, 32),
(3265, 5, '2023-07-28', '18:00:00.000000', 91, 77, 3, 11, 22),
(3266, 6, '2023-07-28', '18:00:00.000000', 77, 79, 2, 12, 27),
(3267, 7, '2023-07-28', '18:00:00.000000', 83, 72, 4, 13, 26),
(3268, 8, '2023-07-28', '18:00:00.000000', 76, 81, 3, 8, 20),
(3269, 9, '2023-07-28', '18:00:00.000000', 84, 74, 2, 9, 23),
(3270, 10, '2023-07-29', '00:00:00.000000', 75, 78, 4, 10, 18),
(3271, 1, '2023-07-29', '00:00:00.000000', 87, 73, 3, 11, 27),
(3272, 2, '2023-07-29', '00:00:00.000000', 78, 75, 2, 12, 21),
(3273, 3, '2023-07-29', '00:00:00.000000', 80, 76, 4, 13, 19),
(3274, 4, '2023-07-29', '00:00:00.000000', 73, 80, 3, 8, 32),
(3275, 5, '2023-07-29', '00:00:00.000000', 88, 77, 2, 9, 31),
(3276, 6, '2023-07-29', '00:00:00.000000', 79, 79, 4, 10, 26),
(3277, 7, '2023-07-29', '00:00:00.000000', 81, 72, 3, 11, 17),
(3278, 8, '2023-07-29', '00:00:00.000000', 73, 81, 2, 12, 20),
(3279, 9, '2023-07-29', '00:00:00.000000', 85, 74, 4, 13, 29),
(3280, 10, '2023-07-29', '00:00:00.000000', 76, 78, 3, 8, 25),
(3281, 1, '2023-07-29', '06:00:00.000000', 89, 73, 2, 9, 33),
(3282, 2, '2023-07-29', '06:00:00.000000', 77, 75, 4, 10, 21),
(3283, 3, '2023-07-29', '06:00:00.000000', 81, 76, 3, 11, 19),
(3284, 4, '2023-07-29', '06:00:00.000000', 74, 80, 2, 12, 26),
(3285, 5, '2023-07-29', '06:00:00.000000', 90, 77, 4, 13, 18),
(3286, 6, '2023-07-29', '06:00:00.000000', 78, 79, 3, 8, 22),
(3287, 7, '2023-07-29', '06:00:00.000000', 86, 72, 2, 9, 27),
(3288, 8, '2023-07-29', '06:00:00.000000', 79, 81, 4, 10, 31),
(3289, 9, '2023-07-29', '06:00:00.000000', 85, 74, 3, 11, 20),
(3290, 10, '2023-07-29', '06:00:00.000000', 76, 78, 2, 12, 28),
(3291, 1, '2023-07-29', '12:00:00.000000', 88, 73, 4, 13, 29),
(3292, 2, '2023-07-29', '12:00:00.000000', 75, 75, 3, 8, 17),
(3293, 3, '2023-07-29', '12:00:00.000000', 83, 76, 2, 9, 23),
(3294, 4, '2023-07-29', '12:00:00.000000', 73, 80, 4, 10, 20),
(3295, 5, '2023-07-29', '12:00:00.000000', 89, 77, 3, 11, 32),
(3296, 6, '2023-07-29', '12:00:00.000000', 80, 79, 2, 12, 19),
(3297, 7, '2023-07-29', '12:00:00.000000', 81, 72, 4, 13, 26),
(3298, 8, '2023-07-29', '12:00:00.000000', 75, 81, 3, 8, 31),
(3299, 9, '2023-07-29', '12:00:00.000000', 86, 74, 2, 9, 18),
(3300, 10, '2023-07-29', '12:00:00.000000', 78, 78, 4, 10, 21),
(3301, 1, '2023-07-29', '18:00:00.000000', 85, 73, 3, 11, 33),
(3302, 2, '2023-07-29', '18:00:00.000000', 76, 75, 2, 12, 29),
(3303, 3, '2023-07-29', '18:00:00.000000', 82, 76, 4, 13, 22),
(3304, 4, '2023-07-29', '18:00:00.000000', 74, 80, 3, 8, 17),
(3305, 5, '2023-07-29', '18:00:00.000000', 91, 77, 2, 9, 26),
(3306, 6, '2023-07-29', '18:00:00.000000', 77, 79, 4, 10, 32),
(3307, 7, '2023-07-29', '18:00:00.000000', 83, 72, 3, 11, 20),
(3308, 8, '2023-07-29', '18:00:00.000000', 76, 81, 2, 12, 23),
(3309, 9, '2023-07-30', '00:00:00.000000', 84, 74, 4, 13, 31),
(3310, 10, '2023-07-30', '00:00:00.000000', 75, 78, 3, 8, 29),
(3311, 1, '2023-07-30', '00:00:00.000000', 87, 73, 2, 9, 19),
(3312, 2, '2023-07-30', '00:00:00.000000', 78, 75, 4, 10, 32),
(3313, 3, '2023-07-30', '00:00:00.000000', 80, 76, 3, 11, 22),
(3314, 4, '2023-07-30', '00:00:00.000000', 73, 80, 2, 12, 28),
(3315, 5, '2023-07-30', '00:00:00.000000', 88, 77, 4, 13, 17),
(3316, 6, '2023-07-30', '00:00:00.000000', 79, 79, 3, 8, 25),
(3317, 7, '2023-07-30', '00:00:00.000000', 81, 72, 2, 9, 19),
(3318, 8, '2023-07-30', '00:00:00.000000', 73, 81, 4, 10, 20),
(3319, 9, '2023-07-30', '00:00:00.000000', 85, 74, 3, 11, 28),
(3320, 10, '2023-07-30', '00:00:00.000000', 76, 78, 2, 12, 26),
(3321, 1, '2023-07-30', '06:00:00.000000', 89, 73, 4, 13, 22),
(3322, 2, '2023-07-30', '06:00:00.000000', 77, 75, 3, 8, 30),
(3323, 3, '2023-07-30', '06:00:00.000000', 81, 76, 2, 9, 23),
(3324, 4, '2023-07-30', '06:00:00.000000', 74, 80, 4, 10, 21),
(3325, 5, '2023-07-30', '06:00:00.000000', 90, 77, 3, 11, 29),
(3326, 6, '2023-07-30', '06:00:00.000000', 78, 79, 2, 12, 31),
(3327, 7, '2023-07-30', '06:00:00.000000', 86, 72, 4, 13, 19),
(3328, 8, '2023-07-30', '06:00:00.000000', 79, 81, 3, 8, 22),
(3329, 9, '2023-07-30', '06:00:00.000000', 85, 74, 2, 9, 30),
(3330, 10, '2023-07-30', '06:00:00.000000', 76, 78, 4, 10, 18),
(3331, 1, '2023-07-30', '12:00:00.000000', 88, 73, 3, 11, 27),
(3332, 2, '2023-07-30', '12:00:00.000000', 75, 75, 2, 12, 23),
(3333, 3, '2023-07-30', '12:00:00.000000', 83, 76, 4, 13, 21),
(3334, 4, '2023-07-30', '12:00:00.000000', 73, 80, 3, 8, 32),
(3335, 5, '2023-07-30', '12:00:00.000000', 89, 77, 2, 9, 31),
(3336, 6, '2023-07-30', '12:00:00.000000', 80, 79, 4, 10, 26),
(3337, 7, '2023-07-30', '12:00:00.000000', 81, 72, 3, 11, 17),
(3338, 8, '2023-07-30', '12:00:00.000000', 75, 81, 2, 12, 20),
(3339, 9, '2023-07-30', '12:00:00.000000', 86, 74, 4, 13, 29),
(3340, 10, '2023-07-30', '12:00:00.000000', 78, 78, 3, 8, 25),
(3341, 1, '2023-07-30', '18:00:00.000000', 85, 73, 2, 9, 33),
(3342, 2, '2023-07-30', '18:00:00.000000', 76, 75, 4, 10, 21),
(3343, 3, '2023-07-30', '18:00:00.000000', 82, 76, 3, 11, 19),
(3344, 4, '2023-07-30', '18:00:00.000000', 74, 80, 2, 12, 26),
(3345, 5, '2023-07-30', '18:00:00.000000', 91, 77, 4, 13, 18),
(3346, 6, '2023-07-30', '18:00:00.000000', 78, 79, 3, 8, 22),
(3347, 7, '2023-07-30', '18:00:00.000000', 86, 72, 2, 9, 27),
(3348, 8, '2023-07-30', '18:00:00.000000', 79, 81, 4, 10, 31),
(3349, 9, '2023-07-30', '18:00:00.000000', 85, 74, 3, 11, 20),
(3350, 10, '2023-07-30', '18:00:00.000000', 76, 78, 2, 12, 28),
(3351, 1, '2023-07-31', '00:00:00.000000', 87, 73, 4, 13, 29),
(3352, 2, '2023-07-31', '00:00:00.000000', 78, 75, 3, 8, 17),
(3353, 3, '2023-07-31', '00:00:00.000000', 80, 76, 2, 9, 23),
(3354, 4, '2023-07-31', '00:00:00.000000', 73, 80, 4, 10, 20),
(3355, 5, '2023-07-31', '00:00:00.000000', 88, 77, 3, 11, 32),
(3356, 6, '2023-07-31', '00:00:00.000000', 80, 79, 2, 12, 19),
(3357, 7, '2023-07-31', '00:00:00.000000', 81, 72, 4, 13, 26),
(3358, 8, '2023-07-31', '00:00:00.000000', 75, 81, 3, 8, 31),
(3359, 9, '2023-07-31', '00:00:00.000000', 86, 74, 2, 9, 18),
(3360, 10, '2023-07-31', '00:00:00.000000', 78, 78, 4, 10, 21),
(3361, 1, '2023-07-31', '06:00:00.000000', 89, 73, 3, 11, 33),
(3362, 2, '2023-07-31', '06:00:00.000000', 77, 75, 2, 12, 29),
(3363, 3, '2023-07-31', '06:00:00.000000', 81, 76, 4, 13, 22),
(3364, 4, '2023-07-31', '06:00:00.000000', 74, 80, 3, 8, 17),
(3365, 5, '2023-07-31', '06:00:00.000000', 90, 77, 2, 9, 26),
(3366, 6, '2023-07-31', '06:00:00.000000', 78, 79, 4, 10, 32),
(3367, 7, '2023-07-31', '06:00:00.000000', 86, 72, 3, 11, 20),
(3368, 8, '2023-07-31', '06:00:00.000000', 79, 81, 2, 12, 23),
(3369, 9, '2023-07-31', '06:00:00.000000', 85, 74, 4, 13, 31),
(3370, 10, '2023-07-31', '06:00:00.000000', 76, 78, 3, 8, 29),
(3371, 1, '2023-07-31', '12:00:00.000000', 88, 73, 2, 9, 19),
(3372, 2, '2023-07-31', '12:00:00.000000', 75, 75, 4, 10, 32),
(3373, 3, '2023-07-31', '12:00:00.000000', 83, 76, 3, 11, 22),
(3374, 4, '2023-07-31', '12:00:00.000000', 73, 80, 2, 12, 28),
(3375, 5, '2023-07-31', '12:00:00.000000', 89, 77, 4, 13, 17),
(3376, 6, '2023-07-31', '12:00:00.000000', 79, 79, 3, 8, 25),
(3377, 7, '2023-07-31', '12:00:00.000000', 81, 72, 2, 9, 19),
(3378, 8, '2023-07-31', '12:00:00.000000', 73, 81, 4, 10, 20),
(3379, 9, '2023-07-31', '12:00:00.000000', 85, 74, 3, 11, 28),
(3380, 10, '2023-07-31', '12:00:00.000000', 76, 78, 2, 12, 26),
(3381, 1, '2023-07-31', '18:00:00.000000', 85, 73, 4, 13, 22),
(3382, 2, '2023-07-31', '18:00:00.000000', 76, 75, 3, 8, 30),
(3383, 3, '2023-07-31', '18:00:00.000000', 82, 76, 2, 9, 23),
(3384, 4, '2023-07-31', '18:00:00.000000', 74, 80, 4, 10, 21),
(3385, 5, '2023-07-31', '18:00:00.000000', 91, 77, 3, 11, 29),
(3386, 6, '2023-07-31', '18:00:00.000000', 78, 79, 2, 12, 31),
(3387, 7, '2023-07-31', '18:00:00.000000', 86, 72, 4, 13, 19),
(3388, 8, '2023-07-31', '18:00:00.000000', 79, 81, 3, 8, 22),
(3389, 9, '2023-07-31', '18:00:00.000000', 85, 74, 2, 9, 30),
(3390, 10, '2023-07-31', '18:00:00.000000', 76, 78, 4, 10, 18),
(3391, 1, '2023-08-01', '00:00:00.000000', 87, 73, 3, 11, 27),
(3392, 2, '2023-08-01', '00:00:00.000000', 78, 75, 2, 12, 23),
(3393, 3, '2023-08-01', '00:00:00.000000', 80, 76, 4, 13, 21),
(3394, 4, '2023-08-01', '00:00:00.000000', 73, 80, 3, 8, 32),
(3395, 5, '2023-08-01', '00:00:00.000000', 88, 77, 2, 9, 31),
(3396, 6, '2023-08-01', '00:00:00.000000', 80, 79, 4, 10, 26),
(3397, 7, '2023-08-01', '00:00:00.000000', 81, 72, 3, 11, 17),
(3398, 8, '2023-08-01', '00:00:00.000000', 75, 81, 2, 12, 20),
(3399, 9, '2023-08-01', '00:00:00.000000', 86, 74, 4, 13, 29),
(3400, 10, '2023-08-01', '00:00:00.000000', 78, 78, 3, 8, 25),
(3401, 1, '2023-08-01', '06:00:00.000000', 89, 73, 2, 9, 33),
(3402, 2, '2023-08-01', '06:00:00.000000', 77, 75, 4, 10, 21),
(3403, 3, '2023-08-01', '06:00:00.000000', 81, 76, 3, 11, 19),
(3404, 4, '2023-08-01', '06:00:00.000000', 74, 80, 2, 12, 26),
(3405, 5, '2023-08-01', '06:00:00.000000', 90, 77, 4, 13, 18),
(3406, 6, '2023-08-01', '06:00:00.000000', 78, 79, 3, 8, 22),
(3407, 7, '2023-08-01', '06:00:00.000000', 86, 72, 2, 9, 19),
(3408, 8, '2023-08-01', '06:00:00.000000', 79, 81, 4, 10, 20),
(3409, 9, '2023-08-01', '06:00:00.000000', 85, 74, 3, 11, 28),
(3410, 10, '2023-08-01', '06:00:00.000000', 76, 78, 2, 12, 26),
(3411, 1, '2023-08-01', '12:00:00.000000', 88, 73, 4, 13, 22),
(3412, 2, '2023-08-01', '12:00:00.000000', 75, 75, 3, 8, 30),
(3413, 3, '2023-08-01', '12:00:00.000000', 83, 76, 2, 9, 23),
(3414, 4, '2023-08-01', '12:00:00.000000', 73, 80, 4, 10, 21),
(3415, 5, '2023-08-01', '12:00:00.000000', 89, 77, 3, 11, 29),
(3416, 6, '2023-08-01', '12:00:00.000000', 79, 79, 2, 12, 31),
(3417, 7, '2023-08-01', '12:00:00.000000', 86, 72, 4, 13, 19),
(3418, 8, '2023-08-01', '12:00:00.000000', 79, 81, 3, 8, 22),
(3419, 9, '2023-08-01', '12:00:00.000000', 85, 74, 2, 9, 30),
(3420, 10, '2023-08-01', '12:00:00.000000', 76, 78, 4, 10, 18),
(3421, 1, '2023-08-01', '18:00:00.000000', 87, 73, 3, 11, 27),
(3422, 2, '2023-08-01', '18:00:00.000000', 78, 75, 2, 12, 23),
(3423, 3, '2023-08-01', '18:00:00.000000', 80, 76, 4, 13, 21),
(3424, 4, '2023-08-01', '18:00:00.000000', 73, 80, 3, 8, 32),
(3425, 5, '2023-08-01', '18:00:00.000000', 88, 77, 2, 9, 31),
(3426, 6, '2023-08-01', '18:00:00.000000', 80, 79, 4, 10, 26),
(3427, 7, '2023-08-01', '18:00:00.000000', 81, 72, 3, 11, 17),
(3428, 8, '2023-08-01', '18:00:00.000000', 75, 81, 2, 12, 20),
(3429, 9, '2023-08-01', '18:00:00.000000', 86, 74, 4, 13, 29),
(3430, 10, '2023-08-01', '18:00:00.000000', 78, 78, 3, 8, 25),
(3431, 1, '2023-08-02', '00:00:00.000000', 89, 73, 2, 9, 33),
(3432, 2, '2023-08-02', '00:00:00.000000', 77, 75, 4, 10, 21),
(3433, 3, '2023-08-02', '00:00:00.000000', 81, 76, 3, 11, 19),
(3434, 4, '2023-08-02', '00:00:00.000000', 74, 80, 2, 12, 26),
(3435, 5, '2023-08-02', '00:00:00.000000', 90, 77, 4, 13, 18),
(3436, 6, '2023-08-02', '00:00:00.000000', 78, 79, 3, 8, 22),
(3437, 7, '2023-08-02', '00:00:00.000000', 86, 72, 2, 9, 19),
(3438, 8, '2023-08-02', '00:00:00.000000', 79, 81, 4, 10, 20),
(3439, 9, '2023-08-02', '00:00:00.000000', 85, 74, 3, 11, 28),
(3440, 10, '2023-08-02', '00:00:00.000000', 76, 78, 2, 12, 26),
(3441, 1, '2023-08-02', '06:00:00.000000', 88, 73, 4, 13, 22),
(3442, 2, '2023-08-02', '06:00:00.000000', 75, 75, 3, 8, 30),
(3443, 3, '2023-08-02', '06:00:00.000000', 83, 76, 2, 9, 23),
(3444, 4, '2023-08-02', '06:00:00.000000', 73, 80, 4, 10, 21),
(3445, 5, '2023-08-02', '06:00:00.000000', 89, 77, 3, 11, 29),
(3446, 6, '2023-08-02', '06:00:00.000000', 79, 79, 2, 12, 31),
(3447, 7, '2023-08-02', '06:00:00.000000', 86, 72, 4, 13, 19),
(3448, 8, '2023-08-02', '06:00:00.000000', 79, 81, 3, 8, 22),
(3449, 9, '2023-08-02', '06:00:00.000000', 85, 74, 2, 9, 30),
(3450, 10, '2023-08-02', '06:00:00.000000', 76, 78, 4, 10, 18),
(3451, 1, '2023-08-02', '12:00:00.000000', 87, 73, 3, 11, 27),
(3452, 2, '2023-08-02', '12:00:00.000000', 78, 75, 2, 12, 23),
(3453, 3, '2023-08-02', '12:00:00.000000', 80, 76, 4, 13, 21),
(3454, 4, '2023-08-02', '12:00:00.000000', 73, 80, 3, 8, 32),
(3455, 5, '2023-08-02', '12:00:00.000000', 88, 77, 2, 9, 31),
(3456, 6, '2023-08-02', '12:00:00.000000', 80, 79, 4, 10, 26),
(3457, 7, '2023-08-02', '12:00:00.000000', 81, 72, 3, 11, 17),
(3458, 8, '2023-08-02', '12:00:00.000000', 75, 81, 2, 12, 20),
(3459, 9, '2023-08-02', '12:00:00.000000', 86, 74, 4, 13, 29),
(3460, 10, '2023-08-02', '12:00:00.000000', 78, 78, 3, 8, 25),
(3461, 1, '2023-08-02', '18:00:00.000000', 85, 73, 2, 9, 33),
(3462, 2, '2023-08-02', '18:00:00.000000', 77, 75, 4, 10, 21),
(3463, 3, '2023-08-02', '18:00:00.000000', 81, 76, 3, 11, 19),
(3464, 4, '2023-08-02', '18:00:00.000000', 74, 80, 2, 12, 26),
(3465, 5, '2023-08-02', '18:00:00.000000', 90, 77, 4, 13, 18),
(3466, 6, '2023-08-02', '18:00:00.000000', 78, 79, 3, 8, 22),
(3467, 7, '2023-08-02', '18:00:00.000000', 86, 72, 2, 9, 19),
(3468, 8, '2023-08-02', '18:00:00.000000', 79, 81, 4, 10, 20),
(3469, 9, '2023-08-02', '18:00:00.000000', 85, 74, 3, 11, 28),
(3470, 10, '2023-08-02', '18:00:00.000000', 76, 78, 2, 12, 26),
(3471, 1, '2023-08-03', '00:00:00.000000', 88, 73, 4, 13, 22),
(3472, 2, '2023-08-03', '00:00:00.000000', 75, 75, 3, 8, 30),
(3473, 3, '2023-08-03', '00:00:00.000000', 83, 76, 2, 9, 23),
(3474, 4, '2023-08-03', '00:00:00.000000', 73, 80, 4, 10, 21),
(3475, 5, '2023-08-03', '00:00:00.000000', 89, 77, 3, 11, 29),
(3476, 6, '2023-08-03', '00:00:00.000000', 79, 79, 2, 12, 31),
(3477, 7, '2023-08-03', '00:00:00.000000', 86, 72, 4, 13, 19),
(3478, 8, '2023-08-03', '00:00:00.000000', 79, 81, 3, 8, 22),
(3479, 9, '2023-08-03', '00:00:00.000000', 85, 74, 2, 9, 30),
(3480, 10, '2023-08-03', '00:00:00.000000', 76, 78, 4, 10, 18),
(3481, 1, '2023-08-03', '06:00:00.000000', 87, 73, 3, 11, 27),
(3482, 2, '2023-08-03', '06:00:00.000000', 78, 75, 2, 12, 23),
(3483, 3, '2023-08-03', '06:00:00.000000', 80, 76, 4, 13, 21),
(3484, 4, '2023-08-03', '06:00:00.000000', 73, 80, 3, 8, 32),
(3485, 5, '2023-08-03', '06:00:00.000000', 88, 77, 2, 9, 31),
(3486, 6, '2023-08-03', '06:00:00.000000', 80, 79, 4, 10, 26),
(3487, 7, '2023-08-03', '06:00:00.000000', 81, 72, 3, 11, 17),
(3488, 8, '2023-08-03', '06:00:00.000000', 75, 81, 2, 12, 20),
(3489, 9, '2023-08-03', '06:00:00.000000', 86, 74, 4, 13, 29),
(3490, 10, '2023-08-03', '06:00:00.000000', 78, 78, 3, 8, 25),
(3491, 1, '2023-08-03', '12:00:00.000000', 89, 73, 2, 9, 33),
(3492, 2, '2023-08-03', '12:00:00.000000', 77, 75, 4, 10, 21),
(3493, 3, '2023-08-03', '12:00:00.000000', 81, 76, 3, 11, 19),
(3494, 4, '2023-08-03', '12:00:00.000000', 74, 80, 2, 12, 26),
(3495, 5, '2023-08-03', '12:00:00.000000', 90, 77, 4, 13, 18),
(3496, 6, '2023-08-03', '12:00:00.000000', 78, 79, 3, 8, 22),
(3497, 7, '2023-08-03', '12:00:00.000000', 86, 72, 2, 9, 19),
(3498, 8, '2023-08-03', '12:00:00.000000', 79, 81, 4, 10, 20),
(3499, 9, '2023-08-03', '12:00:00.000000', 85, 74, 3, 11, 28),
(3500, 10, '2023-08-03', '12:00:00.000000', 76, 78, 2, 12, 26),
(3501, 1, '2023-08-03', '18:00:00.000000', 87, 73, 4, 13, 22),
(3502, 2, '2023-08-03', '18:00:00.000000', 78, 75, 3, 8, 30),
(3503, 3, '2023-08-03', '18:00:00.000000', 80, 76, 2, 9, 23);
INSERT INTO `mediciones` (`id_medicion`, `id_sonda`, `fecha_medicion`, `hora_medicion`, `medicion_salinidad`, `medicion_humedad`, `medicion_luminosidad`, `medicion_ph`, `medicion_temperatura`) VALUES
(3504, 4, '2023-08-03', '18:00:00.000000', 73, 80, 4, 10, 21),
(3505, 5, '2023-08-03', '18:00:00.000000', 89, 77, 3, 11, 29),
(3506, 6, '2023-08-03', '18:00:00.000000', 79, 79, 2, 12, 31),
(3507, 7, '2023-08-03', '18:00:00.000000', 86, 72, 4, 13, 19),
(3508, 8, '2023-08-03', '18:00:00.000000', 79, 81, 3, 8, 22),
(3509, 9, '2023-08-03', '18:00:00.000000', 85, 74, 2, 9, 30),
(3510, 10, '2023-08-03', '18:00:00.000000', 76, 78, 4, 10, 18),
(3511, 1, '2023-08-04', '00:00:00.000000', 88, 73, 3, 11, 27),
(3512, 2, '2023-08-04', '00:00:00.000000', 75, 75, 2, 12, 23),
(3513, 3, '2023-08-04', '00:00:00.000000', 83, 76, 4, 13, 21),
(3514, 4, '2023-08-04', '00:00:00.000000', 73, 80, 3, 8, 32),
(3515, 5, '2023-08-04', '00:00:00.000000', 88, 77, 2, 9, 31),
(3516, 6, '2023-08-04', '00:00:00.000000', 80, 79, 4, 10, 26),
(3517, 7, '2023-08-04', '00:00:00.000000', 81, 72, 3, 11, 17),
(3518, 8, '2023-08-04', '00:00:00.000000', 75, 81, 2, 12, 20),
(3519, 9, '2023-08-04', '00:00:00.000000', 86, 74, 4, 13, 29),
(3520, 10, '2023-08-04', '00:00:00.000000', 78, 78, 3, 8, 25),
(3521, 1, '2023-08-04', '06:00:00.000000', 85, 73, 2, 9, 33),
(3522, 2, '2023-08-04', '06:00:00.000000', 77, 75, 4, 10, 21),
(3523, 3, '2023-08-04', '06:00:00.000000', 81, 76, 3, 11, 19),
(3524, 4, '2023-08-04', '06:00:00.000000', 74, 80, 2, 12, 26),
(3525, 5, '2023-08-04', '06:00:00.000000', 90, 77, 4, 13, 18),
(3526, 6, '2023-08-04', '06:00:00.000000', 78, 79, 3, 8, 22),
(3527, 7, '2023-08-04', '06:00:00.000000', 86, 72, 2, 9, 19),
(3528, 8, '2023-08-04', '06:00:00.000000', 79, 81, 4, 10, 20),
(3529, 9, '2023-08-04', '06:00:00.000000', 85, 74, 3, 11, 28),
(3530, 10, '2023-08-04', '06:00:00.000000', 76, 78, 2, 12, 26),
(3531, 1, '2023-08-04', '12:00:00.000000', 88, 73, 4, 13, 22),
(3532, 2, '2023-08-04', '12:00:00.000000', 75, 75, 3, 8, 30),
(3533, 3, '2023-08-04', '12:00:00.000000', 83, 76, 2, 9, 23),
(3534, 4, '2023-08-04', '12:00:00.000000', 73, 80, 4, 10, 21),
(3535, 5, '2023-08-04', '12:00:00.000000', 89, 77, 3, 11, 29),
(3536, 6, '2023-08-04', '12:00:00.000000', 79, 79, 2, 12, 31),
(3537, 7, '2023-08-04', '12:00:00.000000', 86, 72, 4, 13, 19),
(3538, 8, '2023-08-04', '12:00:00.000000', 79, 81, 3, 8, 22),
(3539, 9, '2023-08-04', '12:00:00.000000', 85, 74, 2, 9, 30),
(3540, 10, '2023-08-04', '12:00:00.000000', 76, 78, 4, 10, 18),
(3541, 1, '2023-08-04', '18:00:00.000000', 87, 73, 3, 11, 27),
(3542, 2, '2023-08-04', '18:00:00.000000', 78, 75, 2, 12, 23),
(3543, 3, '2023-08-04', '18:00:00.000000', 80, 76, 4, 13, 21),
(3544, 4, '2023-08-04', '18:00:00.000000', 73, 80, 3, 8, 32),
(3545, 5, '2023-08-04', '18:00:00.000000', 88, 77, 2, 9, 31),
(3546, 6, '2023-08-04', '18:00:00.000000', 80, 79, 4, 10, 26),
(3547, 7, '2023-08-04', '18:00:00.000000', 81, 72, 3, 11, 17),
(3548, 8, '2023-08-04', '18:00:00.000000', 75, 81, 2, 12, 20),
(3549, 9, '2023-08-04', '18:00:00.000000', 86, 74, 4, 13, 29),
(3550, 10, '2023-08-04', '18:00:00.000000', 78, 78, 3, 8, 25),
(3551, 1, '2023-08-05', '00:00:00.000000', 89, 73, 2, 9, 33),
(3552, 2, '2023-08-05', '00:00:00.000000', 77, 75, 4, 10, 21),
(3553, 3, '2023-08-05', '00:00:00.000000', 81, 76, 3, 11, 19),
(3554, 4, '2023-08-05', '00:00:00.000000', 74, 80, 2, 12, 26),
(3555, 5, '2023-08-05', '00:00:00.000000', 90, 77, 4, 13, 18),
(3556, 6, '2023-08-05', '00:00:00.000000', 78, 79, 3, 8, 22),
(3557, 7, '2023-08-05', '00:00:00.000000', 86, 72, 2, 9, 19),
(3558, 8, '2023-08-05', '00:00:00.000000', 79, 81, 4, 10, 20),
(3559, 9, '2023-08-05', '00:00:00.000000', 85, 74, 3, 11, 28),
(3560, 10, '2023-08-05', '00:00:00.000000', 76, 78, 2, 12, 26),
(3561, 1, '2023-08-05', '06:00:00.000000', 87, 73, 4, 13, 22),
(3562, 2, '2023-08-05', '06:00:00.000000', 75, 75, 3, 8, 30),
(3563, 3, '2023-08-05', '06:00:00.000000', 83, 76, 2, 9, 23),
(3564, 4, '2023-08-05', '06:00:00.000000', 73, 80, 4, 10, 21),
(3565, 5, '2023-08-05', '06:00:00.000000', 89, 77, 3, 11, 29),
(3566, 6, '2023-08-05', '06:00:00.000000', 79, 79, 2, 12, 31),
(3567, 7, '2023-08-05', '06:00:00.000000', 86, 72, 4, 13, 19),
(3568, 8, '2023-08-05', '06:00:00.000000', 79, 81, 3, 8, 22),
(3569, 9, '2023-08-05', '06:00:00.000000', 85, 74, 2, 9, 30),
(3570, 10, '2023-08-05', '06:00:00.000000', 76, 78, 4, 10, 18),
(3571, 1, '2023-08-05', '12:00:00.000000', 88, 73, 3, 11, 27),
(3572, 2, '2023-08-05', '12:00:00.000000', 75, 75, 2, 12, 23),
(3573, 3, '2023-08-05', '12:00:00.000000', 83, 76, 4, 13, 21),
(3574, 4, '2023-08-05', '12:00:00.000000', 73, 80, 3, 8, 32),
(3575, 5, '2023-08-05', '12:00:00.000000', 89, 77, 2, 9, 31),
(3576, 6, '2023-08-05', '12:00:00.000000', 80, 79, 4, 10, 26),
(3577, 7, '2023-08-05', '12:00:00.000000', 81, 72, 3, 11, 17),
(3578, 8, '2023-08-05', '12:00:00.000000', 75, 81, 2, 12, 20),
(3579, 9, '2023-08-05', '12:00:00.000000', 86, 74, 4, 13, 29),
(3580, 10, '2023-08-05', '12:00:00.000000', 78, 78, 3, 8, 25),
(3581, 1, '2023-08-05', '18:00:00.000000', 87, 73, 2, 9, 33),
(3582, 2, '2023-08-05', '18:00:00.000000', 78, 75, 4, 10, 21),
(3583, 3, '2023-08-05', '18:00:00.000000', 80, 76, 3, 11, 19),
(3584, 4, '2023-08-05', '18:00:00.000000', 73, 80, 2, 12, 26),
(3585, 5, '2023-08-05', '18:00:00.000000', 90, 77, 4, 13, 18),
(3586, 6, '2023-08-05', '18:00:00.000000', 78, 79, 3, 8, 22),
(3587, 7, '2023-08-05', '18:00:00.000000', 86, 72, 2, 9, 19),
(3588, 8, '2023-08-05', '18:00:00.000000', 79, 81, 4, 10, 20),
(3589, 9, '2023-08-05', '18:00:00.000000', 85, 74, 3, 11, 28),
(3590, 10, '2023-08-05', '18:00:00.000000', 76, 78, 2, 12, 26),
(3591, 1, '2023-08-06', '00:00:00.000000', 88, 73, 4, 13, 22),
(3592, 2, '2023-08-06', '00:00:00.000000', 75, 75, 3, 8, 30),
(3593, 3, '2023-08-06', '00:00:00.000000', 83, 76, 2, 9, 23),
(3594, 4, '2023-08-06', '00:00:00.000000', 73, 80, 4, 10, 21),
(3595, 5, '2023-08-06', '00:00:00.000000', 89, 77, 3, 11, 29),
(3596, 6, '2023-08-06', '00:00:00.000000', 79, 79, 2, 12, 31),
(3597, 7, '2023-08-06', '00:00:00.000000', 86, 72, 4, 13, 19),
(3598, 8, '2023-08-06', '00:00:00.000000', 79, 81, 3, 8, 22),
(3599, 9, '2023-08-06', '00:00:00.000000', 85, 74, 2, 9, 30),
(3600, 10, '2023-08-06', '00:00:00.000000', 76, 78, 4, 10, 18),
(3601, 1, '2023-08-06', '06:00:00.000000', 87, 73, 3, 11, 27),
(3602, 2, '2023-08-06', '06:00:00.000000', 75, 75, 2, 12, 23),
(3603, 3, '2023-08-06', '06:00:00.000000', 83, 76, 4, 13, 21),
(3604, 4, '2023-08-06', '06:00:00.000000', 73, 80, 3, 8, 32),
(3605, 5, '2023-08-06', '06:00:00.000000', 89, 77, 2, 9, 31),
(3606, 6, '2023-08-06', '06:00:00.000000', 79, 79, 4, 10, 26),
(3607, 7, '2023-08-06', '06:00:00.000000', 86, 72, 3, 11, 17),
(3608, 8, '2023-08-06', '06:00:00.000000', 79, 81, 2, 12, 20),
(3609, 9, '2023-08-06', '06:00:00.000000', 85, 74, 4, 13, 29),
(3610, 10, '2023-08-06', '06:00:00.000000', 76, 78, 3, 8, 25),
(3611, 1, '2023-08-06', '12:00:00.000000', 88, 73, 2, 9, 33),
(3612, 2, '2023-08-06', '12:00:00.000000', 75, 75, 4, 10, 21),
(3613, 3, '2023-08-06', '12:00:00.000000', 83, 76, 3, 11, 19),
(3614, 4, '2023-08-06', '12:00:00.000000', 73, 80, 2, 12, 26),
(3615, 5, '2023-08-06', '12:00:00.000000', 89, 77, 4, 13, 18),
(3616, 6, '2023-08-06', '12:00:00.000000', 79, 79, 3, 8, 22),
(3617, 7, '2023-08-06', '12:00:00.000000', 86, 72, 2, 9, 19),
(3618, 8, '2023-08-06', '12:00:00.000000', 79, 81, 4, 10, 20),
(3619, 9, '2023-08-06', '12:00:00.000000', 85, 74, 3, 11, 28),
(3620, 10, '2023-08-06', '12:00:00.000000', 76, 78, 2, 12, 26),
(3621, 1, '2023-08-06', '18:00:00.000000', 87, 73, 4, 13, 22),
(3622, 2, '2023-08-06', '18:00:00.000000', 75, 75, 3, 8, 30),
(3623, 3, '2023-08-06', '18:00:00.000000', 83, 76, 2, 9, 23),
(3624, 4, '2023-08-06', '18:00:00.000000', 73, 80, 4, 10, 21),
(3625, 5, '2023-08-06', '18:00:00.000000', 89, 77, 3, 11, 29),
(3626, 6, '2023-08-06', '18:00:00.000000', 79, 79, 2, 12, 31),
(3627, 7, '2023-08-06', '18:00:00.000000', 86, 72, 4, 13, 19),
(3628, 8, '2023-08-06', '18:00:00.000000', 79, 81, 3, 8, 22),
(3629, 9, '2023-08-06', '18:00:00.000000', 85, 74, 2, 9, 30),
(3630, 10, '2023-08-06', '18:00:00.000000', 76, 78, 4, 10, 18),
(3631, 1, '2023-08-07', '00:00:00.000000', 88, 73, 3, 11, 27),
(3632, 2, '2023-08-07', '00:00:00.000000', 75, 75, 2, 12, 23),
(3633, 3, '2023-08-07', '00:00:00.000000', 83, 76, 4, 13, 21),
(3634, 4, '2023-08-07', '00:00:00.000000', 73, 80, 3, 8, 32),
(3635, 5, '2023-08-07', '00:00:00.000000', 89, 77, 2, 9, 31),
(3636, 6, '2023-08-07', '00:00:00.000000', 79, 79, 4, 10, 26),
(3637, 7, '2023-08-07', '00:00:00.000000', 86, 72, 3, 11, 17),
(3638, 8, '2023-08-07', '00:00:00.000000', 79, 81, 2, 12, 20),
(3639, 9, '2023-08-07', '00:00:00.000000', 85, 74, 4, 13, 29),
(3640, 10, '2023-08-07', '00:00:00.000000', 76, 78, 3, 8, 25),
(3641, 1, '2023-08-07', '06:00:00.000000', 87, 73, 2, 9, 33),
(3642, 2, '2023-08-07', '06:00:00.000000', 75, 75, 4, 10, 21),
(3643, 3, '2023-08-07', '06:00:00.000000', 83, 76, 3, 11, 19),
(3644, 4, '2023-08-07', '06:00:00.000000', 73, 80, 2, 12, 26),
(3645, 5, '2023-08-07', '06:00:00.000000', 89, 77, 4, 13, 18),
(3646, 6, '2023-08-07', '06:00:00.000000', 79, 79, 3, 8, 22),
(3647, 7, '2023-08-07', '06:00:00.000000', 86, 72, 2, 9, 19),
(3648, 8, '2023-08-07', '06:00:00.000000', 79, 81, 4, 10, 20),
(3649, 9, '2023-08-07', '06:00:00.000000', 85, 74, 3, 11, 28),
(3650, 10, '2023-08-07', '06:00:00.000000', 76, 78, 2, 12, 26),
(3651, 1, '2023-08-07', '12:00:00.000000', 88, 73, 4, 13, 22),
(3652, 2, '2023-08-07', '12:00:00.000000', 75, 75, 3, 8, 30),
(3653, 3, '2023-08-07', '12:00:00.000000', 83, 76, 2, 9, 23),
(3654, 4, '2023-08-07', '12:00:00.000000', 73, 80, 4, 10, 21),
(3655, 5, '2023-08-07', '12:00:00.000000', 89, 77, 3, 11, 29),
(3656, 6, '2023-08-07', '12:00:00.000000', 79, 79, 2, 12, 31),
(3657, 7, '2023-08-07', '12:00:00.000000', 86, 72, 4, 13, 19),
(3658, 8, '2023-08-07', '12:00:00.000000', 79, 81, 3, 8, 22),
(3659, 9, '2023-08-07', '12:00:00.000000', 85, 74, 2, 9, 30),
(3660, 10, '2023-08-07', '12:00:00.000000', 76, 78, 4, 10, 18),
(3661, 1, '2023-08-07', '18:00:00.000000', 87, 73, 3, 11, 27),
(3662, 2, '2023-08-07', '18:00:00.000000', 75, 75, 2, 12, 23),
(3663, 3, '2023-08-07', '18:00:00.000000', 83, 76, 4, 13, 21),
(3664, 4, '2023-08-07', '18:00:00.000000', 73, 80, 3, 8, 32),
(3665, 5, '2023-08-07', '18:00:00.000000', 89, 77, 2, 9, 31),
(3666, 6, '2023-08-07', '18:00:00.000000', 79, 79, 4, 10, 26),
(3667, 7, '2023-08-07', '18:00:00.000000', 86, 72, 3, 11, 17),
(3668, 8, '2023-08-07', '18:00:00.000000', 79, 81, 2, 12, 20),
(3669, 9, '2023-08-07', '18:00:00.000000', 85, 74, 4, 13, 29),
(3670, 10, '2023-08-07', '18:00:00.000000', 76, 78, 3, 8, 25),
(3671, 1, '2023-08-08', '00:00:00.000000', 88, 73, 2, 9, 33),
(3672, 2, '2023-08-08', '00:00:00.000000', 75, 75, 4, 10, 21),
(3673, 3, '2023-08-08', '00:00:00.000000', 83, 76, 3, 11, 19),
(3674, 4, '2023-08-08', '00:00:00.000000', 73, 80, 2, 12, 26),
(3675, 5, '2023-08-08', '00:00:00.000000', 89, 77, 4, 13, 18),
(3676, 6, '2023-08-08', '00:00:00.000000', 79, 79, 3, 8, 22),
(3677, 7, '2023-08-08', '00:00:00.000000', 86, 72, 2, 9, 19),
(3678, 8, '2023-08-08', '00:00:00.000000', 79, 81, 4, 10, 20),
(3679, 9, '2023-08-08', '00:00:00.000000', 85, 74, 3, 11, 28),
(3680, 10, '2023-08-08', '00:00:00.000000', 76, 78, 2, 12, 26),
(3681, 1, '2023-08-08', '06:00:00.000000', 87, 73, 4, 13, 22),
(3682, 2, '2023-08-08', '06:00:00.000000', 75, 75, 3, 8, 30),
(3683, 3, '2023-08-08', '06:00:00.000000', 83, 76, 2, 9, 23),
(3684, 4, '2023-08-08', '06:00:00.000000', 73, 80, 4, 10, 21),
(3685, 5, '2023-08-08', '06:00:00.000000', 89, 77, 3, 11, 29),
(3686, 6, '2023-08-08', '06:00:00.000000', 79, 79, 2, 12, 31),
(3687, 7, '2023-08-08', '06:00:00.000000', 86, 72, 4, 13, 19),
(3688, 8, '2023-08-08', '06:00:00.000000', 79, 81, 3, 8, 22),
(3689, 9, '2023-08-08', '06:00:00.000000', 85, 74, 2, 9, 30),
(3690, 10, '2023-08-08', '06:00:00.000000', 76, 78, 4, 10, 18),
(3691, 1, '2023-08-08', '12:00:00.000000', 88, 73, 3, 11, 27),
(3692, 2, '2023-08-08', '12:00:00.000000', 75, 75, 2, 12, 23),
(3693, 3, '2023-08-08', '12:00:00.000000', 83, 76, 4, 13, 21),
(3694, 4, '2023-08-08', '12:00:00.000000', 73, 80, 3, 8, 32),
(3695, 5, '2023-08-08', '12:00:00.000000', 89, 77, 2, 9, 31),
(3696, 6, '2023-08-08', '12:00:00.000000', 79, 79, 4, 10, 26),
(3697, 7, '2023-08-08', '12:00:00.000000', 86, 72, 3, 11, 17),
(3698, 8, '2023-08-08', '12:00:00.000000', 79, 81, 2, 12, 20),
(3699, 9, '2023-08-08', '12:00:00.000000', 85, 74, 4, 13, 29),
(3700, 10, '2023-08-08', '12:00:00.000000', 76, 78, 3, 8, 25),
(3701, 1, '2023-08-08', '18:00:00.000000', 87, 73, 2, 9, 33),
(3702, 2, '2023-08-08', '18:00:00.000000', 75, 75, 4, 10, 21),
(3703, 3, '2023-08-08', '18:00:00.000000', 83, 76, 3, 11, 19),
(3704, 4, '2023-08-08', '18:00:00.000000', 73, 80, 2, 12, 26),
(3705, 5, '2023-08-08', '18:00:00.000000', 89, 77, 4, 13, 18),
(3706, 6, '2023-08-08', '18:00:00.000000', 79, 79, 3, 8, 22),
(3707, 7, '2023-08-08', '18:00:00.000000', 86, 72, 2, 9, 19),
(3708, 8, '2023-08-08', '18:00:00.000000', 79, 81, 4, 10, 20),
(3709, 9, '2023-08-08', '18:00:00.000000', 85, 74, 3, 11, 28),
(3710, 10, '2023-08-08', '18:00:00.000000', 76, 78, 2, 12, 26),
(3711, 1, '2023-08-09', '00:00:00.000000', 88, 73, 4, 13, 22),
(3712, 2, '2023-08-09', '00:00:00.000000', 75, 75, 3, 8, 30),
(3713, 3, '2023-08-09', '00:00:00.000000', 83, 76, 2, 9, 23),
(3714, 4, '2023-08-09', '00:00:00.000000', 73, 80, 4, 10, 21),
(3715, 5, '2023-08-09', '00:00:00.000000', 89, 77, 3, 11, 29),
(3716, 6, '2023-08-09', '00:00:00.000000', 79, 79, 2, 12, 31),
(3717, 7, '2023-08-09', '00:00:00.000000', 86, 72, 4, 13, 19),
(3718, 8, '2023-08-09', '00:00:00.000000', 79, 81, 3, 8, 22),
(3719, 9, '2023-08-09', '00:00:00.000000', 85, 74, 2, 9, 30),
(3720, 10, '2023-08-09', '00:00:00.000000', 76, 78, 4, 10, 18),
(3721, 1, '2023-08-09', '06:00:00.000000', 87, 73, 3, 11, 27),
(3722, 2, '2023-08-09', '06:00:00.000000', 75, 75, 2, 12, 23),
(3991, 1, '2023-08-16', '00:00:00.000000', 88, 73, 3, 11, 27),
(3992, 2, '2023-08-16', '00:00:00.000000', 75, 75, 2, 12, 23),
(3993, 3, '2023-08-16', '00:00:00.000000', 83, 76, 4, 13, 21),
(3994, 4, '2023-08-16', '00:00:00.000000', 73, 80, 3, 8, 32),
(3995, 5, '2023-08-16', '00:00:00.000000', 89, 77, 2, 9, 31),
(3996, 6, '2023-08-16', '00:00:00.000000', 79, 79, 4, 10, 26),
(3997, 7, '2023-08-16', '00:00:00.000000', 86, 72, 3, 11, 17),
(3998, 8, '2023-08-16', '00:00:00.000000', 79, 81, 2, 12, 20),
(3999, 9, '2023-08-16', '00:00:00.000000', 85, 74, 4, 13, 29),
(4000, 10, '2023-08-16', '00:00:00.000000', 76, 78, 3, 8, 25),
(4001, 1, '2023-08-16', '06:00:00.000000', 87, 73, 2, 9, 33),
(4002, 2, '2023-08-16', '06:00:00.000000', 75, 75, 4, 10, 21),
(4003, 3, '2023-08-16', '06:00:00.000000', 83, 76, 3, 11, 19),
(4004, 4, '2023-08-16', '06:00:00.000000', 73, 80, 2, 12, 26),
(4005, 5, '2023-08-16', '06:00:00.000000', 89, 77, 4, 13, 18),
(4006, 6, '2023-08-16', '06:00:00.000000', 79, 79, 3, 8, 22),
(4007, 7, '2023-08-16', '06:00:00.000000', 86, 72, 2, 9, 19),
(4008, 8, '2023-08-16', '06:00:00.000000', 79, 81, 4, 10, 20),
(4009, 9, '2023-08-16', '06:00:00.000000', 85, 74, 3, 11, 28),
(4010, 10, '2023-08-16', '06:00:00.000000', 76, 78, 2, 12, 26),
(4011, 1, '2023-08-16', '12:00:00.000000', 88, 73, 4, 13, 22),
(4012, 2, '2023-08-16', '12:00:00.000000', 75, 75, 3, 8, 30),
(4013, 3, '2023-08-16', '12:00:00.000000', 83, 76, 2, 9, 23),
(4014, 4, '2023-08-16', '12:00:00.000000', 73, 80, 4, 10, 21),
(4015, 5, '2023-08-16', '12:00:00.000000', 89, 77, 3, 11, 29),
(4016, 6, '2023-08-16', '12:00:00.000000', 79, 79, 2, 12, 31),
(4017, 7, '2023-08-16', '12:00:00.000000', 86, 72, 4, 13, 19),
(4018, 8, '2023-08-16', '12:00:00.000000', 79, 81, 3, 8, 22),
(4019, 9, '2023-08-16', '12:00:00.000000', 85, 74, 2, 9, 30),
(4020, 10, '2023-08-16', '12:00:00.000000', 76, 78, 4, 10, 18),
(4021, 1, '2023-08-16', '18:00:00.000000', 87, 73, 3, 11, 27),
(4022, 2, '2023-08-16', '18:00:00.000000', 75, 75, 2, 12, 23),
(4023, 3, '2023-08-16', '18:00:00.000000', 83, 76, 4, 13, 21),
(4024, 4, '2023-08-16', '18:00:00.000000', 73, 80, 3, 8, 32),
(4025, 5, '2023-08-16', '18:00:00.000000', 89, 77, 2, 9, 31),
(4026, 6, '2023-08-16', '18:00:00.000000', 79, 79, 4, 10, 26),
(4027, 7, '2023-08-16', '18:00:00.000000', 86, 72, 3, 11, 17),
(4028, 8, '2023-08-16', '18:00:00.000000', 79, 81, 2, 12, 20),
(4029, 9, '2023-08-16', '18:00:00.000000', 85, 74, 4, 13, 29),
(4030, 10, '2023-08-16', '18:00:00.000000', 76, 78, 3, 8, 25),
(4031, 1, '2023-08-17', '00:00:00.000000', 88, 73, 2, 9, 33),
(4032, 2, '2023-08-17', '00:00:00.000000', 75, 75, 4, 10, 21),
(4033, 3, '2023-08-17', '00:00:00.000000', 83, 76, 3, 11, 19),
(4034, 4, '2023-08-17', '00:00:00.000000', 73, 80, 2, 12, 26),
(4035, 5, '2023-08-17', '00:00:00.000000', 89, 77, 4, 13, 18),
(4036, 6, '2023-08-17', '00:00:00.000000', 79, 79, 3, 8, 22),
(4037, 7, '2023-08-17', '00:00:00.000000', 86, 72, 2, 9, 19),
(4038, 8, '2023-08-17', '00:00:00.000000', 79, 81, 4, 10, 20),
(4039, 9, '2023-08-17', '00:00:00.000000', 85, 74, 3, 11, 28),
(4040, 10, '2023-08-17', '00:00:00.000000', 76, 78, 2, 12, 26),
(4041, 1, '2023-08-17', '06:00:00.000000', 87, 73, 4, 13, 22),
(4042, 2, '2023-08-17', '06:00:00.000000', 75, 75, 3, 8, 30),
(4043, 3, '2023-08-17', '06:00:00.000000', 83, 76, 2, 9, 23),
(4044, 4, '2023-08-17', '06:00:00.000000', 73, 80, 4, 10, 21),
(4045, 5, '2023-08-17', '06:00:00.000000', 89, 77, 3, 11, 29),
(4046, 6, '2023-08-17', '06:00:00.000000', 79, 79, 2, 12, 31),
(4047, 7, '2023-08-17', '06:00:00.000000', 86, 72, 4, 13, 19),
(4048, 8, '2023-08-17', '06:00:00.000000', 79, 81, 3, 8, 22),
(4049, 9, '2023-08-17', '06:00:00.000000', 85, 74, 2, 9, 30),
(4050, 10, '2023-08-17', '06:00:00.000000', 76, 78, 4, 10, 18);

-- --------------------------------------------------------

--
-- Estructura de tabla para la tabla `notificaciones`
--

CREATE TABLE `notificaciones` (
  `id_notificaciones` int(11) NOT NULL,
  `id_huerto` int(10) NOT NULL,
  `notificaciones` tinyint(1) NOT NULL,
  `medicion_min_salinidad` int(11) NOT NULL,
  `medicion_max_salinidad` int(11) NOT NULL,
  `medicion_min_humedad` int(11) NOT NULL,
  `medicion_max_humedad` int(11) NOT NULL,
  `medicion_min_luminosidad` int(11) NOT NULL,
  `mediciones_continuas_minimos` int(11) NOT NULL DEFAULT '4',
  `medicion_max_luminosidad` int(11) NOT NULL,
  `mediciones_continuas_maximos` int(11) NOT NULL DEFAULT '4',
  `medicion_min_ph` int(11) NOT NULL,
  `medicion_max_ph` int(11) NOT NULL,
  `medicion_min_temperatura` int(11) NOT NULL,
  `medicion_max_temperatura` int(11) NOT NULL
) ENGINE=InnoDB DEFAULT CHARSET=utf8;

--
-- Volcado de datos para la tabla `notificaciones`
--

INSERT INTO `notificaciones` (`id_notificaciones`, `id_huerto`, `notificaciones`, `medicion_min_salinidad`, `medicion_max_salinidad`, `medicion_min_humedad`, `medicion_max_humedad`, `medicion_min_luminosidad`, `mediciones_continuas_minimos`, `medicion_max_luminosidad`, `mediciones_continuas_maximos`, `medicion_min_ph`, `medicion_max_ph`, `medicion_min_temperatura`, `medicion_max_temperatura`) VALUES
(1, 1, 0, 25, 40, 25, 40, 0, 4, 2, 4, 7, 14, 10, 30),
(2, 2, 0, 26, 41, 26, 41, 1, 4, 3, 4, 8, 14, 12, 31),
(3, 3, 0, 27, 42, 27, 42, 2, 4, 4, 4, 8, 15, 14, 32),
(4, 4, 0, 28, 43, 28, 43, 3, 4, 5, 4, 9, 16, 16, 33),
(5, 5, 0, 29, 44, 29, 44, 4, 4, 6, 4, 10, 17, 18, 34),
(6, 6, 0, 30, 45, 30, 45, 1, 4, 2, 4, 11, 18, 20, 35),
(7, 7, 0, 31, 40, 31, 40, 2, 4, 3, 4, 12, 18, 22, 36),
(8, 8, 0, 32, 41, 32, 41, 3, 4, 4, 4, 12, 19, 24, 37),
(9, 9, 0, 33, 42, 33, 42, 4, 4, 5, 4, 13, 20, 26, 38),
(10, 10, 0, 34, 43, 34, 43, 0, 4, 1, 4, 14, 21, 28, 39),
(11, 11, 0, 35, 44, 35, 44, 1, 4, 2, 4, 15, 22, 30, 40),
(12, 12, 0, 36, 45, 36, 45, 2, 4, 3, 4, 16, 22, 32, 41),
(13, 13, 0, 37, 40, 37, 40, 3, 4, 4, 4, 16, 23, 34, 42),
(14, 14, 0, 38, 41, 38, 41, 4, 4, 5, 4, 17, 24, 36, 43),
(15, 15, 0, 39, 42, 39, 42, 0, 4, 1, 4, 18, 25, 38, 44),
(16, 16, 0, 40, 43, 40, 43, 1, 4, 2, 4, 19, 26, 40, 45),
(17, 17, 0, 41, 44, 41, 44, 2, 4, 3, 4, 20, 26, 42, 46),
(18, 18, 0, 42, 45, 42, 45, 3, 4, 4, 4, 20, 27, 44, 47),
(19, 19, 0, 43, 40, 43, 40, 4, 4, 5, 4, 21, 28, 46, 48),
(20, 20, 0, 44, 41, 44, 41, 0, 4, 1, 4, 22, 29, 48, 49),
(21, 21, 0, 45, 42, 45, 42, 1, 4, 2, 4, 23, 30, 10, 30),
(22, 22, 0, 46, 43, 46, 43, 2, 4, 3, 4, 24, 30, 12, 31),
(23, 23, 0, 47, 44, 47, 44, 3, 4, 4, 4, 24, 31, 14, 32),
(24, 24, 0, 48, 45, 48, 45, 4, 4, 5, 4, 25, 32, 16, 33),
(25, 25, 0, 49, 40, 49, 40, 1, 4, 2, 4, 26, 33, 18, 34),
(26, 26, 0, 50, 41, 50, 41, 2, 4, 3, 4, 27, 34, 20, 35),
(27, 27, 0, 51, 42, 51, 42, 3, 4, 4, 4, 28, 34, 22, 36),
(28, 28, 0, 52, 43, 52, 43, 4, 4, 5, 4, 28, 35, 24, 37),
(29, 29, 0, 53, 44, 53, 44, 0, 4, 1, 4, 29, 36, 26, 38),
(30, 30, 0, 54, 45, 54, 45, 1, 4, 2, 4, 30, 37, 28, 39),
(31, 31, 0, 55, 40, 55, 40, 2, 4, 3, 4, 31, 38, 30, 40),
(32, 32, 0, 56, 41, 56, 41, 3, 4, 4, 4, 32, 38, 32, 41),
(33, 33, 0, 57, 42, 57, 42, 4, 4, 5, 4, 32, 39, 34, 42),
(34, 34, 0, 58, 43, 58, 43, 0, 4, 1, 4, 33, 40, 36, 43),
(35, 35, 0, 59, 44, 59, 44, 1, 4, 2, 4, 34, 41, 38, 44),
(36, 36, 0, 60, 45, 60, 45, 2, 4, 3, 4, 35, 42, 40, 45),
(37, 37, 0, 61, 40, 61, 40, 3, 4, 4, 4, 36, 42, 42, 46),
(38, 38, 0, 62, 41, 62, 41, 4, 4, 5, 4, 36, 43, 44, 47),
(39, 39, 0, 63, 42, 63, 42, 0, 4, 1, 4, 37, 44, 46, 48),
(40, 40, 0, 64, 43, 64, 43, 1, 4, 2, 4, 38, 45, 48, 49),
(41, 41, 0, 65, 44, 65, 44, 2, 4, 3, 4, 39, 46, 10, 30),
(42, 42, 0, 66, 45, 66, 45, 3, 4, 4, 4, 40, 46, 12, 31),
(43, 43, 0, 67, 40, 67, 40, 4, 4, 5, 4, 40, 47, 14, 32),
(44, 44, 0, 68, 41, 68, 41, 0, 4, 1, 4, 41, 48, 16, 33),
(45, 45, 0, 69, 42, 69, 42, 1, 4, 2, 4, 42, 49, 18, 34),
(46, 46, 0, 70, 43, 70, 43, 2, 4, 3, 4, 43, 50, 20, 35),
(47, 47, 0, 71, 44, 71, 44, 3, 4, 4, 4, 44, 50, 22, 36),
(48, 48, 0, 72, 45, 72, 45, 4, 4, 5, 4, 44, 51, 24, 37),
(49, 49, 0, 73, 40, 73, 40, 0, 4, 1, 4, 45, 52, 26, 38),
(50, 50, 0, 74, 41, 74, 41, 1, 4, 2, 4, 46, 53, 28, 39),
(51, 51, 0, 75, 42, 75, 42, 2, 4, 3, 4, 47, 54, 30, 40),
(52, 52, 0, 76, 43, 76, 43, 3, 4, 4, 4, 48, 54, 32, 41),
(53, 53, 0, 77, 44, 77, 44, 4, 4, 5, 4, 48, 55, 34, 42),
(54, 54, 0, 78, 45, 78, 45, 0, 4, 1, 4, 49, 56, 36, 43),
(55, 55, 0, 79, 40, 79, 40, 1, 4, 2, 4, 50, 57, 38, 44),
(56, 56, 0, 80, 41, 80, 41, 2, 4, 3, 4, 51, 58, 40, 45),
(57, 57, 0, 81, 42, 81, 42, 3, 4, 4, 4, 52, 58, 42, 46),
(58, 58, 0, 82, 43, 82, 43, 4, 4, 5, 4, 52, 59, 44, 47),
(59, 59, 0, 83, 44, 83, 44, 0, 4, 1, 4, 53, 60, 46, 48),
(60, 60, 0, 84, 45, 84, 45, 1, 4, 2, 4, 54, 61, 48, 49),
(61, 61, 0, 85, 40, 85, 40, 2, 4, 3, 4, 55, 62, 10, 30),
(62, 62, 0, 86, 41, 86, 41, 3, 4, 4, 4, 56, 62, 12, 31),
(63, 63, 0, 87, 42, 87, 42, 4, 4, 5, 4, 56, 63, 14, 32),
(64, 64, 0, 88, 43, 88, 43, 0, 4, 1, 4, 57, 64, 16, 33),
(65, 65, 0, 89, 44, 89, 44, 1, 4, 2, 4, 58, 65, 18, 34),
(66, 66, 0, 90, 45, 90, 45, 2, 4, 3, 4, 59, 66, 20, 35),
(67, 67, 0, 91, 40, 91, 40, 3, 4, 4, 4, 60, 66, 22, 36),
(68, 68, 0, 92, 41, 92, 41, 4, 4, 5, 4, 60, 67, 24, 37),
(69, 69, 0, 93, 42, 93, 42, 0, 4, 1, 4, 61, 68, 26, 38),
(70, 70, 0, 94, 43, 94, 43, 1, 4, 2, 4, 62, 69, 28, 39),
(71, 71, 0, 95, 44, 95, 44, 2, 4, 3, 4, 63, 70, 30, 40),
(72, 72, 0, 96, 45, 96, 45, 3, 4, 4, 4, 64, 70, 32, 41),
(73, 73, 0, 97, 40, 97, 40, 4, 4, 5, 4, 64, 71, 34, 42),
(74, 74, 0, 98, 41, 98, 41, 0, 4, 1, 4, 65, 72, 36, 43),
(75, 75, 0, 99, 42, 99, 42, 1, 4, 2, 4, 66, 73, 38, 44),
(76, 76, 0, 25, 40, 25, 40, 0, 4, 2, 4, 7, 14, 10, 30),
(77, 77, 0, 26, 41, 26, 41, 1, 4, 3, 4, 8, 14, 12, 31),
(78, 78, 0, 27, 42, 27, 42, 2, 4, 4, 4, 8, 15, 14, 32),
(79, 79, 0, 28, 43, 28, 43, 3, 4, 5, 4, 9, 16, 16, 33),
(80, 80, 0, 29, 44, 29, 44, 4, 4, 6, 4, 10, 17, 18, 34),
(81, 81, 0, 30, 45, 30, 45, 1, 4, 2, 4, 11, 18, 20, 35),
(82, 82, 0, 31, 40, 31, 40, 2, 4, 3, 4, 12, 18, 22, 36),
(83, 83, 0, 32, 41, 32, 41, 3, 4, 4, 4, 12, 19, 24, 37),
(84, 84, 0, 33, 42, 33, 42, 4, 4, 5, 4, 13, 20, 26, 38),
(85, 85, 0, 34, 43, 34, 43, 0, 4, 1, 4, 14, 21, 28, 39),
(86, 86, 0, 35, 44, 35, 44, 1, 4, 2, 4, 15, 22, 30, 40),
(87, 87, 0, 36, 45, 36, 45, 2, 4, 3, 4, 16, 22, 32, 41),
(88, 88, 0, 37, 40, 37, 40, 3, 4, 4, 4, 16, 23, 34, 42),
(89, 89, 0, 38, 41, 38, 41, 4, 4, 5, 4, 17, 24, 36, 43),
(90, 90, 0, 39, 42, 39, 42, 0, 4, 1, 4, 18, 25, 38, 44),
(91, 91, 0, 40, 43, 40, 43, 1, 4, 2, 4, 19, 26, 40, 45),
(92, 92, 0, 41, 44, 41, 44, 2, 4, 3, 4, 20, 26, 42, 46),
(93, 93, 0, 20, 45, 20, 45, 4, 4, 5, 4, 21, 27, 44, 47),
(94, 94, 0, 21, 40, 21, 40, 0, 4, 1, 4, 22, 28, 46, 48),
(95, 95, 0, 22, 41, 22, 41, 1, 4, 2, 4, 23, 28, 48, 49),
(96, 96, 0, 23, 42, 23, 42, 2, 4, 3, 4, 24, 29, 50, 50),
(97, 97, 0, 24, 43, 24, 43, 3, 4, 4, 4, 24, 30, 52, 51),
(98, 98, 0, 25, 44, 25, 44, 4, 4, 5, 4, 25, 31, 54, 52),
(99, 99, 0, 26, 45, 26, 45, 0, 4, 1, 4, 26, 31, 56, 53),
(100, 100, 0, 27, 40, 27, 40, 1, 4, 2, 4, 27, 32, 58, 54),
(101, 101, 0, 28, 41, 28, 41, 2, 4, 3, 4, 28, 33, 60, 55),
(102, 102, 0, 29, 42, 29, 42, 3, 4, 4, 4, 28, 34, 62, 56),
(103, 103, 0, 30, 43, 30, 43, 4, 4, 5, 4, 29, 35, 64, 57),
(104, 104, 0, 31, 44, 31, 44, 0, 4, 1, 4, 30, 35, 66, 58),
(105, 105, 0, 32, 45, 32, 45, 1, 4, 2, 4, 31, 36, 68, 59),
(106, 106, 0, 33, 40, 33, 40, 2, 4, 3, 4, 32, 37, 70, 60),
(107, 107, 0, 34, 41, 34, 41, 3, 4, 4, 4, 32, 38, 72, 61),
(108, 108, 0, 35, 42, 35, 42, 4, 4, 5, 4, 33, 39, 74, 62),
(109, 109, 0, 36, 43, 36, 43, 0, 4, 1, 4, 34, 39, 76, 63),
(110, 110, 0, 37, 44, 37, 44, 1, 4, 2, 4, 35, 40, 78, 64),
(111, 111, 0, 38, 45, 38, 45, 2, 4, 3, 4, 36, 41, 80, 65),
(112, 112, 0, 39, 40, 39, 40, 3, 4, 4, 4, 36, 42, 82, 66),
(113, 113, 0, 40, 41, 40, 41, 4, 4, 5, 4, 37, 43, 84, 67),
(114, 114, 0, 41, 42, 41, 42, 0, 4, 1, 4, 38, 43, 86, 68),
(115, 115, 0, 42, 43, 42, 43, 1, 4, 2, 4, 39, 44, 88, 69),
(116, 116, 0, 43, 44, 43, 44, 2, 4, 3, 4, 40, 45, 90, 70),
(117, 117, 0, 44, 45, 44, 45, 3, 4, 4, 4, 40, 46, 92, 71),
(118, 118, 0, 45, 40, 45, 40, 4, 4, 5, 4, 41, 47, 94, 72),
(119, 119, 0, 46, 41, 46, 41, 0, 4, 1, 4, 42, 47, 96, 73),
(120, 120, 0, 47, 42, 47, 42, 1, 4, 2, 4, 43, 48, 98, 74),
(121, 121, 0, 48, 43, 48, 43, 2, 4, 3, 4, 44, 49, 100, 75),
(122, 122, 0, 49, 44, 49, 44, 3, 4, 4, 4, 44, 50, 102, 76),
(123, 123, 0, 50, 45, 50, 45, 4, 4, 5, 4, 45, 51, 104, 77),
(124, 124, 0, 21, 40, 21, 40, 0, 4, 1, 4, 22, 28, 46, 48),
(125, 125, 0, 22, 41, 22, 41, 1, 4, 2, 4, 23, 28, 48, 49),
(126, 126, 0, 23, 42, 23, 42, 2, 4, 3, 4, 24, 29, 50, 50),
(127, 127, 0, 24, 43, 24, 43, 3, 4, 4, 4, 24, 30, 52, 51),
(128, 128, 0, 25, 44, 25, 44, 4, 4, 5, 4, 25, 31, 54, 52),
(129, 129, 0, 26, 45, 26, 45, 0, 4, 1, 4, 26, 31, 56, 53),
(130, 130, 0, 27, 40, 27, 40, 1, 4, 2, 4, 27, 32, 58, 54),
(131, 131, 0, 28, 41, 28, 41, 2, 4, 3, 4, 28, 33, 60, 55),
(132, 132, 0, 29, 42, 29, 42, 3, 4, 4, 4, 28, 34, 62, 56),
(133, 133, 0, 30, 43, 30, 43, 4, 4, 5, 4, 29, 35, 64, 57),
(134, 134, 0, 31, 44, 31, 44, 0, 4, 1, 4, 30, 35, 66, 58),
(135, 135, 0, 32, 45, 32, 45, 1, 4, 2, 4, 31, 36, 68, 59),
(136, 136, 0, 33, 40, 33, 40, 2, 4, 3, 4, 32, 37, 70, 60),
(137, 137, 0, 34, 41, 34, 41, 3, 4, 4, 4, 32, 38, 72, 61),
(138, 138, 0, 35, 42, 35, 42, 4, 4, 5, 4, 33, 39, 74, 62),
(139, 139, 0, 36, 43, 36, 43, 0, 4, 1, 4, 34, 39, 76, 63),
(140, 140, 0, 37, 44, 37, 44, 1, 4, 2, 4, 35, 40, 78, 64),
(141, 141, 0, 38, 45, 38, 45, 2, 4, 3, 4, 36, 41, 80, 65),
(142, 142, 0, 39, 40, 39, 40, 3, 4, 4, 4, 36, 42, 82, 66),
(143, 143, 0, 40, 41, 40, 41, 4, 4, 5, 4, 37, 43, 84, 67),
(144, 144, 0, 41, 42, 41, 42, 0, 4, 1, 4, 38, 43, 86, 68),
(145, 145, 0, 42, 43, 42, 43, 1, 4, 2, 4, 39, 44, 88, 69),
(146, 146, 0, 43, 44, 43, 44, 2, 4, 3, 4, 40, 45, 90, 70),
(147, 147, 0, 44, 45, 44, 45, 3, 4, 4, 4, 40, 46, 92, 71),
(148, 148, 0, 45, 40, 45, 40, 4, 4, 5, 4, 41, 47, 94, 72),
(149, 149, 0, 46, 41, 46, 41, 0, 4, 1, 4, 42, 47, 96, 73),
(150, 150, 0, 47, 42, 47, 42, 1, 4, 2, 4, 43, 48, 98, 74);

-- --------------------------------------------------------

--
-- Estructura de tabla para la tabla `opiniones`
--

CREATE TABLE `opiniones` (
  `id_opinion` int(11) NOT NULL,
  `id_cliente` int(11) NOT NULL,
  `id_personal` int(11) NOT NULL,
  `clasificacion_opinion` int(11) NOT NULL,
  `mensaje_opinion` varchar(500) NOT NULL
) ENGINE=InnoDB DEFAULT CHARSET=utf8;

--
-- Volcado de datos para la tabla `opiniones`
--

INSERT INTO `opiniones` (`id_opinion`, `id_cliente`, `id_personal`, `clasificacion_opinion`, `mensaje_opinion`) VALUES
(1, 27, 3, 5, 'Increíble! Simplemente impresionante la aplicación web'),
(2, 17, 3, 4, '¡Ahora puedo controlar mi huerto mucho mejor que antes!'),
(3, 18, 3, 5, '¡Mi vida es mucho mejor desde que uso esta aplicación web!');

-- --------------------------------------------------------

--
-- Estructura de tabla para la tabla `productos`
--

CREATE TABLE `productos` (
  `id_producto` int(11) NOT NULL,
  `nombre_producto` varchar(50) NOT NULL,
  `descripcion_producto` varchar(250) NOT NULL,
  `precio` varchar(6) NOT NULL
) ENGINE=InnoDB DEFAULT CHARSET=utf8mb4;

--
-- Volcado de datos para la tabla `productos`
--

INSERT INTO `productos` (`id_producto`, `nombre_producto`, `descripcion_producto`, `precio`) VALUES
(1, 'Aplicación de monitorización', 'La aplicación de monitorización para huertos hidropónicos es una herramienta indispensable para aquellos que buscan controlar y optimizar el crecimiento de sus plantas en un ambiente controlado. Con esta aplicación, podrás supervisar el estado de tus', '30,00€'),
(2, 'Huerto hidropónico monitorizado', 'El huerto hidropónico monitorizado es la solución perfecta para aquellos que desean cultivar plantas de manera eficiente y sostenible en un ambiente controlado. Este huerto utiliza un sistema de cultivo sin suelo que permite un uso eficiente del agua', '90,00€'),
(3, 'Sistema de ampliación', 'El sistema de ampliación para huertos hidropónicos es la solución ideal para aquellos que desean expandir su huerto y aumentar su capacidad de producción. Este sistema le permite conectar múltiples unidades de huertos hidropónicos, lo que le brinda l', '45,00€');

-- --------------------------------------------------------

--
-- Estructura de tabla para la tabla `roles`
--

CREATE TABLE `roles` (
  `id` int(11) NOT NULL,
  `rol` varchar(30) NOT NULL
) ENGINE=InnoDB DEFAULT CHARSET=latin1;

--
-- Volcado de datos para la tabla `roles`
--

INSERT INTO `roles` (`id`, `rol`) VALUES
(1, 'admin'),
(2, 'comercial'),
(3, 'tecnico'),
(4, 'usuario');

-- --------------------------------------------------------

--
-- Estructura de tabla para la tabla `usuarios`
--

CREATE TABLE `usuarios` (
  `id_usuario` int(11) NOT NULL,
  `nombre` varchar(20) NOT NULL,
  `password` varchar(30) NOT NULL,
  `rol` int(11) NOT NULL
) ENGINE=InnoDB DEFAULT CHARSET=latin1;

--
-- Volcado de datos para la tabla `usuarios`
--

INSERT INTO `usuarios` (`id_usuario`, `nombre`, `password`, `rol`) VALUES
(1, 'admin', '1234', 1),
(2, 'comercial', '1234', 2),
(3, 'tecnico', '1234', 3),
(4, 'usuario', '1234', 4),
(5, 'María Gómez', '7Fv*m#9B', 4),
(6, 'Luis García', '3Hb$q%5A', 4),
(7, 'Ana Rodríguez', '6Ej@w#2C', 4),
(8, 'Carlos Martínez', '5Ds!p#9T', 4),
(9, 'Laura López', '9Nt@q#6H', 4),
(10, 'Pedro Sánchez', '2Lc!r@8P', 4),
(11, 'Sofía Romero', '4Gx#s@3V', 4),
(12, 'Pablo Torres', '7Rm*t@1N', 4),
(13, 'Isabel González', '9Ts#b@6M', 4),
(14, 'Manuel Jiménez', '1Hk@c!4Z', 4),
(15, 'Carmen Vargas', '3Wf@s#2X', 4),
(16, 'Francisco Morales', '5Qg#d@7Y', 4),
(17, 'Elena Castro', '8Ub!z@4S', 4),
(18, 'Javier Navarro', '2Pv!x@9D', 4),
(19, 'Silvia Ortega', '6Lf!b@5F', 4),
(20, 'Ricardo Méndez', '9Gj#a@2H', 4),
(21, 'Roberto Mendoza', '1Fb@q#3P', 4),
(22, 'Patricia Silva', '3Dg#m@6C', 4),
(23, 'Andrés Morales', '7Rw@k#9S', 4),
(24, 'Valeria Ortega', '9Hc@n#5F', 4),
(25, 'Ricardo Méndez', '2Gj#b@4Z', 4),
(26, 'Mariana Torres', '4Yt@c#7X', 4),
(27, 'Eduardo Navarro', '6Kv@f#2D', 4),
(28, 'Ana Romero', '8Wb@m#3V', 4),
(29, 'Felipe Sánchez', '1Qd@g#9B', 4),
(30, 'Carolina Martínez', '3Rs!t#6A', 4),
(31, 'Gabriel Vargas', '5Yh@x#4S', 4),
(32, 'María Castro', '7Tn!p#1Z', 4),
(33, 'Gonzalo Jiménez', '9Lk#d@5N', 4),
(34, 'Paula Gómez', '2Xf@r#8M', 4),
(35, 'Luisa López', '4Cv!s#2P', 4),
(36, 'Héctor Torres', '6Mn@w#3K', 4),
(37, 'Isabel Morales', '8Vt@z#7B', 4),
(38, 'Fernando Silva', '1Qb!m@5R', 4),
(39, 'Alejandra Mendoza', '3Wx!k@7H', 4),
(40, 'Raúl Ortega', '5Jv@d#2F', 4),
(41, 'Catalina Méndez', '7Rn@y#4T', 4),
(42, 'Gustavo Navarro', '9Uc@q#6A', 4),
(43, 'Daniela Romero', '2Wg@z#1M', 4),
(44, 'Manuel Vargas', '4Zb!x@3S', 4),
(45, 'Carolina Torres', '6Lm@h#9C', 4),
(46, 'José Sánchez', '8Gn@g#5D', 4),
(47, 'Sofía Castro', '1Qb@t#3R', 4),
(48, 'Pedro Jiménez', '3Es@m#7V', 4),
(49, 'Laura Gómez', '5Rv@w#9K', 4),
(50, 'Andrea López', '7Hc@z#2B', 4),
(51, 'Miguel Silva', '9Pd@n#4X', 4),
(52, 'Valentina Ortega', '2Tg@s#6Z', 4),
(53, 'Pablo Méndez', '4Kj@v#8N', 4),
(54, 'Gabriela Navarro', '6Dc@q#5F', 4),
(55, 'Javier Romero', '8Rs!m#7T', 4),
(56, 'María Vargas', '1Xb@p#9L', 4),
(57, 'Cristian Torres', '3Zn@h#2D', 4),
(58, 'Alejandra Sánchez', '5Yt@g#4S', 4),
(59, 'Diego Castro', '7Mn@d#6G', 4),
(60, 'Florencia Jiménez', '9Vb@w#8H', 4),
(61, 'Sebastián Gómez', '2Rc@z#1F', 4),
(62, 'Camila López', '4Tn@k#3G', 4),
(63, 'Ricardo Silva', '6Xs@v#5J', 4),
(64, 'Isabella Ortega', '8Yb@d#7K', 4),
(65, 'Juan Méndez', '1Fc@n#9M', 4),
(66, 'Valeria Navarro', '3Gj@q#2D', 4),
(67, 'Javier Romero', '5Rs@h#4V', 4),
(68, 'Sofía Vargas', '7Bn@g#6C', 4),
(69, 'Matías Torres', '9Xs@z#8L', 4),
(70, 'Carolina Sánchez', '2Hc@w#1N', 4),
(71, 'Gabriel Castro', '4Mn@d#3R', 4),
(72, 'María Jiménez', '6Ft@b#5S', 4),
(73, 'Daniel Gómez', '8Rm@k#7V', 4),
(74, 'Florencia López', '1Pc@y#9M', 4),
(75, 'Andrés Silva', '3Wb@v#2N', 4),
(76, 'Valentina Ortega', '5Kj@z#4D', 4),
(77, 'Pablo Méndez', '7Dc@p#6H', 4),
(78, 'Camila Navarro', '9Xn@h#8B', 4),
(79, 'Diego Romero', '2Rs@g#1V', 4),
(80, 'Julieta Vargas', '4Bm@d#3T', 4),
(81, 'Ana López', '4Xy#w@8L', 1),
(82, 'Carlos Ramos', '7Qp#t@2M', 1),
(83, 'María Fernández', '1Vb#g@6N', 2),
(84, 'Luisa Rodríguez', '3Km#s@9O', 2),
(85, 'Juan Torres', '6Dl#p@5P', 2),
(86, 'Laura Gómez', '9Wk#r@3R', 2),
(87, 'Pedro Martínez', '2Jh#f@4S', 3),
(88, 'Sofía Morales', '5Gq#e@7T', 3),
(89, 'Gabriel Herrera', '8Zx#u@1U', 3),
(90, 'Isabel Vega', '1Ly#c@6V', 3),
(91, 'Pablo Sanchez', '9Hc@n58T', 1);

-- --------------------------------------------------------

--
-- Estructura de tabla para la tabla `ventas`
--

CREATE TABLE `ventas` (
  `id_venta` int(11) NOT NULL,
  `id_cliente` int(11) NOT NULL,
  `productos` int(11) NOT NULL,
  `fecha` varchar(10) NOT NULL
) ENGINE=InnoDB DEFAULT CHARSET=utf8;

--
-- Volcado de datos para la tabla `ventas`
--

INSERT INTO `ventas` (`id_venta`, `id_cliente`, `productos`, `fecha`) VALUES
(1, 29, 1, '2023-01-01'),
(2, 29, 2, '2023-01-02'),
(3, 30, 1, '2023-01-03'),
(4, 30, 2, '2023-01-04'),
(5, 30, 3, '2023-01-05'),
(6, 31, 1, '2023-01-06'),
(7, 31, 2, '2023-01-07'),
(8, 32, 1, '2023-01-08'),
(9, 33, 1, '2023-01-09'),
(10, 33, 2, '2023-01-10'),
(11, 33, 3, '2023-01-11'),
(12, 34, 2, '2023-01-12'),
(13, 34, 3, '2023-01-13'),
(14, 35, 1, '2023-01-14'),
(15, 36, 1, '2023-01-15'),
(16, 36, 3, '2023-01-16'),
(17, 37, 2, '2023-01-17'),
(18, 38, 1, '2023-01-18'),
(19, 38, 2, '2023-01-19'),
(20, 39, 1, '2023-01-20'),
(21, 39, 2, '2023-01-21'),
(22, 39, 3, '2023-01-22'),
(23, 40, 1, '2023-01-23'),
(24, 41, 2, '2023-01-24'),
(25, 41, 3, '2023-01-25'),
(26, 42, 1, '2023-01-26'),
(27, 42, 2, '2023-01-27'),
(28, 43, 1, '2023-01-28'),
(29, 44, 1, '2023-01-29'),
(30, 44, 2, '2023-01-30'),
(31, 44, 3, '2023-01-31'),
(32, 45, 2, '2023-02-01'),
(33, 45, 3, '2023-02-02'),
(34, 46, 1, '2023-02-03'),
(35, 47, 1, '2023-02-04'),
(36, 47, 3, '2023-02-05'),
(37, 48, 2, '2023-02-06'),
(38, 49, 1, '2023-02-07'),
(39, 49, 2, '2023-02-08'),
(40, 50, 1, '2023-02-09'),
(41, 50, 2, '2023-02-10'),
(42, 50, 3, '2023-02-11'),
(43, 51, 1, '2023-02-12'),
(44, 52, 2, '2023-02-13'),
(45, 52, 3, '2023-02-14'),
(46, 53, 1, '2023-02-15'),
(47, 53, 2, '2023-02-16'),
(48, 54, 1, '2023-02-17'),
(49, 55, 1, '2023-02-18'),
(50, 55, 2, '2023-02-19'),
(51, 55, 3, '2023-02-20'),
(52, 56, 2, '2023-02-21'),
(53, 56, 3, '2023-02-22'),
(54, 57, 1, '2023-02-23'),
(55, 58, 1, '2023-02-24'),
(56, 57, 2, '2023-02-25'),
(57, 57, 3, '2023-02-25'),
(58, 59, 1, '2023-02-26'),
(59, 60, 1, '2023-02-27'),
(60, 60, 2, '2023-02-27'),
(61, 61, 1, '2023-02-28'),
(62, 61, 2, '2023-02-28'),
(63, 61, 3, '2023-02-28'),
(64, 63, 2, '2023-03-01'),
(65, 63, 3, '2023-03-01'),
(66, 64, 1, '2023-03-02'),
(67, 64, 2, '2023-03-02'),
(68, 65, 1, '2023-03-03'),
(69, 66, 1, '2023-03-04'),
(70, 66, 2, '2023-03-04'),
(71, 66, 3, '2023-03-04'),
(72, 68, 1, '2023-03-05'),
(73, 69, 1, '2023-03-06'),
(74, 69, 3, '2023-03-06'),
(75, 71, 1, '2023-03-07'),
(76, 71, 2, '2023-03-07'),
(77, 73, 1, '2023-03-08'),
(78, 74, 2, '2023-03-09'),
(79, 34, 3, '2023-03-09'),
(80, 26, 1, '2023-03-10'),
(81, 52, 2, '2023-03-10'),
(82, 74, 3, '2023-03-10'),
(83, 48, 1, '2023-03-11'),
(84, 58, 2, '2023-03-11'),
(85, 69, 1, '2023-03-12'),
(86, 45, 1, '2023-03-13'),
(87, 41, 2, '2023-03-13'),
(88, 35, 3, '2023-03-13'),
(89, 25, 1, '2023-03-14'),
(90, 68, 1, '2023-03-15'),
(91, 48, 2, '2023-03-15'),
(92, 25, 1, '2023-03-16'),
(93, 12, 2, '2023-03-16'),
(94, 4, 3, '2023-03-16'),
(95, 6, 1, '2023-03-17'),
(96, 5, 2, '2023-03-17'),
(97, 36, 2, '2023-09-08'),
(98, 36, 3, '2023-09-09'),
(99, 37, 1, '2023-09-10'),
(100, 37, 3, '2023-09-11'),
(101, 38, 1, '2023-09-12'),
(102, 39, 2, '2023-09-13'),
(103, 39, 3, '2023-09-14'),
(104, 40, 1, '2023-09-15'),
(105, 41, 1, '2023-09-16'),
(106, 41, 2, '2023-09-17'),
(107, 42, 3, '2023-09-18'),
(108, 43, 1, '2023-09-19'),
(109, 43, 2, '2023-09-20'),
(110, 44, 1, '2023-09-21'),
(111, 45, 2, '2023-09-22'),
(112, 45, 3, '2023-09-23'),
(113, 46, 1, '2023-09-24'),
(114, 46, 2, '2023-09-25'),
(115, 47, 3, '2023-09-26'),
(116, 48, 1, '2023-09-27'),
(117, 48, 2, '2023-09-28'),
(118, 49, 1, '2023-09-29'),
(119, 50, 2, '2023-09-30'),
(120, 50, 3, '2023-10-01'),
(121, 51, 1, '2023-10-02'),
(122, 52, 2, '2023-10-03'),
(123, 52, 3, '2023-10-04'),
(124, 53, 1, '2023-10-05'),
(125, 55, 1, '2023-10-08'),
(126, 55, 2, '2023-10-08'),
(127, 55, 3, '2023-10-08'),
(128, 56, 1, '2023-10-09'),
(129, 56, 2, '2023-10-09'),
(130, 57, 1, '2023-10-10'),
(131, 57, 2, '2023-10-10'),
(132, 57, 3, '2023-10-10'),
(133, 58, 1, '2023-10-11'),
(134, 58, 2, '2023-10-11'),
(135, 59, 1, '2023-10-12'),
(136, 59, 2, '2023-10-12'),
(137, 59, 3, '2023-10-12'),
(138, 60, 1, '2023-10-13'),
(139, 60, 2, '2023-10-13'),
(140, 61, 1, '2023-10-14'),
(141, 61, 2, '2023-10-14'),
(142, 61, 3, '2023-10-14'),
(143, 62, 1, '2023-10-15'),
(144, 62, 2, '2023-10-15'),
(145, 63, 1, '2023-10-16'),
(146, 63, 2, '2023-10-16'),
(147, 63, 3, '2023-10-16'),
(148, 64, 1, '2023-10-17'),
(149, 64, 2, '2023-10-17'),
(150, 65, 1, '2023-10-18');

--
-- Índices para tablas volcadas
--

--
-- Indices de la tabla `asuntos_citas`
--
ALTER TABLE `asuntos_citas`
  ADD PRIMARY KEY (`id_asunto`),
  ADD KEY `fk_asunto` (`asunto`);

--
-- Indices de la tabla `asuntos_formulario_contacto`
--
ALTER TABLE `asuntos_formulario_contacto`
  ADD PRIMARY KEY (`id_asunto_formulario_contacto`),
  ADD KEY `fk_asunto_consulta` (`asunto_formulario_contacto`);

--
-- Indices de la tabla `citas`
--
ALTER TABLE `citas`
  ADD PRIMARY KEY (`id_cita`),
  ADD KEY `fk_productos` (`productos`),
  ADD KEY `fk_estado_cita` (`estado`),
  ADD KEY `fk_asunto_cita` (`asunto`),
  ADD KEY `fk_id_cliente_consulta` (`id_cliente`);

--
-- Indices de la tabla `clientes`
--
ALTER TABLE `clientes`
  ADD PRIMARY KEY (`id_cliente`),
  ADD UNIQUE KEY `fk_email` (`email`),
  ADD KEY `fk_id_usuario_a_id_usuario` (`id_usuario`);

--
-- Indices de la tabla `consultas`
--
ALTER TABLE `consultas`
  ADD PRIMARY KEY (`id_consulta`),
  ADD KEY `fk_id_usuario_consulta` (`id_usuario`),
  ADD KEY `fk_estado_consulta` (`estado_consulta`),
  ADD KEY `fk_asunto_consulta` (`asunto`);

--
-- Indices de la tabla `estados_cita`
--
ALTER TABLE `estados_cita`
  ADD PRIMARY KEY (`id_estado_cita`);

--
-- Indices de la tabla `estado_consulta`
--
ALTER TABLE `estado_consulta`
  ADD PRIMARY KEY (`id_estado_consulta`);

--
-- Indices de la tabla `huertos`
--
ALTER TABLE `huertos`
  ADD PRIMARY KEY (`id_huerto`),
  ADD KEY `fk_id_cliente_a_id_cliente` (`id_cliente`),
  ADD KEY `fk_ubicacion` (`ubicacion`);

--
-- Indices de la tabla `mediciones`
--
ALTER TABLE `mediciones`
  ADD PRIMARY KEY (`id_medicion`),
  ADD KEY `fk_sonda2` (`id_sonda`);

--
-- Indices de la tabla `notificaciones`
--
ALTER TABLE `notificaciones`
  ADD UNIQUE KEY `id_sonda` (`id_notificaciones`) USING BTREE,
  ADD KEY `fk_huerto_notificaciones` (`id_huerto`);

--
-- Indices de la tabla `opiniones`
--
ALTER TABLE `opiniones`
  ADD PRIMARY KEY (`id_opinion`),
  ADD KEY `fk_id_usuario_tecnico` (`id_personal`),
  ADD KEY `fk_id_cliente` (`id_cliente`);

--
-- Indices de la tabla `productos`
--
ALTER TABLE `productos`
  ADD PRIMARY KEY (`id_producto`),
  ADD UNIQUE KEY `fk_nombre_producto` (`nombre_producto`),
  ADD UNIQUE KEY `fk_descripcion_producto` (`descripcion_producto`);

--
-- Indices de la tabla `roles`
--
ALTER TABLE `roles`
  ADD PRIMARY KEY (`id`);

--
-- Indices de la tabla `usuarios`
--
ALTER TABLE `usuarios`
  ADD PRIMARY KEY (`id_usuario`),
  ADD KEY `fk_usuarios_rol` (`rol`);

--
-- Indices de la tabla `ventas`
--
ALTER TABLE `ventas`
  ADD PRIMARY KEY (`id_venta`),
  ADD KEY `fk_id_cliente_ventas` (`id_cliente`),
  ADD KEY `fk_producto` (`productos`);

--
-- AUTO_INCREMENT de las tablas volcadas
--

--
-- AUTO_INCREMENT de la tabla `asuntos_citas`
--
ALTER TABLE `asuntos_citas`
  MODIFY `id_asunto` int(11) NOT NULL AUTO_INCREMENT, AUTO_INCREMENT=5;

--
-- AUTO_INCREMENT de la tabla `asuntos_formulario_contacto`
--
ALTER TABLE `asuntos_formulario_contacto`
  MODIFY `id_asunto_formulario_contacto` int(11) NOT NULL AUTO_INCREMENT, AUTO_INCREMENT=5;

--
-- AUTO_INCREMENT de la tabla `citas`
--
ALTER TABLE `citas`
  MODIFY `id_cita` int(11) NOT NULL AUTO_INCREMENT, AUTO_INCREMENT=31;

--
-- AUTO_INCREMENT de la tabla `clientes`
--
ALTER TABLE `clientes`
  MODIFY `id_cliente` int(11) NOT NULL AUTO_INCREMENT, AUTO_INCREMENT=77;

--
-- AUTO_INCREMENT de la tabla `consultas`
--
ALTER TABLE `consultas`
  MODIFY `id_consulta` int(11) NOT NULL AUTO_INCREMENT, AUTO_INCREMENT=61;

--
-- AUTO_INCREMENT de la tabla `estado_consulta`
--
ALTER TABLE `estado_consulta`
  MODIFY `id_estado_consulta` int(11) NOT NULL AUTO_INCREMENT, AUTO_INCREMENT=4;

--
-- AUTO_INCREMENT de la tabla `mediciones`
--
ALTER TABLE `mediciones`
  MODIFY `id_medicion` int(11) NOT NULL AUTO_INCREMENT, AUTO_INCREMENT=4051;

--
-- AUTO_INCREMENT de la tabla `opiniones`
--
ALTER TABLE `opiniones`
  MODIFY `id_opinion` int(11) NOT NULL AUTO_INCREMENT, AUTO_INCREMENT=4;

--
-- AUTO_INCREMENT de la tabla `productos`
--
ALTER TABLE `productos`
  MODIFY `id_producto` int(11) NOT NULL AUTO_INCREMENT, AUTO_INCREMENT=4;

--
-- AUTO_INCREMENT de la tabla `roles`
--
ALTER TABLE `roles`
  MODIFY `id` int(11) NOT NULL AUTO_INCREMENT, AUTO_INCREMENT=5;

--
-- AUTO_INCREMENT de la tabla `usuarios`
--
ALTER TABLE `usuarios`
  MODIFY `id_usuario` int(11) NOT NULL AUTO_INCREMENT, AUTO_INCREMENT=92;

--
-- AUTO_INCREMENT de la tabla `ventas`
--
ALTER TABLE `ventas`
  MODIFY `id_venta` int(11) NOT NULL AUTO_INCREMENT, AUTO_INCREMENT=151;

--
-- Restricciones para tablas volcadas
--

--
-- Filtros para la tabla `citas`
--
ALTER TABLE `citas`
  ADD CONSTRAINT `fk_asunto_cita` FOREIGN KEY (`asunto`) REFERENCES `asuntos_citas` (`id_asunto`),
  ADD CONSTRAINT `fk_estado_cita` FOREIGN KEY (`estado`) REFERENCES `estados_cita` (`id_estado_cita`),
  ADD CONSTRAINT `fk_id_cliente_consulta` FOREIGN KEY (`id_cliente`) REFERENCES `clientes` (`id_cliente`),
  ADD CONSTRAINT `fk_productos` FOREIGN KEY (`productos`) REFERENCES `productos` (`id_producto`);

--
-- Filtros para la tabla `clientes`
--
ALTER TABLE `clientes`
  ADD CONSTRAINT `fk_id_usuario_a_id_usuario` FOREIGN KEY (`id_usuario`) REFERENCES `usuarios` (`id_usuario`);

--
-- Filtros para la tabla `consultas`
--
ALTER TABLE `consultas`
  ADD CONSTRAINT `fk_asunto_consulta` FOREIGN KEY (`asunto`) REFERENCES `asuntos_formulario_contacto` (`id_asunto_formulario_contacto`),
  ADD CONSTRAINT `fk_estado_consulta` FOREIGN KEY (`estado_consulta`) REFERENCES `estado_consulta` (`id_estado_consulta`),
  ADD CONSTRAINT `fk_id_usuario_consulta` FOREIGN KEY (`id_usuario`) REFERENCES `clientes` (`id_cliente`);

--
-- Filtros para la tabla `huertos`
--
ALTER TABLE `huertos`
  ADD CONSTRAINT `fk_id_cliente_a_id_cliente` FOREIGN KEY (`id_cliente`) REFERENCES `clientes` (`id_cliente`);

--
-- Filtros para la tabla `mediciones`
--
ALTER TABLE `mediciones`
  ADD CONSTRAINT `fk_sonda2` FOREIGN KEY (`id_sonda`) REFERENCES `notificaciones` (`id_notificaciones`);

--
-- Filtros para la tabla `notificaciones`
--
ALTER TABLE `notificaciones`
  ADD CONSTRAINT `fk_huerto_notificaciones` FOREIGN KEY (`id_huerto`) REFERENCES `huertos` (`id_huerto`);

--
-- Filtros para la tabla `opiniones`
--
ALTER TABLE `opiniones`
  ADD CONSTRAINT `fk_id_cliente` FOREIGN KEY (`id_cliente`) REFERENCES `usuarios` (`id_usuario`),
  ADD CONSTRAINT `fk_id_usuario_tecnico` FOREIGN KEY (`id_personal`) REFERENCES `usuarios` (`id_usuario`);

--
-- Filtros para la tabla `usuarios`
--
ALTER TABLE `usuarios`
  ADD CONSTRAINT `usuarios_ibfk_1` FOREIGN KEY (`rol`) REFERENCES `roles` (`id`) ON DELETE CASCADE ON UPDATE CASCADE;

--
-- Filtros para la tabla `ventas`
--
ALTER TABLE `ventas`
  ADD CONSTRAINT `fk_id_cliente_ventas` FOREIGN KEY (`id_cliente`) REFERENCES `clientes` (`id_cliente`),
  ADD CONSTRAINT `fk_producto` FOREIGN KEY (`productos`) REFERENCES `productos` (`id_producto`);
COMMIT;

/*!40101 SET CHARACTER_SET_CLIENT=@OLD_CHARACTER_SET_CLIENT */;
/*!40101 SET CHARACTER_SET_RESULTS=@OLD_CHARACTER_SET_RESULTS */;
/*!40101 SET COLLATION_CONNECTION=@OLD_COLLATION_CONNECTION */;
