[{"nombre":"Gussy","apellidos":"Eastlake","email":"geastlake0@blog.com"},
{"nombre":"Jeth","apellidos":"Bullers","email":"jbullers1@admin.ch"},
{"nombre":"Nicolette","apellidos":"Wannell","email":"nwannell2@techcrunch.com"},
{"nombre":"Erick","apellidos":"Boyton","email":"eboyton3@dagondesign.com"},
{"nombre":"Fee","apellidos":"Billany","email":"fbillany4@elpais.com"},
{"nombre":"Prescott","apellidos":"Deelay","email":"pdeelay5@nydailynews.com"},
{"nombre":"Winna","apellidos":"Salvatore","email":"wsalvatore6@odnoklassniki.ru"},
{"nombre":"Zared","apellidos":"Birdfield","email":"zbirdfield7@slashdot.org"},
{"nombre":"Angelo","apellidos":"Galliver","email":"agalliver8@domainmarket.com"},
{"nombre":"Morlee","apellidos":"Le Hucquet","email":"mlehucquet9@google.com.br"},
{"nombre":"Tobye","apellidos":"McClure","email":"tmcclurea@si.edu"},
{"nombre":"Sheeree","apellidos":"MacCallester","email":"smaccallesterb@jiathis.com"},
{"nombre":"Ardelle","apellidos":"MacPharlain","email":"amacpharlainc@loc.gov"},
{"nombre":"Boy","apellidos":"Birds","email":"bbirdsd@ameblo.jp"},
{"nombre":"Wren","apellidos":"Probin","email":"wprobine@wufoo.com"},
{"nombre":"Jeremias","apellidos":"Norcross","email":"jnorcrossf@thetimes.co.uk"},
{"nombre":"Junie","apellidos":"Rakestraw","email":"jrakestrawg@technorati.com"},
{"nombre":"Essie","apellidos":"Pheby","email":"ephebyh@dailymotion.com"},
{"nombre":"Bing","apellidos":"Orrey","email":"borreyi@printfriendly.com"},
{"nombre":"Adolph","apellidos":"Anfonsi","email":"aanfonsij@va.gov"},
{"nombre":"Dorey","apellidos":"Rizzotto","email":"drizzottok@nytimes.com"},
{"nombre":"Vachel","apellidos":"Dyerson","email":"vdyersonl@netvibes.com"},
{"nombre":"Lolly","apellidos":"Vasilov","email":"lvasilovm@dyndns.org"},
{"nombre":"Gusti","apellidos":"Zannotelli","email":"gzannotellin@jiathis.com"},
{"nombre":"Lu","apellidos":"Sweating","email":"lsweatingo@cyberchimps.com"},
{"nombre":"Baxy","apellidos":"Brehat","email":"bbrehatp@tuttocitta.it"},
{"nombre":"Alec","apellidos":"Bettesworth","email":"abettesworthq@whitehouse.gov"},
{"nombre":"Rodi","apellidos":"Coniff","email":"rconiffr@123-reg.co.uk"},
{"nombre":"Ewell","apellidos":"Lumpkin","email":"elumpkins@msu.edu"},
{"nombre":"Brynne","apellidos":"Hitter","email":"bhittert@goo.ne.jp"},
{"nombre":"Ariel","apellidos":"Middas","email":"amiddasu@google.com"},
{"nombre":"Rod","apellidos":"Jury","email":"rjuryv@mayoclinic.com"},
{"nombre":"Karin","apellidos":"Macy","email":"kmacyw@google.es"},
{"nombre":"Ed","apellidos":"Wolseley","email":"ewolseleyx@whitehouse.gov"},
{"nombre":"Aube","apellidos":"Kellick","email":"akellicky@ucla.edu"},
{"nombre":"Antonin","apellidos":"Josefs","email":"ajosefsz@seesaa.net"},
{"nombre":"Pammi","apellidos":"Coller","email":"pcoller10@indiatimes.com"},
{"nombre":"Adolf","apellidos":"Tiesman","email":"atiesman11@free.fr"},
{"nombre":"Bevan","apellidos":"Gannaway","email":"bgannaway12@dagondesign.com"},
{"nombre":"Cammy","apellidos":"McGurn","email":"cmcgurn13@hostgator.com"},
{"nombre":"Kent","apellidos":"Stabbins","email":"kstabbins14@free.fr"},
{"nombre":"Andonis","apellidos":"Eunson","email":"aeunson15@hibu.com"},
{"nombre":"Aubrey","apellidos":"Bringloe","email":"abringloe16@nbcnews.com"},
{"nombre":"Brod","apellidos":"Myford","email":"bmyford17@google.fr"},
{"nombre":"Terrell","apellidos":"Thomtson","email":"tthomtson18@ucoz.com"},
{"nombre":"Tamarra","apellidos":"Spinella","email":"tspinella19@google.co.jp"},
{"nombre":"Aron","apellidos":"Littlefield","email":"alittlefield1a@nymag.com"},
{"nombre":"Nicolas","apellidos":"Paffitt","email":"npaffitt1b@unc.edu"},
{"nombre":"Merridie","apellidos":"Kliemchen","email":"mkliemchen1c@biblegateway.com"},
{"nombre":"Marisa","apellidos":"Brunon","email":"mbrunon1d@scribd.com"},
{"nombre":"Phil","apellidos":"Horsburgh","email":"phorsburgh1e@businessinsider.com"},
{"nombre":"Florie","apellidos":"Orwin","email":"forwin1f@goo.ne.jp"},
{"nombre":"Nikolia","apellidos":"Fullerd","email":"nfullerd1g@last.fm"},
{"nombre":"Rayna","apellidos":"Salkild","email":"rsalkild1h@last.fm"},
{"nombre":"Ruy","apellidos":"Scorton","email":"rscorton1i@guardian.co.uk"},
{"nombre":"Jasper","apellidos":"Joris","email":"jjoris1j@posterous.com"},
{"nombre":"Rinaldo","apellidos":"Mersh","email":"rmersh1k@cnbc.com"},
{"nombre":"Sheeree","apellidos":"Brenard","email":"sbrenard1l@delicious.com"},
{"nombre":"Ranna","apellidos":"Coldrick","email":"rcoldrick1m@vkontakte.ru"},
{"nombre":"Martina","apellidos":"Klassmann","email":"mklassmann1n@ocn.ne.jp"},
{"nombre":"Marco","apellidos":"MacCaig","email":"mmaccaig1o@blinklist.com"},
{"nombre":"Jaime","apellidos":"Bartczak","email":"jbartczak1p@msu.edu"},
{"nombre":"Owen","apellidos":"Marjanovic","email":"omarjanovic1q@woothemes.com"},
{"nombre":"Kirsten","apellidos":"Boolsen","email":"kboolsen1r@google.nl"},
{"nombre":"Tiffy","apellidos":"Gorce","email":"tgorce1s@discovery.com"},
{"nombre":"Joshia","apellidos":"Whetton","email":"jwhetton1t@jimdo.com"},
{"nombre":"Claudina","apellidos":"Jeffels","email":"cjeffels1u@patch.com"},
{"nombre":"Verney","apellidos":"Whapham","email":"vwhapham1v@wiley.com"},
{"nombre":"Emmalynne","apellidos":"Winstanley","email":"ewinstanley1w@liveinternet.ru"},
{"nombre":"Edlin","apellidos":"Gilfoyle","email":"egilfoyle1x@pen.io"},
{"nombre":"Babette","apellidos":"Inott","email":"binott1y@redcross.org"},
{"nombre":"Jeno","apellidos":"Hayto","email":"jhayto1z@narod.ru"},
{"nombre":"Kale","apellidos":"Achrameev","email":"kachrameev20@usgs.gov"},
{"nombre":"Johann","apellidos":"Broszkiewicz","email":"jbroszkiewicz21@msn.com"},
{"nombre":"Teodoor","apellidos":"Di Biagio","email":"tdibiagio22@columbia.edu"},
{"nombre":"Chet","apellidos":"Mainland","email":"cmainland23@netvibes.com"},
{"nombre":"Krissie","apellidos":"Bellam","email":"kbellam24@google.com.br"},
{"nombre":"Analiese","apellidos":"Davydzenko","email":"adavydzenko25@earthlink.net"},
{"nombre":"Joli","apellidos":"Oldale","email":"joldale26@freewebs.com"},
{"nombre":"Edy","apellidos":"Shakespeare","email":"eshakespeare27@nsw.gov.au"},
{"nombre":"Dav","apellidos":"Phillimore","email":"dphillimore28@irs.gov"},
{"nombre":"Myles","apellidos":"Gingedale","email":"mgingedale29@goo.gl"},
{"nombre":"Christine","apellidos":"McIlharga","email":"cmcilharga2a@vistaprint.com"},
{"nombre":"Elliot","apellidos":"Tearney","email":"etearney2b@ning.com"},
{"nombre":"Rosella","apellidos":"Longfoot","email":"rlongfoot2c@smugmug.com"},
{"nombre":"Huberto","apellidos":"Grimsdike","email":"hgrimsdike2d@devhub.com"},
{"nombre":"Marcelline","apellidos":"Sawood","email":"msawood2e@yahoo.co.jp"},
{"nombre":"Zaneta","apellidos":"Lissenden","email":"zlissenden2f@meetup.com"},
{"nombre":"Violet","apellidos":"Barwell","email":"vbarwell2g@dell.com"},
{"nombre":"Betti","apellidos":"Tedman","email":"btedman2h@altervista.org"},
{"nombre":"Indira","apellidos":"Thorneley","email":"ithorneley2i@scribd.com"},
{"nombre":"Friedrick","apellidos":"Culp","email":"fculp2j@elpais.com"},
{"nombre":"Brooke","apellidos":"Curton","email":"bcurton2k@telegraph.co.uk"},
{"nombre":"Ole","apellidos":"Coursor","email":"ocoursor2l@berkeley.edu"},
{"nombre":"Kiley","apellidos":"Kille","email":"kkille2m@flickr.com"},
{"nombre":"Blondell","apellidos":"Connick","email":"bconnick2n@fc2.com"},
{"nombre":"Joyan","apellidos":"Hare","email":"jhare2o@people.com.cn"},
{"nombre":"Brice","apellidos":"Haysey","email":"bhaysey2p@desdev.cn"},
{"nombre":"Paulette","apellidos":"Poulsum","email":"ppoulsum2q@blogger.com"},
{"nombre":"Rasia","apellidos":"Brampton","email":"rbrampton2r@goodreads.com"},
{"nombre":"Raimundo","apellidos":"Heinschke","email":"rheinschke2s@shareasale.com"},
{"nombre":"Allayne","apellidos":"Silley","email":"asilley2t@google.com.br"},
{"nombre":"Fabien","apellidos":"Chatteris","email":"fchatteris2u@shutterfly.com"},
{"nombre":"Abram","apellidos":"Crighton","email":"acrighton2v@apple.com"},
{"nombre":"Eden","apellidos":"Goldman","email":"egoldman2w@bravesites.com"},
{"nombre":"Anderson","apellidos":"McGettrick","email":"amcgettrick2x@who.int"},
{"nombre":"Augustina","apellidos":"Bateson","email":"abateson2y@meetup.com"},
{"nombre":"Fred","apellidos":"Northover","email":"fnorthover2z@usgs.gov"},
{"nombre":"Petronille","apellidos":"Bringloe","email":"pbringloe30@elpais.com"},
{"nombre":"Carry","apellidos":"Shemilt","email":"cshemilt31@is.gd"},
{"nombre":"Alister","apellidos":"Blanden","email":"ablanden32@pbs.org"},
{"nombre":"Engracia","apellidos":"Andrelli","email":"eandrelli33@is.gd"},
{"nombre":"Demott","apellidos":"Jaquest","email":"djaquest34@apple.com"},
{"nombre":"Alfie","apellidos":"Feast","email":"afeast35@furl.net"},
{"nombre":"Pepi","apellidos":"Kippins","email":"pkippins36@blogtalkradio.com"},
{"nombre":"Ludwig","apellidos":"Gresham","email":"lgresham37@princeton.edu"},
{"nombre":"Annadiana","apellidos":"Zottoli","email":"azottoli38@cafepress.com"},
{"nombre":"Van","apellidos":"Torrecilla","email":"vtorrecilla39@fema.gov"},
{"nombre":"Zacharias","apellidos":"Brunone","email":"zbrunone3a@goo.ne.jp"},
{"nombre":"Petey","apellidos":"Dewhurst","email":"pdewhurst3b@indiatimes.com"},
{"nombre":"Hermia","apellidos":"Hovenden","email":"hhovenden3c@people.com.cn"},
{"nombre":"Aggie","apellidos":"Meers","email":"ameers3d@google.it"},
{"nombre":"Gan","apellidos":"Grinnov","email":"ggrinnov3e@cnet.com"},
{"nombre":"Artemas","apellidos":"McCreery","email":"amccreery3f@go.com"},
{"nombre":"Willamina","apellidos":"MacAirt","email":"wmacairt3g@msu.edu"},
{"nombre":"Rosana","apellidos":"Vigours","email":"rvigours3h@yolasite.com"},
{"nombre":"Leonardo","apellidos":"Brinson","email":"lbrinson3i@cam.ac.uk"},
{"nombre":"Marielle","apellidos":"Gerckens","email":"mgerckens3j@epa.gov"},
{"nombre":"Jesse","apellidos":"Jaffra","email":"jjaffra3k@studiopress.com"},
{"nombre":"Armin","apellidos":"Milsap","email":"amilsap3l@arizona.edu"},
{"nombre":"Basilius","apellidos":"Vasile","email":"bvasile3m@ted.com"},
{"nombre":"Trina","apellidos":"Strute","email":"tstrute3n@japanpost.jp"},
{"nombre":"Nani","apellidos":"Gibbard","email":"ngibbard3o@wisc.edu"},
{"nombre":"Trista","apellidos":"Scoone","email":"tscoone3p@alibaba.com"},
{"nombre":"Dean","apellidos":"Balharry","email":"dbalharry3q@ca.gov"},
{"nombre":"Paulie","apellidos":"Mawhinney","email":"pmawhinney3r@mayoclinic.com"},
{"nombre":"Perle","apellidos":"Hartup","email":"phartup3s@tinypic.com"},
{"nombre":"Jorey","apellidos":"Congdon","email":"jcongdon3t@uol.com.br"},
{"nombre":"Rodina","apellidos":"Sill","email":"rsill3u@princeton.edu"},
{"nombre":"Tami","apellidos":"Winters","email":"twinters3v@vimeo.com"},
{"nombre":"Linoel","apellidos":"Ollive","email":"lollive3w@adobe.com"},
{"nombre":"Leeland","apellidos":"Paulet","email":"lpaulet3x@webs.com"},
{"nombre":"Justine","apellidos":"Fruen","email":"jfruen3y@cbc.ca"},
{"nombre":"Sherm","apellidos":"McGorman","email":"smcgorman3z@nsw.gov.au"},
{"nombre":"Moselle","apellidos":"Kenworthey","email":"mkenworthey40@rakuten.co.jp"},
{"nombre":"Belinda","apellidos":"Gaucher","email":"bgaucher41@canalblog.com"},
{"nombre":"Orville","apellidos":"Barge","email":"obarge42@google.com"},
{"nombre":"Gilbertina","apellidos":"Binner","email":"gbinner43@smh.com.au"},
{"nombre":"Rheba","apellidos":"Salvidge","email":"rsalvidge44@arizona.edu"},
{"nombre":"Willy","apellidos":"Alyutin","email":"walyutin45@wiley.com"},
{"nombre":"Leslie","apellidos":"Gonning","email":"lgonning46@myspace.com"},
{"nombre":"Boris","apellidos":"Bassindale","email":"bbassindale47@deliciousdays.com"},
{"nombre":"Cornelius","apellidos":"Blesli","email":"cblesli48@clickbank.net"},
{"nombre":"Chico","apellidos":"Pavic","email":"cpavic49@ca.gov"},
{"nombre":"Poul","apellidos":"McCoole","email":"pmccoole4a@aol.com"},
{"nombre":"Georgeanna","apellidos":"Sehorsch","email":"gsehorsch4b@miitbeian.gov.cn"},
{"nombre":"Berrie","apellidos":"Pruckner","email":"bpruckner4c@facebook.com"},
{"nombre":"Kettie","apellidos":"Deeley","email":"kdeeley4d@ftc.gov"},
{"nombre":"Rozella","apellidos":"Barby","email":"rbarby4e@marketwatch.com"},
{"nombre":"Jany","apellidos":"McCarrick","email":"jmccarrick4f@blog.com"},
{"nombre":"Claudine","apellidos":"Dionisi","email":"cdionisi4g@e-recht24.de"},
{"nombre":"Aldrich","apellidos":"Ridesdale","email":"aridesdale4h@hatena.ne.jp"},
{"nombre":"Tony","apellidos":"Langham","email":"tlangham4i@digg.com"},
{"nombre":"Gordie","apellidos":"Shiels","email":"gshiels4j@list-manage.com"},
{"nombre":"Tammie","apellidos":"Masham","email":"tmasham4k@sun.com"},
{"nombre":"Sylvan","apellidos":"Chauvey","email":"schauvey4l@oakley.com"},
{"nombre":"Giffer","apellidos":"Goldsby","email":"ggoldsby4m@acquirethisname.com"},
{"nombre":"Emmy","apellidos":"Bremmer","email":"ebremmer4n@bbc.co.uk"},
{"nombre":"Joseph","apellidos":"Horstead","email":"jhorstead4o@biblegateway.com"},
{"nombre":"Natalie","apellidos":"Mahaddie","email":"nmahaddie4p@diigo.com"},
{"nombre":"Horst","apellidos":"Aspinall","email":"haspinall4q@furl.net"},
{"nombre":"Abdel","apellidos":"Jamson","email":"ajamson4r@dyndns.org"},
{"nombre":"Arthur","apellidos":"Thairs","email":"athairs4s@1688.com"},
{"nombre":"Townsend","apellidos":"Hamfleet","email":"thamfleet4t@scientificamerican.com"},
{"nombre":"Fax","apellidos":"O'Mailey","email":"fomailey4u@state.gov"},
{"nombre":"Samaria","apellidos":"Weall","email":"sweall4v@livejournal.com"},
{"nombre":"Lindon","apellidos":"Bagshawe","email":"lbagshawe4w@home.pl"},
{"nombre":"Pauli","apellidos":"Wing","email":"pwing4x@npr.org"},
{"nombre":"Virginia","apellidos":"Swoffer","email":"vswoffer4y@ovh.net"},
{"nombre":"Wheeler","apellidos":"Satterthwaite","email":"wsatterthwaite4z@sciencedirect.com"},
{"nombre":"Marie-ann","apellidos":"Le Monnier","email":"mlemonnier50@163.com"},
{"nombre":"Sukey","apellidos":"Kubis","email":"skubis51@furl.net"},
{"nombre":"Melessa","apellidos":"Bummfrey","email":"mbummfrey52@elpais.com"},
{"nombre":"Ruby","apellidos":"Godwyn","email":"rgodwyn53@sun.com"},
{"nombre":"Lavena","apellidos":"Muncey","email":"lmuncey54@parallels.com"},
{"nombre":"Brockie","apellidos":"Meekings","email":"bmeekings55@nhs.uk"},
{"nombre":"Duky","apellidos":"McGlaughn","email":"dmcglaughn56@bizjournals.com"},
{"nombre":"Eliot","apellidos":"Gueny","email":"egueny57@uol.com.br"},
{"nombre":"Riva","apellidos":"Wollard","email":"rwollard58@de.vu"},
{"nombre":"Bastian","apellidos":"Stangroom","email":"bstangroom59@timesonline.co.uk"},
{"nombre":"Boigie","apellidos":"Gummoe","email":"bgummoe5a@wikispaces.com"},
{"nombre":"Gwyn","apellidos":"Rizzi","email":"grizzi5b@virginia.edu"},
{"nombre":"Barthel","apellidos":"Antonich","email":"bantonich5c@huffingtonpost.com"},
{"nombre":"Yolanthe","apellidos":"Lamkin","email":"ylamkin5d@deviantart.com"},
{"nombre":"Armstrong","apellidos":"Dunbobin","email":"adunbobin5e@statcounter.com"},
{"nombre":"Letti","apellidos":"Bracchi","email":"lbracchi5f@dagondesign.com"},
{"nombre":"Layne","apellidos":"Godfery","email":"lgodfery5g@shutterfly.com"},
{"nombre":"Mirabelle","apellidos":"Hearns","email":"mhearns5h@washingtonpost.com"},
{"nombre":"Guy","apellidos":"Jagiello","email":"gjagiello5i@mashable.com"},
{"nombre":"Teddie","apellidos":"Andrzej","email":"tandrzej5j@yolasite.com"}]