
[
  {
    "id": "#61842715",
    "email": "pcharette0@msn.com",
    "nombre": "Priscella"
  },
  {
    "id": "#90819324",
    "email": "mhumbles1@utexas.edu",
    "nombre": "Martica"
  },
  {
    "id": "#25076938",
    "email": "qpeach2@globo.com",
    "nombre": "Quint"
  },
  {
    "id": "#67952845",
    "email": "cgoodread3@va.gov",
    "nombre": "Carole"
  },
  {
    "id": "#14718659",
    "email": "cbrafield4@soundcloud.com",
    "nombre": "Cris"
  },
  {
    "id": "#83912657",
    "email": "gdinwoodie5@aboutads.info",
    "nombre": "Glenine"
  },
  {
    "id": "#63718295",
    "email": "ralasdair6@gnu.org",
    "nombre": "Rodrique"
  },
  {
    "id": "#32957418",
    "email": "adavitt7@whitehouse.gov",
    "nombre": "Alene"
  },
  {
    "id": "#46589273",
    "email": "freynolds8@issuu.com",
    "nombre": "Francyne"
  },
  {
    "id": "#72956318",
    "email": "mhosby9@friendfeed.com",
    "nombre": "Marcos"
  },
  {
    "id": "#95628347",
    "email": "blethburya@blinklist.com",
    "nombre": "Becki"
  },
  {
    "id": "#73156928",
    "email": "jhavickb@wsj.com",
    "nombre": "Julie"
  },
  {
    "id": "#87432951",
    "email": "jsillsc@wikispaces.com",
    "nombre": "Joshia"
  },
  {
    "id": "#16734829",
    "email": "smckeeverd@ihg.com",
    "nombre": "Sherye"
  },
  {
    "id": "#58792416",
    "email": "bthomazine@netlog.com",
    "nombre": "Bibby"
  },
  {
    "id": "#74512836",
    "email": "ghaxbyf@globo.com",
    "nombre": "Greta"
  },
  {
    "id": "#82374516",
    "email": "dbaxstarg@nytimes.com",
    "nombre": "Dallis"
  },
  {
    "id": "#64731582",
    "email": "spoyzerh@vimeo.com",
    "nombre": "Shannan"
  },
  {
    "id": "#21439586",
    "email": "sorsii@census.gov",
    "nombre": "Saloma"
  },
  {
    "id": "#34827659",
    "email": "cstathorj@infoseek.co.jp",
    "nombre": "Clementina"
  },
  {
    "id": "#93182756",
    "email": "rfraczakk@ovh.net",
    "nombre": "Raddy"
  },
  {
    "id": "#24518973",
    "email": "jhachettel@prlog.org",
    "nombre": "Jae"
  },
  {
    "id": "#89653124",
    "email": "cshovelm@furl.net",
    "nombre": "Constantia"
  },
  {
    "id": "#67254138",
    "email": "rcarlessn@scientificamerican.com",
    "nombre": "Robina"
  },
  {
    "id": "#52893741",
    "email": "alehrahano@creativecommons.org",
    "nombre": "Anna-maria"
  },
  {
    "id": "#29785613",
    "email": "tdowningp@spotify.com",
    "nombre": "Theodosia"
  },
  {
    "id": "#48136925",
    "email": "mrowstonq@whitehouse.gov",
    "nombre": "Madelon"
  },
  {
    "id": "#75629314",
    "email": "lfairtloughr@auda.org.au",
    "nombre": "Llywellyn"
  },
  {
    "id": "#38416759",
    "email": "eabyss@statcounter.com",
    "nombre": "Eli"
  },
  {
    "id": "#69215348",
    "email": "sbiltont@xrea.com",
    "nombre": "Sheilakathryn"
  },
  {
    "id": "#13685927",
    "email": "wdackombeu@vk.com",
    "nombre": "Woody"
  },
  {
    "id": "#97235681",
    "email": "rcorsonv@hexun.com",
    "nombre": "Randi"
  },
  {
    "id": "#74531968",
    "email": "vhindhaughw@smugmug.com",
    "nombre": "Vania"
  },
  {
    "id": "#31964827",
    "email": "kpearseyx@php.net",
    "nombre": "Karola"
  },
  {
    "id": "#52871943",
    "email": "aleemany@canalblog.com",
    "nombre": "Adrianne"
  },
  {
    "id": "#61397485",
    "email": "ewoganz@twitpic.com",
    "nombre": "Even"
  },
  {
    "id": "#84375219",
    "email": "mmerriment10@ox.ac.uk",
    "nombre": "Min"
  },
  {
    "id": "#57219638",
    "email": "bbentame11@cnbc.com",
    "nombre": "Bettye"
  },
  {
    "id": "#98231647",
    "email": "ufurmedge12@about.com",
    "nombre": "Udale"
  },
  {
    "id": "#46739125",
    "email": "ccarroll13@economist.com",
    "nombre": "Christoper"
  },
  {
    "id": "#15286934",
    "email": "mjohncey14@sakura.ne.jp",
    "nombre": "Melissa"
  },
  {
    "id": "#67259183",
    "email": "nrozycki15@nytimes.com",
    "nombre": "Norina"
  },
  {
    "id": "#34568912",
    "email": "mmckinnell16@hud.gov",
    "nombre": "Mimi"
  },
  {
    "id": "#91684725",
    "email": "aleacock17@de.vu",
    "nombre": "Anthony"
  },
  {
    "id": "#26759384",
    "email": "mbarthelmes18@hp.com",
    "nombre": "Maxy"
  },
  {
    "id": "#59284736",
    "email": "hhaddow19@blogspot.com",
    "nombre": "Haven"
  },
  {
    "id": "#78519462",
    "email": "cdufaur1a@edublogs.org",
    "nombre": "Carlin"
  },
  {
    "id": "#43987621",
    "email": "pfargie1b@psu.edu",
    "nombre": "Petronella"
  },
  {
    "id": "#62813479",
    "email": "slamberth1c@sitemeter.com",
    "nombre": "Shurlock"
  },
  {
    "id": "#21498736",
    "email": "eblumer1d@bloglines.com",
    "nombre": "Etti"
  },
  {
    "id": "#58367412",
    "email": "anesfield1e@nydailynews.com",
    "nombre": "Annadiane"
  },
  {
    "id": "#97615423",
    "email": "cmate1f@creativecommons.org",
    "nombre": "Cally"
  },
  {
    "id": "#72934856",
    "email": "rcordero1g@jalbum.net",
    "nombre": "Rani"
  },
  {
    "id": "#38576129",
    "email": "erymmer1h@google.ru",
    "nombre": "Enrika"
  },
  {
    "id": "#97651482",
    "email": "mdurrance1i@bing.com",
    "nombre": "Mitchel"
  },
  {
    "id": "#31842765",
    "email": "mhaggath1j@earthlink.net",
    "nombre": "Milicent"
  },
  {
    "id": "#63457921",
    "email": "bthreader1k@list-manage.com",
    "nombre": "Ben"
  },
  {
    "id": "#45819732",
    "email": "lpittham1l@discovery.com",
    "nombre": "Lee"
  },
  {
    "id": "#21638974",
    "email": "mquant1m@yellowbook.com",
    "nombre": "Magdaia"
  },
  {
    "id": "#57843269",
    "email": "dmeikle1n@google.co.uk",
    "nombre": "Dominga"
  },
  {
    "id": "#84769513",
    "email": "lolenchenko1o@nymag.com",
    "nombre": "Laurie"
  },
  {
    "id": "#32649857",
    "email": "latherley1p@example.com",
    "nombre": "Lamar"
  },
  {
    "id": "#92156834",
    "email": "vbeeho1q@amazon.com",
    "nombre": "Vinni"
  },
  {
    "id": "#73824169",
    "email": "rfivey1r@earthlink.net",
    "nombre": "Ree"
  },
  {
    "id": "#48915762",
    "email": "dsmee1s@dedecms.com",
    "nombre": "Daryl"
  },
  {
    "id": "#61432987",
    "email": "hbarr1t@dagondesign.com",
    "nombre": "Harmon"
  },
  {
    "id": "#37549218",
    "email": "vpanchen1u@time.com",
    "nombre": "Vida"
  },
  {
    "id": "#92756841",
    "email": "solander1v@phpbb.com",
    "nombre": "Sisile"
  },
  {
    "id": "#58173649",
    "email": "gconrard1w@patch.com",
    "nombre": "Garland"
  },
  {
    "id": "#69418527",
    "email": "maudrey1x@webnode.com",
    "nombre": "Marcia"
  },
  {
    "id": "#23847916",
    "email": "bsorrel1y@pbs.org",
    "nombre": "Blakeley"
  },
  {
    "id": "#81972563",
    "email": "mgoodbarr1z@ucsd.edu",
    "nombre": "Mendy"
  },
  {
    "id": "#47693158",
    "email": "lducarme20@comsenz.com",
    "nombre": "Lazare"
  },
  {
    "id": "#35216984",
    "email": "atoffolini21@surveymonkey.com",
    "nombre": "Ambrosio"
  },
  {
    "id": "#69438512",
    "email": "cbramer22@istockphoto.com",
    "nombre": "Cazzie"
  },
  {
    "id": "#12874639",
    "email": "rkeeley23@tripod.com",
    "nombre": "Raddie"
  },
  {
    "id": "#45961387",
    "email": "mmacquarrie24@blogspot.com",
    "nombre": "Melvin"
  },
  {
    "id": "#78153926",
    "email": "mrablan25@jigsy.com",
    "nombre": "Marv"
  },
  {
    "id": "#27395168",
    "email": "mtroy26@over-blog.com",
    "nombre": "Morten"
  },
  {
    "id": "#96518427",
    "email": "kboylund27@last.fm",
    "nombre": "Kristel"
  },
  {
    "id": "#73184629",
    "email": "rroderick28@ning.com",
    "nombre": "Reggie"
  },
  {
    "id": "#54128973",
    "email": "ltite29@squidoo.com",
    "nombre": "Latisha"
  },
  {
    "id": "#63719482",
    "email": "agoulston2a@omniture.com",
    "nombre": "Anabelle"
  },
  {
    "id": "#32978456",
    "email": "tclyburn2b@unc.edu",
    "nombre": "Thaddus"
  },
  {
    "id": "#19827453",
    "email": "hmelmore2c@blinklist.com",
    "nombre": "Hestia"
  },
  {
    "id": "#58437126",
    "email": "amechell2d@live.com",
    "nombre": "Austin"
  },
  {
    "id": "#72693814",
    "email": "pforce2e@hugedomains.com",
    "nombre": "Peta"
  },
  {
    "id": "#49816725",
    "email": "adonise2f@tinyurl.com",
    "nombre": "Aloysia"
  },
  {
    "id": "#31985746",
    "email": "kjacques2g@jigsy.com",
    "nombre": "Korey"
  },
  {
    "id": "#74561983",
    "email": "dmatts2h@cbslocal.com",
    "nombre": "Dalston"
  },
  {
    "id": "#57812394",
    "email": "mskahill2i@nymag.com",
    "nombre": "Mead"
  },
  {
    "id": "#92684753",
    "email": "kclaussen2j@techcrunch.com",
    "nombre": "Kleon"
  },
  {
    "id": "#68173429",
    "email": "mdilon2k@tinypic.com",
    "nombre": "Merrielle"
  },
  {
    "id": "#32756894",
    "email": "ncuesta2l@t-online.de",
    "nombre": "Nonna"
  },
  {
    "id": "#61842715",
    "email": "jewers2m@slashdot.org",
    "nombre": "Jarrid"
  },
  {
    "id": "#90819324",
    "email": "cwheal2n@hhs.gov",
    "nombre": "Cristi"
  },
  {
    "id": "#25076938",
    "email": "obeall2o@studiopress.com",
    "nombre": "Ortensia"
  },
  {
    "id": "#67952845",
    "email": "hboyett2p@ebay.co.uk",
    "nombre": "Harbert"
  },
  {
    "id": "#14718659",
    "email": "cserrier2q@clickbank.net",
    "nombre": "Cindee"
  },
  {
    "id": "#83912657",
    "email": "gcotherill2r@sina.com.cn",
    "nombre": "Gene"
  }]
